engine_id,cycle,true_RUL,pred_RUL_lstm,pred_RUL_weibull
0.0,0.29629629629638365,75.0,78.76723,205.47720133133976
0.0,0.6074074074074012,74.0,75.03346,205.47720133133976
0.0,0.01481481481480234,73.0,72.72695,205.47720133133976
0.0,-0.14814814814819183,72.0,69.9915,205.47720133133976
0.0,0.6222222222222035,71.0,68.29351,205.47720133133976
0.0,0.8888888888889824,70.0,64.53018,205.47720133133976
0.0,0.355555555555593,69.0,63.882923,205.47720133133976
0.0,-0.8888888888889824,131.0,113.332184,205.47720133133976
0.0,-0.8888888888889824,130.0,116.08304,205.47720133133976
0.0,-0.1777777777777965,129.0,115.34343,205.47720133133976
0.0,-0.7851851851851976,128.0,115.15704,205.47720133133976
0.0,0.1037037037037848,127.0,112.95327,205.47720133133976
0.0,-0.6074074074074012,126.0,111.08757,205.47720133133976
0.0,-0.6666666666666106,125.0,106.69852,205.47720133133976
0.0,-1.0222222222222035,124.0,106.025604,205.47720133133976
0.0,-0.26666666666661054,123.0,105.10098,205.47720133133976
0.0,-0.844444444444407,122.0,106.58717,205.47720133133976
0.0,-0.6074074074074012,121.0,106.057175,205.47720133133976
0.0,-0.8740740740741801,120.0,104.79669,205.47720133133976
0.0,-0.42962962962960466,119.0,101.206696,205.47720133133976
0.0,-0.5629629629629942,118.0,103.05463,205.47720133133976
0.0,-1.422222222222372,117.0,105.810486,205.47720133133976
0.0,-0.711111111111186,116.0,110.57855,205.47720133133976
0.0,-0.5037037037037848,115.0,110.6346,205.47720133133976
0.0,-0.5185185185185871,114.0,110.218445,205.47720133133976
0.0,-0.8,113.0,111.028336,205.47720133133976
0.0,-0.2962962962962152,112.0,112.897736,205.47720133133976
0.0,-0.7703703703703954,111.0,116.51,205.47720133133976
0.0,0.16296296296299415,110.0,111.86899,205.47720133133976
0.0,0.2518518518518082,109.0,109.01144,205.47720133133976
0.0,-0.34074074074079064,108.0,108.37567,205.47720133133976
0.0,-0.16296296296299415,107.0,106.318695,205.47720133133976
0.0,-0.8592592592593777,106.0,105.10129,205.47720133133976
0.0,-0.9777777777777965,105.0,106.11296,205.47720133133976
0.0,0.20740740740740116,104.0,104.23509,205.47720133133976
0.0,-0.9037037037037848,103.0,103.201126,205.47720133133976
0.0,-1.2148148148148024,102.0,106.126625,205.47720133133976
0.0,-0.02962962962960468,101.0,103.90564,205.47720133133976
0.0,-0.2518518518518082,100.0,107.77702,205.47720133133976
0.0,-1.5851851851851977,99.0,108.107925,205.47720133133976
0.0,0.4444444444445754,98.0,107.42394,205.47720133133976
0.0,-0.844444444444407,97.0,108.897964,205.47720133133976
0.0,-0.5185185185185871,96.0,109.02165,205.47720133133976
0.0,-1.0518518518519766,95.0,110.50696,205.47720133133976
0.0,-1.007407407407401,94.0,111.416336,205.47720133133976
0.0,-0.05925925925920936,93.0,108.69652,205.47720133133976
0.0,-0.2222222222222035,92.0,105.99695,205.47720133133976
0.0,-0.8,91.0,102.488365,205.47720133133976
0.0,-0.26666666666661054,141.0,98.80776,205.47720133133976
0.0,-0.2222222222222035,140.0,101.16046,205.47720133133976
0.0,0.355555555555593,139.0,97.79999,205.47720133133976
0.0,0.3851851851851977,138.0,96.07324,205.47720133133976
0.0,-1.1703703703703954,137.0,96.11692,205.47720133133976
0.0,0.6814814814815813,136.0,97.41145,205.47720133133976
0.0,0.02962962962960468,135.0,97.02754,205.47720133133976
0.0,0.2518518518518082,134.0,97.07797,205.47720133133976
0.0,0.5925925925925988,133.0,98.0027,205.47720133133976
0.0,-0.5629629629629942,132.0,94.70775,205.47720133133976
0.0,-0.08888888888881404,131.0,91.61984,205.47720133133976
0.0,-0.19259259259259884,130.0,91.89693,205.47720133133976
0.0,0.34074074074079064,129.0,93.36037,205.47720133133976
0.0,-0.4148148148148023,128.0,90.58786,205.47720133133976
0.0,0.19259259259259884,127.0,88.94886,205.47720133133976
0.0,-0.02962962962960468,126.0,90.7216,205.47720133133976
0.0,-0.14814814814819183,125.0,86.002914,205.47720133133976
0.0,0.4740740740741801,124.0,84.474525,205.47720133133976
0.0,0.4592592592593778,123.0,83.37213,205.47720133133976
0.0,-0.2222222222222035,122.0,82.196976,205.47720133133976
0.0,-0.10370370370361637,121.0,77.66377,205.47720133133976
0.0,-0.444444444444407,120.0,77.345474,205.47720133133976
0.0,-0.7703703703703954,119.0,82.998795,205.47720133133976
0.0,0.16296296296299415,118.0,84.13831,205.47720133133976
0.0,-0.2814814814814129,117.0,83.2185,205.47720133133976
0.0,-0.20740740740740116,116.0,78.12138,205.47720133133976
0.0,-0.2222222222222035,115.0,81.00463,205.47720133133976
0.0,0.02962962962960468,114.0,83.797066,205.47720133133976
0.0,-0.2518518518518082,113.0,88.71555,205.47720133133976
0.0,-0.5037037037037848,112.0,86.73672,205.47720133133976
0.0,-0.6666666666666106,111.0,88.46833,205.47720133133976
0.0,-0.31111111111118595,110.0,86.5264,205.47720133133976
0.0,0.13333333333338948,109.0,84.814865,205.47720133133976
0.0,-0.1777777777777965,108.0,85.47892,205.47720133133976
0.0,-0.10370370370361637,107.0,83.94908,205.47720133133976
0.0,-0.23703703703700585,106.0,84.26427,205.47720133133976
0.0,-0.5777777777777965,105.0,86.86798,205.47720133133976
0.0,0.01481481481480234,104.0,79.02649,205.47720133133976
0.0,0.01481481481480234,103.0,78.78071,205.47720133133976
0.0,-0.2814814814814129,102.0,82.458046,205.47720133133976
0.0,0.11851851851858713,101.0,79.36357,205.47720133133976
0.0,0.34074074074079064,100.0,79.62425,205.47720133133976
0.0,0.4148148148148023,99.0,79.23199,205.47720133133976
0.0,0.4740740740741801,98.0,79.10492,205.47720133133976
0.0,0.1037037037037848,97.0,80.81222,205.47720133133976
0.0,0.9333333333333895,96.0,79.40991,205.47720133133976
0.0,-0.07407407407401169,95.0,75.99466,205.47720133133976
0.0,-1.007407407407401,168.0,147.34503,205.47720133133976
0.0,-0.6074074074074012,167.0,149.31964,205.47720133133976
0.0,-0.8740740740741801,166.0,151.94637,205.47720133133976
0.0,-1.0962962962963836,165.0,156.00674,205.47720133133976
0.0,-0.6962962962963837,164.0,155.47672,205.47720133133976
0.0,0.05925925925920936,163.0,154.15863,205.47720133133976
0.0,-1.2444444444445755,162.0,155.85786,205.47720133133976
0.0,-0.2962962962962152,161.0,156.31934,205.47720133133976
0.0,-0.6222222222222035,160.0,159.18748,205.47720133133976
0.0,0.4592592592593778,159.0,156.8122,205.47720133133976
0.0,0.4740740740741801,158.0,160.17297,205.47720133133976
0.0,-0.1777777777777965,157.0,160.21774,205.47720133133976
0.0,-0.04444444444440702,156.0,154.96924,205.47720133133976
0.0,-0.9925925925925988,155.0,153.72038,205.47720133133976
0.0,0.05925925925920936,154.0,151.88174,205.47720133133976
0.0,-0.16296296296299415,153.0,151.68439,205.47720133133976
0.0,-0.9481481481481918,152.0,150.88712,205.47720133133976
0.0,-0.8592592592593777,151.0,151.87994,205.47720133133976
0.0,-0.6370370370370059,150.0,153.8713,205.47720133133976
0.0,-0.45925925925920935,149.0,153.5849,205.47720133133976
0.0,0.08888888888898246,148.0,152.7785,205.47720133133976
0.0,-1.2,147.0,152.0492,205.47720133133976
0.0,-0.9333333333333895,146.0,150.78326,205.47720133133976
0.0,-0.6222222222222035,145.0,152.67853,205.47720133133976
0.0,-0.5481481481481918,144.0,155.4238,205.47720133133976
0.0,-0.19259259259259884,143.0,157.88416,205.47720133133976
0.0,-1.066666666666779,142.0,162.49625,205.47720133133976
0.0,-0.19259259259259884,141.0,160.81216,205.47720133133976
0.0,-0.04444444444440702,140.0,164.92215,205.47720133133976
0.0,-1.1703703703703954,139.0,165.2689,205.47720133133976
0.0,0.34074074074079064,138.0,156.49748,205.47720133133976
0.0,-1.27407407407418,137.0,161.01299,205.47720133133976
0.0,-0.6962962962963837,136.0,156.72404,205.47720133133976
0.0,-0.42962962962960466,135.0,153.31863,205.47720133133976
0.0,-0.23703703703700585,134.0,151.29141,205.47720133133976
0.0,-0.08888888888881404,133.0,150.54205,205.47720133133976
0.0,-0.6518518518518082,132.0,151.51717,205.47720133133976
0.0,-0.7703703703703954,131.0,146.78415,205.47720133133976
0.0,-0.07407407407401169,130.0,147.15906,205.47720133133976
0.0,-0.8592592592593777,129.0,148.8863,205.47720133133976
0.0,-0.3259259259259883,128.0,143.91437,205.47720133133976
0.0,-0.2962962962962152,127.0,138.37009,205.47720133133976
0.0,-0.2814814814814129,126.0,137.34534,205.47720133133976
0.0,-0.444444444444407,125.0,137.81909,205.47720133133976
0.0,-0.4,124.0,134.62039,205.47720133133976
0.0,-0.4,123.0,133.18779,205.47720133133976
0.0,-0.6962962962963837,122.0,133.93495,205.47720133133976
0.0,-0.2962962962962152,121.0,129.29762,205.47720133133976
0.0,0.8592592592593777,120.0,124.37967,205.47720133133976
0.0,0.04444444444440702,119.0,122.95033,205.47720133133976
0.0,-0.1777777777777965,118.0,115.14979,205.47720133133976
0.0,-0.14814814814819183,117.0,113.93724,205.47720133133976
0.0,-1.066666666666779,116.0,111.38414,205.47720133133976
0.0,0.7407407407407907,115.0,109.59658,205.47720133133976
0.0,-0.19259259259259884,114.0,108.681015,205.47720133133976
0.0,0.355555555555593,113.0,103.99904,205.47720133133976
0.0,-0.8296296296296046,112.0,110.42074,205.47720133133976
0.0,0.02962962962960468,111.0,103.964874,205.47720133133976
0.0,-0.8888888888889824,110.0,109.564476,205.47720133133976
0.0,-0.05925925925920936,109.0,110.84381,205.47720133133976
0.0,0.31111111111118595,108.0,105.19667,205.47720133133976
0.0,0.04444444444440702,107.0,108.882675,205.47720133133976
0.0,-0.8740740740741801,106.0,108.129654,205.47720133133976
0.0,-0.7407407407407907,105.0,101.69011,205.47720133133976
0.0,0.0,104.0,104.3487,205.47720133133976
0.0,-1.3037037037037849,103.0,102.34571,205.47720133133976
0.0,-0.2962962962962152,102.0,99.49564,205.47720133133976
0.0,-0.14814814814819183,101.0,93.69757,205.47720133133976
0.0,0.6370370370371743,100.0,95.74293,205.47720133133976
0.0,0.01481481481480234,99.0,90.02069,205.47720133133976
0.0,0.1777777777777965,98.0,93.89238,205.47720133133976
0.0,-0.19259259259259884,97.0,96.07629,205.47720133133976
0.0,0.5333333333333895,96.0,93.3357,205.47720133133976
0.0,-0.9629629629629941,221.0,145.12231,205.47720133133976
0.0,-0.6962962962963837,220.0,145.30402,205.47720133133976
0.0,-0.01481481481480234,219.0,143.06363,205.47720133133976
0.0,-0.5777777777777965,218.0,143.01546,205.47720133133976
0.0,-0.2814814814814129,217.0,142.05832,205.47720133133976
0.0,0.3851851851851977,216.0,141.49445,205.47720133133976
0.0,-0.9481481481481918,215.0,141.82916,205.47720133133976
0.0,-0.355555555555593,214.0,143.34686,205.47720133133976
0.0,-0.9333333333333895,213.0,143.01495,205.47720133133976
0.0,-0.07407407407401169,212.0,140.00806,205.47720133133976
0.0,-0.19259259259259884,211.0,137.824,205.47720133133976
0.0,-1.037037037037006,210.0,139.01892,205.47720133133976
0.0,-1.2148148148148024,209.0,138.35295,205.47720133133976
0.0,-1.8370370370371742,208.0,138.6662,205.47720133133976
0.0,-0.844444444444407,207.0,139.51134,205.47720133133976
0.0,-0.4148148148148023,206.0,140.3876,205.47720133133976
0.0,-0.2222222222222035,205.0,139.24861,205.47720133133976
0.0,-0.31111111111118595,204.0,139.04214,205.47720133133976
0.0,-0.711111111111186,203.0,135.1496,205.47720133133976
0.0,-1.3777777777777964,202.0,131.84091,205.47720133133976
0.0,-0.355555555555593,201.0,132.42184,205.47720133133976
0.0,0.1777777777777965,200.0,130.48218,205.47720133133976
0.0,-1.229629629629773,199.0,132.45291,205.47720133133976
0.0,-0.5185185185185871,198.0,129.07516,205.47720133133976
0.0,-0.5629629629629942,197.0,130.22427,205.47720133133976
0.0,-1.066666666666779,196.0,126.75926,205.47720133133976
0.0,0.07407407407418012,195.0,124.585556,205.47720133133976
0.0,-0.6370370370370059,194.0,120.14784,205.47720133133976
0.0,-0.7703703703703954,193.0,117.11941,205.47720133133976
0.0,0.2814814814815813,192.0,114.099464,205.47720133133976
0.0,-1.0222222222222035,191.0,113.12807,205.47720133133976
0.0,-0.355555555555593,190.0,115.09021,205.47720133133976
0.0,-0.6666666666666106,189.0,110.47305,205.47720133133976
0.0,-0.2222222222222035,188.0,111.72581,205.47720133133976
0.0,-0.34074074074079064,187.0,114.49072,205.47720133133976
0.0,-0.45925925925920935,186.0,116.87339,205.47720133133976
0.0,0.01481481481480234,185.0,117.49839,205.47720133133976
0.0,0.1777777777777965,184.0,118.13309,205.47720133133976
0.0,0.4592592592593778,183.0,114.95248,205.47720133133976
0.0,-0.8148148148148023,182.0,117.118866,205.47720133133976
0.0,-0.8,181.0,120.03728,205.47720133133976
0.0,-0.2814814814814129,180.0,116.58481,205.47720133133976
0.0,-1.155555555555593,179.0,117.038666,205.47720133133976
0.0,-0.45925925925920935,178.0,119.44751,205.47720133133976
0.0,-0.45925925925920935,177.0,116.19658,205.47720133133976
0.0,0.04444444444440702,176.0,118.24881,205.47720133133976
0.0,-0.42962962962960466,175.0,116.45486,205.47720133133976
0.0,-1.066666666666779,174.0,118.9234,205.47720133133976
0.0,0.08888888888898246,173.0,118.08952,205.47720133133976
0.0,-0.6370370370370059,172.0,119.752014,205.47720133133976
0.0,-0.4,171.0,122.5564,205.47720133133976
0.0,-0.37037037037039533,170.0,122.759926,205.47720133133976
0.0,-0.4,169.0,124.63837,205.47720133133976
0.0,-0.11851851851858713,168.0,125.97835,205.47720133133976
0.0,-0.4148148148148023,167.0,125.76024,205.47720133133976
0.0,-1.1851851851851976,166.0,126.71928,205.47720133133976
0.0,0.07407407407418012,165.0,129.80618,205.47720133133976
0.0,-1.27407407407418,164.0,132.37665,205.47720133133976
0.0,-0.23703703703700585,163.0,136.48141,205.47720133133976
0.0,-0.5185185185185871,162.0,141.45526,205.47720133133976
0.0,-1.2444444444445755,161.0,142.58401,205.47720133133976
0.0,-0.2962962962962152,160.0,143.0795,205.47720133133976
0.0,0.2814814814815813,159.0,143.06525,205.47720133133976
0.0,-0.8888888888889824,158.0,141.27852,205.47720133133976
0.0,-0.4,157.0,140.54242,205.47720133133976
0.0,0.19259259259259884,156.0,138.51862,205.47720133133976
0.0,0.1777777777777965,155.0,137.97491,205.47720133133976
0.0,-1.318518518518587,154.0,139.17383,205.47720133133976
0.0,0.1777777777777965,153.0,136.36029,205.47720133133976
0.0,0.755555555555593,152.0,134.53061,205.47720133133976
0.0,0.11851851851858713,151.0,130.55319,205.47720133133976
0.0,-0.7407407407407907,150.0,132.22723,205.47720133133976
0.0,-0.2962962962962152,149.0,126.904106,205.47720133133976
0.0,-1.0962962962963836,148.0,125.65106,205.47720133133976
0.0,0.02962962962960468,147.0,117.54146,205.47720133133976
0.0,0.1777777777777965,146.0,112.34764,205.47720133133976
0.0,0.8888888888889824,145.0,109.90326,205.47720133133976
0.0,-0.1777777777777965,144.0,109.09581,205.47720133133976
0.0,-0.4740740740740117,143.0,107.50069,205.47720133133976
0.0,-0.444444444444407,142.0,108.09837,205.47720133133976
0.0,-0.7851851851851976,141.0,106.68141,205.47720133133976
0.0,-0.9925925925925988,140.0,109.82911,205.47720133133976
0.0,0.11851851851858713,139.0,107.26091,205.47720133133976
0.0,-0.48888888888898246,138.0,107.25546,205.47720133133976
0.0,-0.13333333333338948,137.0,105.279755,205.47720133133976
0.0,-0.42962962962960466,136.0,101.06595,205.47720133133976
0.0,-0.444444444444407,135.0,101.244125,205.47720133133976
0.0,-0.07407407407401169,134.0,101.67098,205.47720133133976
0.0,-0.04444444444440702,133.0,101.08713,205.47720133133976
0.0,-0.2222222222222035,132.0,102.85415,205.47720133133976
0.0,-0.3259259259259883,131.0,106.91046,205.47720133133976
0.0,0.04444444444440702,130.0,105.691025,205.47720133133976
0.0,-0.355555555555593,129.0,101.53575,205.47720133133976
0.0,-0.5333333333333895,128.0,102.80332,205.47720133133976
0.0,-0.26666666666661054,127.0,97.56091,205.47720133133976
0.0,0.2518518518518082,126.0,95.19676,205.47720133133976
0.0,-0.8148148148148023,125.0,95.63282,205.47720133133976
0.0,-0.07407407407401169,124.0,89.06352,205.47720133133976
0.0,-0.8,170.0,165.40652,205.47720133133976
0.0,-0.9481481481481918,169.0,166.64017,205.47720133133976
0.0,-0.844444444444407,168.0,168.03769,205.47720133133976
0.0,-0.5185185185185871,167.0,172.91592,205.47720133133976
0.0,-0.7407407407407907,166.0,164.03577,205.47720133133976
0.0,-0.48888888888898246,165.0,160.59872,205.47720133133976
0.0,-0.8592592592593777,164.0,157.27353,205.47720133133976
0.0,-0.711111111111186,163.0,163.17938,205.47720133133976
0.0,-0.5185185185185871,162.0,159.83354,205.47720133133976
0.0,-0.4,161.0,159.3584,205.47720133133976
0.0,-0.5333333333333895,160.0,155.80678,205.47720133133976
0.0,-0.6074074074074012,159.0,154.22556,205.47720133133976
0.0,-0.4740740740740117,158.0,152.85016,205.47720133133976
0.0,-0.9333333333333895,157.0,152.04929,205.47720133133976
0.0,-0.9037037037037848,156.0,148.58055,205.47720133133976
0.0,-1.1259259259259884,155.0,151.60887,205.47720133133976
0.0,-0.5185185185185871,154.0,152.20403,205.47720133133976
0.0,0.11851851851858713,153.0,153.52576,205.47720133133976
0.0,-0.8888888888889824,152.0,150.0888,205.47720133133976
0.0,0.34074074074079064,151.0,149.3301,205.47720133133976
0.0,-0.5481481481481918,150.0,152.67091,205.47720133133976
0.0,0.0,149.0,148.72241,205.47720133133976
0.0,-0.6518518518518082,148.0,148.16469,205.47720133133976
0.0,-0.5185185185185871,147.0,151.71558,205.47720133133976
0.0,-0.1777777777777965,146.0,147.5158,205.47720133133976
0.0,0.14814814814819183,145.0,145.96127,205.47720133133976
0.0,-0.6518518518518082,144.0,143.89514,205.47720133133976
0.0,-0.2222222222222035,143.0,143.75714,205.47720133133976
0.0,-1.155555555555593,142.0,143.93314,205.47720133133976
0.0,-1.037037037037006,141.0,146.13095,205.47720133133976
0.0,-0.5777777777777965,140.0,147.73993,205.47720133133976
0.0,-1.0518518518519766,139.0,147.44614,205.47720133133976
0.0,-0.20740740740740116,138.0,149.42334,205.47720133133976
0.0,-0.16296296296299415,137.0,146.52417,205.47720133133976
0.0,-0.5481481481481918,136.0,150.70615,205.47720133133976
0.0,-0.20740740740740116,135.0,153.32227,205.47720133133976
0.0,-1.2,134.0,148.66055,205.47720133133976
0.0,-0.7407407407407907,133.0,144.35474,205.47720133133976
0.0,-0.2222222222222035,132.0,141.06207,205.47720133133976
0.0,-1.2,131.0,142.08237,205.47720133133976
0.0,-0.5037037037037848,130.0,135.35744,205.47720133133976
0.0,-0.14814814814819183,129.0,136.3913,205.47720133133976
0.0,-0.26666666666661054,128.0,130.9333,205.47720133133976
0.0,-0.9333333333333895,127.0,130.74565,205.47720133133976
0.0,-0.5777777777777965,126.0,134.0816,205.47720133133976
0.0,-0.2222222222222035,125.0,131.06322,205.47720133133976
0.0,0.8592592592593777,124.0,125.27947,205.47720133133976
0.0,-0.7407407407407907,123.0,126.60498,205.47720133133976
0.0,0.34074074074079064,122.0,118.99658,205.47720133133976
0.0,-0.5185185185185871,121.0,123.50761,205.47720133133976
0.0,-0.2222222222222035,120.0,123.17821,205.47720133133976
0.0,-0.3259259259259883,119.0,124.87305,205.47720133133976
0.0,-0.07407407407401169,118.0,124.06387,205.47720133133976
0.0,0.3851851851851977,117.0,120.80641,205.47720133133976
0.0,-0.2814814814814129,116.0,120.97176,205.47720133133976
0.0,-0.05925925925920936,115.0,116.26094,205.47720133133976
0.0,0.1037037037037848,114.0,117.26494,205.47720133133976
0.0,-0.37037037037039533,113.0,121.12238,205.47720133133976
0.0,-0.45925925925920935,112.0,116.86093,205.47720133133976
0.0,-0.6222222222222035,111.0,114.132965,205.47720133133976
0.0,0.14814814814819183,110.0,111.6295,205.47720133133976
0.0,-0.3851851851851977,109.0,113.40271,205.47720133133976
0.0,-0.2518518518518082,108.0,111.43422,205.47720133133976
0.0,-0.4,107.0,115.35636,205.47720133133976
0.0,0.6962962962963837,106.0,113.47479,205.47720133133976
0.0,-0.31111111111118595,105.0,110.70871,205.47720133133976
0.0,-0.48888888888898246,104.0,111.4981,205.47720133133976
0.0,-0.23703703703700585,103.0,110.082504,205.47720133133976
0.0,0.07407407407418012,102.0,110.25684,205.47720133133976
0.0,-0.14814814814819183,101.0,105.57548,205.47720133133976
0.0,-0.8148148148148023,100.0,104.98668,205.47720133133976
0.0,-0.13333333333338948,99.0,104.18906,205.47720133133976
0.0,-0.2518518518518082,98.0,103.39998,205.47720133133976
0.0,-0.2814814814814129,97.0,106.10569,205.47720133133976
0.0,0.02962962962960468,96.0,100.51265,205.47720133133976
0.0,-0.4,95.0,93.34087,205.47720133133976
0.0,-0.4,95.0,87.15792,205.47720133133976
0.0,-0.6222222222222035,94.0,90.281876,205.47720133133976
0.0,-0.5629629629629942,93.0,87.331085,205.47720133133976
0.0,0.355555555555593,92.0,90.575356,205.47720133133976
0.0,-0.6814814814815813,91.0,91.37458,205.47720133133976
0.0,-0.16296296296299415,90.0,90.143005,205.47720133133976
0.0,-0.2814814814814129,89.0,86.65907,205.47720133133976
0.0,-0.2222222222222035,88.0,88.96786,205.47720133133976
0.0,-0.755555555555593,87.0,88.52494,205.47720133133976
0.0,-0.8888888888889824,86.0,87.798874,205.47720133133976
0.0,-0.20740740740740116,85.0,89.371254,205.47720133133976
0.0,0.08888888888898246,84.0,84.678955,205.47720133133976
0.0,-0.16296296296299415,83.0,83.211174,205.47720133133976
0.0,0.4592592592593778,82.0,82.8936,205.47720133133976
0.0,-1.1259259259259884,81.0,90.10231,205.47720133133976
0.0,-0.01481481481480234,80.0,86.61601,205.47720133133976
0.0,-0.5777777777777965,79.0,84.70546,205.47720133133976
0.0,-0.14814814814819183,78.0,88.07765,205.47720133133976
0.0,-0.8,77.0,88.44197,205.47720133133976
0.0,0.6518518518519766,76.0,81.80719,205.47720133133976
0.0,-0.6518518518518082,75.0,85.649796,205.47720133133976
0.0,0.20740740740740116,74.0,81.96004,205.47720133133976
0.0,-0.1777777777777965,73.0,84.52704,205.47720133133976
0.0,-0.5037037037037848,72.0,84.149315,205.47720133133976
0.0,0.05925925925920936,71.0,80.92707,205.47720133133976
0.0,-0.9481481481481918,70.0,87.58324,205.47720133133976
0.0,-0.6074074074074012,69.0,83.0647,205.47720133133976
0.0,-0.1777777777777965,68.0,87.69179,205.47720133133976
0.0,0.355555555555593,67.0,81.70384,205.47720133133976
0.0,0.4,66.0,82.648796,205.47720133133976
0.0,0.6518518518519766,65.0,83.43999,205.47720133133976
0.0,0.08888888888898246,64.0,75.51036,205.47720133133976
0.0,0.7851851851851976,63.0,68.951935,205.47720133133976
0.0,-0.4,62.0,70.49201,205.47720133133976
0.0,0.1777777777777965,61.0,70.09718,205.47720133133976
0.0,0.9629629629629941,60.0,68.32104,205.47720133133976
0.0,-0.755555555555593,59.0,68.41514,205.47720133133976
0.0,0.01481481481480234,58.0,64.91173,205.47720133133976
0.0,0.0,57.0,61.43851,205.47720133133976
0.0,0.4740740740741801,56.0,62.51915,205.47720133133976
0.0,0.1777777777777965,55.0,61.622196,205.47720133133976
0.0,0.3259259259259883,54.0,60.87431,205.47720133133976
0.0,0.6962962962963837,53.0,63.60992,205.47720133133976
0.0,0.31111111111118595,52.0,57.56477,205.47720133133976
0.0,-0.37037037037039533,51.0,60.431736,205.47720133133976
0.0,0.3851851851851977,50.0,58.724033,205.47720133133976
0.0,-0.14814814814819183,41.0,63.18435,205.47720133133976
0.0,0.8444444444445754,40.0,56.919952,205.47720133133976
0.0,-0.2814814814814129,39.0,54.726696,205.47720133133976
0.0,-0.19259259259259884,38.0,55.99853,205.47720133133976
0.0,-0.2814814814814129,37.0,50.506306,205.47720133133976
0.0,0.20740740740740116,36.0,49.762432,205.47720133133976
0.0,-0.34074074074079064,35.0,43.956192,205.47720133133976
0.0,-0.2814814814814129,34.0,41.82136,205.47720133133976
0.0,0.355555555555593,33.0,41.10032,205.47720133133976
0.0,0.5777777777777965,32.0,38.66657,205.47720133133976
0.0,-0.14814814814819183,31.0,39.167877,205.47720133133976
0.0,0.9629629629629941,30.0,40.423042,205.47720133133976
0.0,0.31111111111118595,29.0,38.378304,205.47720133133976
0.0,0.5333333333333895,28.0,34.595562,205.47720133133976
0.0,-0.19259259259259884,102.0,98.851944,205.47720133133976
0.0,-0.4740740740740117,101.0,101.44647,205.47720133133976
0.0,-1.155555555555593,100.0,103.0619,205.47720133133976
0.0,-0.8888888888889824,99.0,106.99493,205.47720133133976
0.0,-0.355555555555593,98.0,103.46205,205.47720133133976
0.0,0.31111111111118595,97.0,97.66754,205.47720133133976
0.0,-0.7851851851851976,96.0,101.26473,205.47720133133976
0.0,-0.444444444444407,95.0,100.388794,205.47720133133976
0.0,0.7851851851851976,94.0,98.50851,205.47720133133976
0.0,-0.5629629629629942,93.0,94.66342,205.47720133133976
0.0,-1.27407407407418,92.0,92.84484,205.47720133133976
0.0,-0.6666666666666106,91.0,94.96295,205.47720133133976
0.0,-0.23703703703700585,90.0,90.994,205.47720133133976
0.0,-0.02962962962960468,89.0,90.45703,205.47720133133976
0.0,-0.5629629629629942,88.0,89.22278,205.47720133133976
0.0,0.2222222222222035,87.0,83.863945,205.47720133133976
0.0,-0.4,80.0,142.0188,205.47720133133976
0.0,0.05925925925920936,79.0,141.95427,205.47720133133976
0.0,-0.16296296296299415,78.0,141.78508,205.47720133133976
0.0,0.04444444444440702,77.0,140.7886,205.47720133133976
0.0,0.14814814814819183,76.0,136.35872,205.47720133133976
0.0,-0.20740740740740116,75.0,136.05313,205.47720133133976
0.0,0.9777777777777965,74.0,127.74972,205.47720133133976
0.0,0.4,73.0,122.14369,205.47720133133976
0.0,0.4,72.0,118.18382,205.47720133133976
0.0,-0.355555555555593,71.0,113.492645,205.47720133133976
0.0,0.23703703703700585,70.0,103.87979,205.47720133133976
0.0,0.11851851851858713,69.0,92.153275,205.47720133133976
0.0,0.355555555555593,68.0,88.79812,205.47720133133976
0.0,-0.42962962962960466,67.0,83.37264,205.47720133133976
0.0,0.5629629629629942,66.0,78.622665,205.47720133133976
0.0,0.5629629629629942,65.0,78.49219,205.47720133133976
0.0,-0.08888888888881404,64.0,77.088165,205.47720133133976
0.0,-0.45925925925920935,63.0,75.26245,205.47720133133976
0.0,0.05925925925920936,62.0,69.584946,205.47720133133976
0.0,0.4444444444445754,61.0,70.45775,205.47720133133976
0.0,0.19259259259259884,60.0,72.12975,205.47720133133976
0.0,-0.9185185185185871,59.0,69.60129,205.47720133133976
0.0,0.6962962962963837,58.0,66.8571,205.47720133133976
0.0,-0.6074074074074012,57.0,63.98045,205.47720133133976
0.0,0.23703703703700585,56.0,62.71919,205.47720133133976
0.0,-0.37037037037039533,55.0,58.908195,205.47720133133976
0.0,-0.4,54.0,64.26398,205.47720133133976
0.0,0.01481481481480234,53.0,58.1629,205.47720133133976
0.0,0.9481481481481918,52.0,54.6832,205.47720133133976
0.0,0.5481481481481918,51.0,51.812054,205.47720133133976
0.0,0.711111111111186,50.0,49.498966,205.47720133133976
0.0,0.08888888888898246,49.0,49.36832,205.47720133133976
0.0,0.6962962962963837,48.0,45.62718,205.47720133133976
0.0,0.9185185185185871,47.0,41.668884,205.47720133133976
0.0,0.7407407407407907,46.0,41.526196,205.47720133133976
0.0,-0.19259259259259884,45.0,39.09556,205.47720133133976
0.0,0.4592592592593778,44.0,34.18854,205.47720133133976
0.0,0.08888888888898246,43.0,35.991673,205.47720133133976
0.0,0.355555555555593,42.0,33.683678,205.47720133133976
0.0,0.2814814814815813,41.0,33.449833,205.47720133133976
0.0,0.7703703703703954,40.0,33.130596,205.47720133133976
0.0,0.4444444444445754,39.0,33.282345,205.47720133133976
0.0,0.48888888888898246,38.0,30.779778,205.47720133133976
0.0,1.3925925925927674,37.0,31.262682,205.47720133133976
0.0,0.4740740740741801,36.0,32.348064,205.47720133133976
0.0,0.7407407407407907,35.0,33.39518,205.47720133133976
0.0,0.5185185185185871,34.0,31.92139,205.47720133133976
0.0,0.8148148148149708,33.0,32.795555,205.47720133133976
0.0,1.066666666666779,32.0,29.23426,205.47720133133976
0.0,-0.13333333333338948,31.0,27.132046,205.47720133133976
0.0,0.7703703703703954,30.0,27.523083,205.47720133133976
0.0,0.4592592592593778,29.0,28.104647,205.47720133133976
0.0,0.9037037037037848,28.0,26.73412,205.47720133133976
0.0,1.4370370370371743,27.0,24.957375,205.47720133133976
0.0,0.3851851851851977,26.0,25.979452,205.47720133133976
0.0,0.9037037037037848,25.0,25.178501,205.47720133133976
0.0,0.5925925925925988,24.0,24.988638,205.47720133133976
0.0,0.5333333333333895,23.0,24.125046,205.47720133133976
0.0,1.111111111111186,22.0,24.134007,205.47720133133976
0.0,1.2592592592593779,21.0,21.100903,205.47720133133976
0.0,0.7259259259259883,20.0,18.138247,205.47720133133976
0.0,1.6296296296297732,19.0,17.08009,205.47720133133976
0.0,1.3333333333333894,18.0,15.317846,205.47720133133976
0.0,1.022222222222372,17.0,12.595146,205.47720133133976
0.0,1.6444444444445754,16.0,12.777875,205.47720133133976
0.0,-0.5629629629629942,85.0,97.89108,205.47720133133976
0.0,-0.7851851851851976,84.0,97.68794,205.47720133133976
0.0,0.8148148148149708,83.0,90.48636,205.47720133133976
0.0,-0.3259259259259883,82.0,88.62047,205.47720133133976
0.0,-0.9629629629629941,81.0,85.94931,205.47720133133976
0.0,-0.7407407407407907,80.0,80.45711,205.47720133133976
0.0,-1.2888888888889825,79.0,82.832504,205.47720133133976
0.0,0.31111111111118595,78.0,82.0885,205.47720133133976
0.0,-0.31111111111118595,77.0,81.53334,205.47720133133976
0.0,-0.8888888888889824,76.0,83.049164,205.47720133133976
0.0,-0.7407407407407907,75.0,86.66232,205.47720133133976
0.0,0.26666666666677896,74.0,83.99181,205.47720133133976
0.0,-0.42962962962960466,73.0,76.80076,205.47720133133976
0.0,-0.48888888888898246,72.0,82.80438,205.47720133133976
0.0,-1.4370370370371743,71.0,81.65363,205.47720133133976
0.0,-0.2962962962962152,70.0,81.05539,205.47720133133976
0.0,-0.7703703703703954,69.0,79.794495,205.47720133133976
0.0,-0.8296296296296046,68.0,80.01154,205.47720133133976
0.0,-0.9777777777777965,67.0,82.09993,205.47720133133976
0.0,-1.3777777777777964,66.0,77.1081,205.47720133133976
0.0,-0.444444444444407,65.0,74.34357,205.47720133133976
0.0,-0.08888888888881404,64.0,76.254745,205.47720133133976
0.0,-0.4740740740740117,63.0,70.42801,205.47720133133976
0.0,-0.7703703703703954,62.0,69.50565,205.47720133133976
0.0,-0.2814814814814129,61.0,65.461,205.47720133133976
0.0,-0.8296296296296046,60.0,67.42131,205.47720133133976
0.0,-0.5629629629629942,59.0,65.04773,205.47720133133976
0.0,-0.02962962962960468,58.0,63.098732,205.47720133133976
0.0,0.02962962962960468,57.0,60.199856,205.47720133133976
0.0,-1.6296296296297732,123.0,158.83038,205.47720133133976
0.0,-0.7407407407407907,122.0,158.5405,205.47720133133976
0.0,-0.6222222222222035,121.0,158.29973,205.47720133133976
0.0,-0.4740740740740117,120.0,157.87863,205.47720133133976
0.0,-0.7407407407407907,119.0,156.87923,205.47720133133976
0.0,-0.7407407407407907,118.0,153.89517,205.47720133133976
0.0,-0.14814814814819183,117.0,154.37773,205.47720133133976
0.0,0.31111111111118595,116.0,152.25934,205.47720133133976
0.0,0.07407407407418012,115.0,153.01042,205.47720133133976
0.0,-0.23703703703700585,114.0,153.61667,205.47720133133976
0.0,-0.9037037037037848,113.0,152.17706,205.47720133133976
0.0,0.31111111111118595,86.0,80.32933,205.47720133133976
0.0,-0.6222222222222035,85.0,82.124664,205.47720133133976
0.0,-1.229629629629773,84.0,83.29022,205.47720133133976
0.0,0.01481481481480234,83.0,83.03415,205.47720133133976
0.0,-0.5037037037037848,82.0,79.896416,205.47720133133976
0.0,-0.9777777777777965,81.0,81.023315,205.47720133133976
0.0,-0.2814814814814129,80.0,79.00937,205.47720133133976
0.0,-0.7407407407407907,79.0,78.15703,205.47720133133976
0.0,-1.111111111111186,78.0,79.229,205.47720133133976
0.0,0.02962962962960468,77.0,79.347244,205.47720133133976
0.0,-0.20740740740740116,76.0,75.23199,205.47720133133976
0.0,-0.11851851851858713,75.0,72.07088,205.47720133133976
0.0,-1.318518518518587,74.0,75.817726,205.47720133133976
0.0,-0.42962962962960466,73.0,71.689804,205.47720133133976
0.0,-0.4740740740740117,72.0,71.85117,205.47720133133976
0.0,-0.1777777777777965,71.0,71.20889,205.47720133133976
0.0,-0.3851851851851977,70.0,69.2401,205.47720133133976
0.0,-0.04444444444440702,69.0,70.123276,205.47720133133976
0.0,-0.355555555555593,68.0,68.49215,205.47720133133976
0.0,-0.355555555555593,67.0,64.57691,205.47720133133976
0.0,-0.2962962962962152,66.0,64.245674,205.47720133133976
0.0,-0.2518518518518082,65.0,68.259,205.47720133133976
0.0,-0.6814814814815813,64.0,65.77439,205.47720133133976
0.0,0.02962962962960468,63.0,62.93834,205.47720133133976
0.0,0.0,62.0,58.757854,205.47720133133976
0.0,-0.14814814814819183,61.0,57.17082,205.47720133133976
0.0,-0.2518518518518082,60.0,53.10431,205.47720133133976
0.0,-0.844444444444407,59.0,55.351612,205.47720133133976
0.0,-1.007407407407401,58.0,53.643238,205.47720133133976
0.0,0.01481481481480234,57.0,49.484856,205.47720133133976
0.0,-0.01481481481480234,56.0,50.46378,205.47720133133976
0.0,0.01481481481480234,55.0,48.374134,205.47720133133976
0.0,-0.755555555555593,54.0,48.09686,205.47720133133976
0.0,0.04444444444440702,53.0,49.02136,205.47720133133976
0.0,0.4740740740741801,52.0,46.842167,205.47720133133976
0.0,0.04444444444440702,51.0,46.12567,205.47720133133976
0.0,0.13333333333338948,50.0,46.319202,205.47720133133976
0.0,0.4148148148148023,49.0,45.93704,205.47720133133976
0.0,0.7259259259259883,48.0,44.008865,205.47720133133976
0.0,0.07407407407418012,47.0,43.264244,205.47720133133976
0.0,0.14814814814819183,46.0,42.354534,205.47720133133976
0.0,-0.2814814814814129,45.0,42.36281,205.47720133133976
0.0,-0.355555555555593,44.0,41.534496,205.47720133133976
0.0,0.08888888888898246,43.0,40.081875,205.47720133133976
0.0,-0.9037037037037848,42.0,39.955467,205.47720133133976
0.0,-0.42962962962960466,41.0,40.15936,205.47720133133976
0.0,0.14814814814819183,40.0,39.162167,205.47720133133976
0.0,0.2222222222222035,39.0,37.40948,205.47720133133976
0.0,-0.45925925925920935,38.0,36.956448,205.47720133133976
0.0,0.9185185185185871,37.0,34.01186,205.47720133133976
0.0,0.7703703703703954,36.0,33.08685,205.47720133133976
0.0,-0.1777777777777965,35.0,32.96622,205.47720133133976
0.0,0.11851851851858713,34.0,31.095915,205.47720133133976
0.0,0.20740740740740116,33.0,29.430714,205.47720133133976
0.0,0.6518518518519766,32.0,28.072792,205.47720133133976
0.0,0.2814814814815813,31.0,27.787546,205.47720133133976
0.0,-0.355555555555593,30.0,28.29167,205.47720133133976
0.0,0.29629629629638365,29.0,27.411366,205.47720133133976
0.0,1.185185185185366,28.0,26.508951,205.47720133133976
0.0,0.7259259259259883,27.0,26.045887,205.47720133133976
0.0,0.2814814814815813,26.0,25.385574,205.47720133133976
0.0,0.3259259259259883,25.0,24.792356,205.47720133133976
0.0,0.5777777777777965,24.0,23.538311,205.47720133133976
0.0,1.066666666666779,23.0,23.19764,205.47720133133976
0.0,0.4592592592593778,22.0,21.57226,205.47720133133976
0.0,0.31111111111118595,21.0,20.228123,205.47720133133976
0.0,0.9481481481481918,20.0,19.949017,205.47720133133976
0.0,-0.26666666666661054,86.0,100.04038,205.47720133133976
0.0,-0.11851851851858713,85.0,96.322845,205.47720133133976
0.0,-0.2222222222222035,84.0,97.009254,205.47720133133976
0.0,-0.6370370370370059,83.0,95.582886,205.47720133133976
0.0,-0.19259259259259884,82.0,89.88704,205.47720133133976
0.0,-0.6518518518518082,81.0,86.84382,205.47720133133976
0.0,-0.37037037037039533,80.0,83.27048,205.47720133133976
0.0,-0.5777777777777965,79.0,76.754486,205.47720133133976
0.0,-0.5185185185185871,78.0,73.095055,205.47720133133976
0.0,0.04444444444440702,77.0,70.72012,205.47720133133976
0.0,-0.755555555555593,76.0,72.09318,205.47720133133976
0.0,-0.711111111111186,75.0,71.6275,205.47720133133976
0.0,0.05925925925920936,74.0,68.44634,205.47720133133976
0.0,0.20740740740740116,73.0,67.09282,205.47720133133976
0.0,-0.20740740740740116,72.0,66.919495,205.47720133133976
0.0,-0.355555555555593,71.0,64.88345,205.47720133133976
0.0,-0.5925925925925988,70.0,61.781895,205.47720133133976
0.0,-0.3259259259259883,69.0,66.63406,205.47720133133976
0.0,0.26666666666677896,68.0,69.45555,205.47720133133976
0.0,-0.2222222222222035,67.0,70.52672,205.47720133133976
0.0,-0.11851851851858713,66.0,68.642334,205.47720133133976
0.0,-0.7851851851851976,135.0,127.82177,205.47720133133976
0.0,0.2814814814815813,134.0,122.61211,205.47720133133976
0.0,-0.755555555555593,133.0,117.79016,205.47720133133976
0.0,-0.444444444444407,132.0,123.05929,205.47720133133976
0.0,-0.9481481481481918,131.0,116.22911,205.47720133133976
0.0,0.05925925925920936,130.0,107.09722,205.47720133133976
0.0,0.4,129.0,102.26782,205.47720133133976
0.0,0.2814814814815813,128.0,98.288025,205.47720133133976
0.0,-0.10370370370361637,127.0,96.865685,205.47720133133976
0.0,-0.04444444444440702,126.0,93.318535,205.47720133133976
0.0,0.14814814814819183,125.0,91.14574,205.47720133133976
0.0,0.19259259259259884,124.0,91.80904,205.47720133133976
0.0,-0.08888888888881404,123.0,91.40892,205.47720133133976
0.0,0.48888888888898246,122.0,88.54707,205.47720133133976
0.0,-0.26666666666661054,121.0,90.65194,205.47720133133976
0.0,-0.48888888888898246,120.0,88.79671,205.47720133133976
0.0,0.5481481481481918,119.0,83.44736,205.47720133133976
0.0,-0.08888888888881404,118.0,89.72775,205.47720133133976
0.0,-0.4740740740740117,117.0,84.71573,205.47720133133976
0.0,-0.5481481481481918,116.0,85.54229,205.47720133133976
0.0,-0.08888888888881404,115.0,84.48917,205.47720133133976
0.0,0.7407407407407907,114.0,80.80166,205.47720133133976
0.0,0.26666666666677896,113.0,84.58119,205.47720133133976
0.0,0.3851851851851977,112.0,81.12532,205.47720133133976
0.0,-0.1777777777777965,111.0,79.40999,205.47720133133976
0.0,0.14814814814819183,110.0,79.899925,205.47720133133976
0.0,-0.26666666666661054,109.0,79.01152,205.47720133133976
0.0,-0.7851851851851976,108.0,82.309875,205.47720133133976
0.0,0.16296296296299415,107.0,78.69112,205.47720133133976
0.0,-1.0222222222222035,106.0,75.87253,205.47720133133976
0.0,0.5777777777777965,105.0,76.320175,205.47720133133976
0.0,0.11851851851858713,104.0,74.008736,205.47720133133976
0.0,-0.5333333333333895,103.0,70.24901,205.47720133133976
0.0,0.7407407407407907,102.0,75.333954,205.47720133133976
0.0,-0.2518518518518082,101.0,78.369995,205.47720133133976
0.0,0.11851851851858713,100.0,77.00316,205.47720133133976
0.0,-0.2962962962962152,99.0,80.47292,205.47720133133976
0.0,0.5333333333333895,98.0,79.29051,205.47720133133976
0.0,0.3259259259259883,97.0,78.210495,205.47720133133976
0.0,-0.2222222222222035,141.0,183.16867,205.47720133133976
0.0,-0.2518518518518082,140.0,183.58829,205.47720133133976
0.0,-0.07407407407401169,139.0,183.90163,205.47720133133976
0.0,-0.19259259259259884,138.0,183.94092,205.47720133133976
0.0,-0.05925925925920936,137.0,183.95944,205.47720133133976
0.0,-0.5925925925925988,136.0,183.93454,205.47720133133976
0.0,-0.31111111111118595,135.0,183.92514,205.47720133133976
0.0,-0.05925925925920936,134.0,183.54163,205.47720133133976
0.0,0.3259259259259883,133.0,182.32086,205.47720133133976
0.0,0.1037037037037848,132.0,182.04793,205.47720133133976
0.0,-0.3259259259259883,131.0,180.9796,205.47720133133976
0.0,0.31111111111118595,130.0,179.12437,205.47720133133976
0.0,-0.9777777777777965,129.0,178.94122,205.47720133133976
0.0,-0.34074074074079064,128.0,171.44435,205.47720133133976
0.0,-0.2518518518518082,127.0,168.12286,205.47720133133976
0.0,-0.2814814814814129,126.0,161.90839,205.47720133133976
0.0,0.4,125.0,159.18367,205.47720133133976
0.0,-1.037037037037006,124.0,153.75037,205.47720133133976
0.0,0.5481481481481918,123.0,152.03229,205.47720133133976
0.0,-0.711111111111186,122.0,150.03946,205.47720133133976
0.0,-0.2222222222222035,121.0,150.88144,205.47720133133976
0.0,-0.23703703703700585,120.0,149.54327,205.47720133133976
0.0,0.711111111111186,119.0,143.00632,205.47720133133976
0.0,-0.23703703703700585,118.0,142.5672,205.47720133133976
0.0,-0.7259259259259883,117.0,140.14606,205.47720133133976
0.0,0.2222222222222035,116.0,135.05756,205.47720133133976
0.0,-0.01481481481480234,115.0,128.80075,205.47720133133976
0.0,-0.5037037037037848,114.0,120.70305,205.47720133133976
0.0,-0.5185185185185871,113.0,111.27524,205.47720133133976
0.0,-1.111111111111186,112.0,108.76706,205.47720133133976
0.0,-0.4740740740740117,111.0,109.62257,205.47720133133976
0.0,0.666666666666779,110.0,107.19513,205.47720133133976
0.0,-0.5925925925925988,109.0,99.86256,205.47720133133976
0.0,-0.8,108.0,102.45741,205.47720133133976
0.0,0.1037037037037848,107.0,97.69391,205.47720133133976
0.0,0.02962962962960468,106.0,94.340096,205.47720133133976
0.0,0.7703703703703954,105.0,92.264824,205.47720133133976
0.0,-0.34074074074079064,104.0,96.55029,205.47720133133976
0.0,0.13333333333338948,103.0,97.93408,205.47720133133976
0.0,-0.08888888888881404,102.0,95.86538,205.47720133133976
0.0,-0.19259259259259884,101.0,94.38472,205.47720133133976
0.0,-0.02962962962960468,100.0,89.569916,205.47720133133976
0.0,0.355555555555593,99.0,87.654236,205.47720133133976
0.0,-0.34074074074079064,98.0,89.095856,205.47720133133976
0.0,-0.355555555555593,97.0,85.218666,205.47720133133976
0.0,-0.8888888888889824,96.0,87.28798,205.47720133133976
0.0,-0.45925925925920935,95.0,86.03467,205.47720133133976
0.0,0.1037037037037848,94.0,84.50728,205.47720133133976
0.0,-0.6222222222222035,93.0,81.553215,205.47720133133976
0.0,0.2518518518518082,92.0,86.20062,205.47720133133976
0.0,0.31111111111118595,91.0,88.627235,205.47720133133976
0.0,-0.16296296296299415,90.0,90.66585,205.47720133133976
0.0,0.8,138.0,113.33275,205.47720133133976
0.0,0.6222222222222035,137.0,104.700294,205.47720133133976
0.0,-0.01481481481480234,136.0,104.098816,205.47720133133976
0.0,1.1407407407407906,135.0,96.744255,205.47720133133976
0.0,0.7259259259259883,134.0,92.58861,205.47720133133976
0.0,0.5629629629629942,133.0,91.552765,205.47720133133976
0.0,0.34074074074079064,132.0,89.87717,205.47720133133976
0.0,-0.48888888888898246,131.0,84.8369,205.47720133133976
0.0,1.0074074074075696,130.0,80.46388,205.47720133133976
0.0,-0.37037037037039533,129.0,83.50452,205.47720133133976
0.0,-0.23703703703700585,128.0,85.48221,205.47720133133976
0.0,0.08888888888898246,127.0,78.93406,205.47720133133976
0.0,0.0,126.0,81.06169,205.47720133133976
0.0,0.6222222222222035,125.0,84.16516,205.47720133133976
0.0,0.8592592592593777,124.0,80.16274,205.47720133133976
0.0,-0.2222222222222035,123.0,81.16775,205.47720133133976
0.0,-0.20740740740740116,122.0,84.63424,205.47720133133976
0.0,-0.7407407407407907,121.0,81.38083,205.47720133133976
0.0,1.111111111111186,120.0,74.005264,205.47720133133976
0.0,0.11851851851858713,119.0,75.46596,205.47720133133976
0.0,0.31111111111118595,118.0,75.78853,205.47720133133976
0.0,0.355555555555593,117.0,78.9416,205.47720133133976
0.0,-0.11851851851858713,116.0,76.08739,205.47720133133976
0.0,-0.14814814814819183,115.0,76.103806,205.47720133133976
0.0,-0.3851851851851977,84.0,98.079285,205.47720133133976
0.0,0.2814814814815813,83.0,92.44874,205.47720133133976
0.0,-0.444444444444407,82.0,89.1873,205.47720133133976
0.0,0.9037037037037848,81.0,84.87693,205.47720133133976
0.0,-1.0222222222222035,80.0,88.148605,205.47720133133976
0.0,0.2814814814815813,79.0,86.16051,205.47720133133976
0.0,-0.14814814814819183,78.0,88.81662,205.47720133133976
0.0,-0.16296296296299415,77.0,85.14075,205.47720133133976
0.0,-0.10370370370361637,76.0,81.448395,205.47720133133976
0.0,-0.8296296296296046,75.0,81.34627,205.47720133133976
0.0,-0.5481481481481918,74.0,81.336395,205.47720133133976
0.0,-0.26666666666661054,73.0,79.77725,205.47720133133976
0.0,0.37037037037039533,72.0,76.763214,205.47720133133976
0.0,-0.05925925925920936,71.0,77.02674,205.47720133133976
0.0,0.08888888888898246,70.0,77.59583,205.47720133133976
0.0,0.1037037037037848,69.0,73.691124,205.47720133133976
0.0,-0.01481481481480234,68.0,73.842865,205.47720133133976
0.0,0.08888888888898246,67.0,69.25575,205.47720133133976
0.0,-0.4,66.0,74.31229,205.47720133133976
0.0,0.4444444444445754,65.0,71.550934,205.47720133133976
0.0,-0.37037037037039533,64.0,77.04524,205.47720133133976
0.0,-0.4740740740740117,63.0,78.705215,205.47720133133976
0.0,0.2518518518518082,62.0,75.232124,205.47720133133976
0.0,-0.07407407407401169,61.0,78.74952,205.47720133133976
0.0,0.711111111111186,60.0,77.66882,205.47720133133976
0.0,-0.37037037037039533,59.0,69.18223,205.47720133133976
0.0,0.26666666666677896,58.0,67.99293,205.47720133133976
0.0,-0.45925925925920935,57.0,69.43622,205.47720133133976
0.0,0.2222222222222035,56.0,63.222816,205.47720133133976
0.0,0.8148148148149708,55.0,60.62936,205.47720133133976
0.0,0.6814814814815813,54.0,56.93613,205.47720133133976
0.0,0.20740740740740116,53.0,56.83501,205.47720133133976
0.0,0.07407407407418012,52.0,52.981987,205.47720133133976
0.0,-0.14814814814819183,51.0,51.620964,205.47720133133976
0.0,0.1777777777777965,50.0,45.41655,205.47720133133976
0.0,0.31111111111118595,49.0,50.442417,205.47720133133976
0.0,0.48888888888898246,48.0,51.7625,205.47720133133976
0.0,0.5629629629629942,47.0,47.163666,205.47720133133976
0.0,0.5777777777777965,46.0,49.608677,205.47720133133976
0.0,0.4148148148148023,45.0,47.9929,205.47720133133976
0.0,1.1703703703703954,44.0,47.315937,205.47720133133976
0.0,1.111111111111186,43.0,43.590145,205.47720133133976
0.0,-0.13333333333338948,42.0,41.08695,205.47720133133976
0.0,0.4444444444445754,41.0,38.235493,205.47720133133976
0.0,0.23703703703700585,40.0,38.359882,205.47720133133976
0.0,0.31111111111118595,39.0,36.669514,205.47720133133976
0.0,0.04444444444440702,38.0,37.79054,205.47720133133976
0.0,0.20740740740740116,37.0,35.945164,205.47720133133976
0.0,1.1259259259259884,36.0,34.844746,205.47720133133976
0.0,0.3259259259259883,35.0,34.323364,205.47720133133976
0.0,-0.26666666666661054,34.0,34.627037,205.47720133133976
0.0,1.2592592592593779,33.0,33.251804,205.47720133133976
0.0,0.5777777777777965,32.0,34.1591,205.47720133133976
0.0,0.355555555555593,31.0,34.702847,205.47720133133976
0.0,0.04444444444440702,30.0,33.13157,205.47720133133976
0.0,0.4740740740741801,29.0,31.324371,205.47720133133976
0.0,1.022222222222372,28.0,28.259357,205.47720133133976
0.0,0.4740740740741801,27.0,28.754642,205.47720133133976
0.0,0.8592592592593777,26.0,26.458714,205.47720133133976
0.0,1.2444444444445755,25.0,24.458344,205.47720133133976
0.0,0.4740740740741801,24.0,22.98982,205.47720133133976
0.0,1.3629629629629942,23.0,23.340405,205.47720133133976
0.0,0.8740740740741801,22.0,21.292343,205.47720133133976
0.0,1.2000000000001685,21.0,20.28449,205.47720133133976
0.0,1.466666666666779,20.0,19.057884,205.47720133133976
0.0,1.229629629629773,19.0,18.436752,205.47720133133976
0.0,0.9925925925925988,18.0,16.898327,205.47720133133976
0.0,0.31111111111118595,17.0,14.722063,205.47720133133976
0.0,1.1259259259259884,16.0,13.968546,205.47720133133976
0.0,1.0962962962963836,15.0,15.239475,205.47720133133976
0.0,1.0518518518519766,14.0,14.266569,205.47720133133976
0.0,0.9629629629629941,13.0,13.836495,205.47720133133976
0.0,1.8074074074075697,12.0,11.838637,205.47720133133976
0.0,1.6000000000001684,11.0,10.273003,205.47720133133976
0.0,0.9777777777777965,10.0,9.806836,205.47720133133976
0.0,1.377777777777965,9.0,8.999491,205.47720133133976
0.0,0.9925925925925988,8.0,8.36182,205.47720133133976
0.0,0.9185185185185871,73.0,72.15608,205.47720133133976
0.0,0.4148148148148023,72.0,77.62985,205.47720133133976
0.0,-0.02962962962960468,71.0,75.53184,205.47720133133976
0.0,-0.4,70.0,71.90834,205.47720133133976
0.0,-0.711111111111186,69.0,71.89726,205.47720133133976
0.0,-1.155555555555593,68.0,74.54716,205.47720133133976
0.0,0.08888888888898246,67.0,74.108215,205.47720133133976
0.0,-0.3259259259259883,66.0,71.22363,205.47720133133976
0.0,-0.5481481481481918,65.0,69.19627,205.47720133133976
0.0,0.4,64.0,63.647007,205.47720133133976
0.0,0.6074074074074012,63.0,64.38527,205.47720133133976
0.0,-0.6666666666666106,62.0,66.13691,205.47720133133976
0.0,-0.6666666666666106,61.0,60.281464,205.47720133133976
0.0,-0.2814814814814129,60.0,59.88679,205.47720133133976
0.0,-1.037037037037006,59.0,59.824253,205.47720133133976
0.0,-0.755555555555593,58.0,57.754528,205.47720133133976
0.0,-0.31111111111118595,57.0,53.871082,205.47720133133976
0.0,-0.11851851851858713,56.0,54.002796,205.47720133133976
0.0,-0.5037037037037848,55.0,51.398464,205.47720133133976
0.0,0.42962962962960466,54.0,51.09809,205.47720133133976
0.0,-0.5629629629629942,53.0,52.601494,205.47720133133976
0.0,-0.37037037037039533,52.0,49.02328,205.47720133133976
0.0,0.2222222222222035,51.0,47.17278,205.47720133133976
0.0,-0.1777777777777965,50.0,46.182873,205.47720133133976
0.0,-0.5333333333333895,49.0,46.06274,205.47720133133976
0.0,0.4740740740741801,48.0,46.30342,205.47720133133976
0.0,0.1037037037037848,90.0,95.252846,205.47720133133976
0.0,-0.755555555555593,89.0,94.132996,205.47720133133976
0.0,-0.444444444444407,88.0,89.29628,205.47720133133976
0.0,-0.26666666666661054,87.0,88.15492,205.47720133133976
0.0,-0.07407407407401169,86.0,91.49671,205.47720133133976
0.0,-1.1703703703703954,85.0,90.25669,205.47720133133976
0.0,-0.14814814814819183,84.0,86.73468,205.47720133133976
0.0,-0.4,83.0,89.205475,205.47720133133976
0.0,0.26666666666677896,82.0,86.6017,205.47720133133976
0.0,-0.6962962962963837,81.0,85.26938,205.47720133133976
0.0,-0.6962962962963837,80.0,85.55565,205.47720133133976
0.0,-0.37037037037039533,79.0,87.91431,205.47720133133976
0.0,-0.5333333333333895,78.0,89.1234,205.47720133133976
0.0,0.3851851851851977,77.0,93.72486,205.47720133133976
0.0,0.08888888888898246,76.0,90.31198,205.47720133133976
0.0,-0.01481481481480234,75.0,89.01224,205.47720133133976
0.0,-0.7259259259259883,74.0,88.77311,205.47720133133976
0.0,-0.5185185185185871,73.0,88.141884,205.47720133133976
0.0,0.48888888888898246,72.0,84.09211,205.47720133133976
0.0,-0.45925925925920935,71.0,86.70311,205.47720133133976
0.0,-0.7703703703703954,70.0,89.42765,205.47720133133976
0.0,-0.08888888888881404,69.0,81.37722,205.47720133133976
0.0,0.2814814814815813,68.0,80.86998,205.47720133133976
0.0,-0.45925925925920935,67.0,80.976234,205.47720133133976
0.0,0.11851851851858713,66.0,80.08691,205.47720133133976
0.0,-1.4074074074074012,65.0,77.507355,205.47720133133976
0.0,0.7407407407407907,64.0,76.49656,205.47720133133976
0.0,-0.01481481481480234,63.0,76.50365,205.47720133133976
0.0,0.19259259259259884,62.0,81.15199,205.47720133133976
0.0,-0.8,61.0,75.359924,205.47720133133976
0.0,-0.1777777777777965,60.0,70.70917,205.47720133133976
0.0,0.42962962962960466,59.0,66.2388,205.47720133133976
0.0,-0.1777777777777965,58.0,66.484985,205.47720133133976
0.0,-0.07407407407401169,57.0,68.19812,205.47720133133976
0.0,0.0,56.0,64.22803,205.47720133133976
0.0,-0.6074074074074012,55.0,62.958,205.47720133133976
0.0,-0.8148148148148023,54.0,64.29286,205.47720133133976
0.0,-0.6666666666666106,53.0,61.341583,205.47720133133976
0.0,0.23703703703700585,52.0,59.00862,205.47720133133976
0.0,-0.05925925925920936,51.0,57.602882,205.47720133133976
0.0,0.14814814814819183,50.0,56.617485,205.47720133133976
0.0,0.8148148148149708,49.0,57.9996,205.47720133133976
0.0,0.23703703703700585,48.0,57.55582,205.47720133133976
0.0,0.2518518518518082,47.0,57.688217,205.47720133133976
0.0,-0.42962962962960466,46.0,58.81444,205.47720133133976
0.0,0.7407407407407907,45.0,55.916027,205.47720133133976
0.0,0.3259259259259883,44.0,54.61379,205.47720133133976
0.0,-0.05925925925920936,43.0,52.772396,205.47720133133976
0.0,0.9629629629629941,42.0,51.656075,205.47720133133976
0.0,0.02962962962960468,41.0,44.4371,205.47720133133976
0.0,0.666666666666779,40.0,42.111828,205.47720133133976
0.0,0.355555555555593,39.0,37.95766,205.47720133133976
0.0,0.4592592592593778,38.0,37.566494,205.47720133133976
0.0,-0.1777777777777965,37.0,41.799038,205.47720133133976
0.0,0.37037037037039533,36.0,41.440807,205.47720133133976
0.0,0.23703703703700585,35.0,39.85394,205.47720133133976
0.0,0.29629629629638365,34.0,40.816067,205.47720133133976
0.0,-0.02962962962960468,33.0,38.278248,205.47720133133976
0.0,0.37037037037039533,32.0,39.10095,205.47720133133976
0.0,0.4,31.0,38.01796,205.47720133133976
0.0,-0.20740740740740116,30.0,37.355167,205.47720133133976
0.0,0.9481481481481918,29.0,34.62799,205.47720133133976
0.0,0.355555555555593,28.0,34.04472,205.47720133133976
0.0,0.42962962962960466,27.0,30.979477,205.47720133133976
0.0,0.8888888888889824,26.0,28.47927,205.47720133133976
0.0,0.9037037037037848,25.0,25.95538,205.47720133133976
0.0,1.066666666666779,24.0,25.393803,205.47720133133976
0.0,1.2592592592593779,23.0,22.394203,205.47720133133976
0.0,0.5629629629629942,22.0,20.777937,205.47720133133976
0.0,0.2518518518518082,21.0,19.387524,205.47720133133976
0.0,0.4444444444445754,20.0,19.486975,205.47720133133976
0.0,0.8148148148149708,19.0,17.983372,205.47720133133976
0.0,1.7185185185185872,18.0,18.306057,205.47720133133976
0.0,0.8,17.0,17.314615,205.47720133133976
0.0,1.0962962962963836,16.0,17.676071,205.47720133133976
0.0,0.8296296296297732,15.0,16.67237,205.47720133133976
0.0,1.377777777777965,14.0,14.728894,205.47720133133976
0.0,1.6740740740741802,13.0,13.595567,205.47720133133976
0.0,1.1259259259259884,12.0,11.345698,205.47720133133976
0.0,0.8592592592593777,11.0,9.482379,205.47720133133976
0.0,0.9185185185185871,10.0,7.680933,205.47720133133976
0.0,1.066666666666779,9.0,5.989748,205.47720133133976
0.0,1.377777777777965,8.0,5.486296,205.47720133133976
0.0,1.6296296296297732,7.0,3.730908,205.47720133133976
0.0,-0.10370370370361637,89.0,115.81598,205.47720133133976
0.0,0.8,88.0,113.341095,205.47720133133976
0.0,-0.3259259259259883,87.0,112.455185,205.47720133133976
0.0,0.666666666666779,86.0,110.06067,205.47720133133976
0.0,0.8888888888889824,85.0,109.58383,205.47720133133976
0.0,0.19259259259259884,84.0,116.903595,205.47720133133976
0.0,0.37037037037039533,83.0,118.21707,205.47720133133976
0.0,0.37037037037039533,82.0,115.57124,205.47720133133976
0.0,0.9333333333333895,81.0,106.36119,205.47720133133976
0.0,0.8592592592593777,80.0,100.03871,205.47720133133976
0.0,-0.05925925925920936,79.0,95.84134,205.47720133133976
0.0,0.8740740740741801,78.0,89.59768,205.47720133133976
0.0,0.8740740740741801,77.0,79.26875,205.47720133133976
0.0,0.6962962962963837,76.0,71.80441,205.47720133133976
0.0,0.02962962962960468,75.0,74.91977,205.47720133133976
0.0,1.0962962962963836,74.0,72.304794,205.47720133133976
0.0,0.20740740740740116,73.0,67.171555,205.47720133133976
0.0,0.19259259259259884,72.0,69.948654,205.47720133133976
0.0,0.01481481481480234,71.0,72.44363,205.47720133133976
0.0,0.37037037037039533,70.0,74.771034,205.47720133133976
0.0,0.29629629629638365,69.0,72.613815,205.47720133133976
0.0,-0.14814814814819183,68.0,77.840744,205.47720133133976
0.0,-0.26666666666661054,67.0,73.71083,205.47720133133976
0.0,1.229629629629773,66.0,70.60097,205.47720133133976
0.0,0.5777777777777965,65.0,67.00792,205.47720133133976
0.0,0.4592592592593778,64.0,65.61497,205.47720133133976
0.0,0.1037037037037848,63.0,63.616493,205.47720133133976
0.0,0.4444444444445754,62.0,56.929302,205.47720133133976
0.0,0.5037037037037848,61.0,53.47083,205.47720133133976
0.0,0.6222222222222035,60.0,55.86317,205.47720133133976
0.0,0.2518518518518082,59.0,57.835693,205.47720133133976
0.0,0.2222222222222035,58.0,53.045094,205.47720133133976
0.0,0.711111111111186,57.0,49.921192,205.47720133133976
0.0,0.9333333333333895,56.0,49.287884,205.47720133133976
0.0,0.8444444444445754,55.0,46.42979,205.47720133133976
0.0,-0.08888888888881404,54.0,49.15106,205.47720133133976
0.0,1.3481481481481918,53.0,49.320953,205.47720133133976
0.0,1.466666666666779,52.0,45.295216,205.47720133133976
0.0,0.5037037037037848,51.0,45.693188,205.47720133133976
0.0,0.5629629629629942,50.0,45.874172,205.47720133133976
0.0,1.4814814814815813,49.0,43.92244,205.47720133133976
0.0,0.8,48.0,42.350933,205.47720133133976
0.0,0.5481481481481918,47.0,43.12888,205.47720133133976
0.0,1.1703703703703954,46.0,41.472424,205.47720133133976
0.0,0.4,45.0,44.16728,205.47720133133976
0.0,0.9185185185185871,44.0,42.195415,205.47720133133976
0.0,0.6222222222222035,43.0,41.927505,205.47720133133976
0.0,1.066666666666779,42.0,39.442955,205.47720133133976
0.0,1.1407407407407906,41.0,34.98337,205.47720133133976
0.0,0.9481481481481918,40.0,34.036655,205.47720133133976
0.0,0.42962962962960466,39.0,35.335693,205.47720133133976
0.0,0.5629629629629942,38.0,35.55458,205.47720133133976
0.0,1.1259259259259884,37.0,33.78374,205.47720133133976
0.0,0.6370370370371743,36.0,31.973637,205.47720133133976
0.0,1.022222222222372,35.0,33.77114,205.47720133133976
0.0,1.185185185185366,34.0,31.391125,205.47720133133976
0.0,0.8148148148149708,33.0,29.058079,205.47720133133976
0.0,1.3037037037037849,32.0,26.729115,205.47720133133976
0.0,0.7407407407407907,31.0,29.297302,205.47720133133976
0.0,1.4518518518519765,30.0,28.375751,205.47720133133976
0.0,0.8296296296297732,29.0,27.355286,205.47720133133976
0.0,1.2444444444445755,28.0,28.509672,205.47720133133976
0.0,0.5481481481481918,27.0,27.375816,205.47720133133976
0.0,1.5703703703705638,26.0,24.852188,205.47720133133976
0.0,0.4740740740741801,25.0,25.158764,205.47720133133976
0.0,0.9777777777777965,24.0,22.235218,205.47720133133976
0.0,1.0370370370371742,23.0,21.522942,205.47720133133976
0.0,0.9037037037037848,22.0,20.245972,205.47720133133976
0.0,1.8074074074075697,21.0,19.321,205.47720133133976
0.0,0.5185185185185871,20.0,20.023544,205.47720133133976
0.0,1.2000000000001685,19.0,18.4061,205.47720133133976
0.0,0.8296296296297732,18.0,17.992409,205.47720133133976
0.0,1.377777777777965,17.0,16.213829,205.47720133133976
0.0,1.3629629629629942,16.0,15.385571,205.47720133133976
0.0,1.2444444444445755,15.0,14.632467,205.47720133133976
0.0,1.155555555555593,14.0,13.140611,205.47720133133976
0.0,1.155555555555593,13.0,12.016539,205.47720133133976
0.0,1.111111111111186,12.0,11.264343,205.47720133133976
0.0,1.1259259259259884,11.0,9.806791,205.47720133133976
0.0,0.8,25.0,32.99896,205.47720133133976
0.0,1.2592592592593779,24.0,31.8815,205.47720133133976
0.0,0.7259259259259883,23.0,30.732334,205.47720133133976
0.0,1.5259259259259883,22.0,31.881458,205.47720133133976
0.0,0.5629629629629942,21.0,30.195578,205.47720133133976
0.0,1.5407407407407907,20.0,28.044762,205.47720133133976
0.0,0.4444444444445754,19.0,27.358166,205.47720133133976
0.0,0.5185185185185871,22.0,34.005085,205.47720133133976
0.0,1.0370370370371742,21.0,31.30052,205.47720133133976
0.0,0.8296296296297732,55.0,81.50366,205.47720133133976
0.0,0.8,54.0,75.43544,205.47720133133976
0.0,0.13333333333338948,53.0,75.78102,205.47720133133976
0.0,0.08888888888898246,52.0,67.629486,205.47720133133976
0.0,1.0074074074075696,51.0,60.51135,205.47720133133976
0.0,0.5925925925925988,50.0,58.992702,205.47720133133976
0.0,0.5037037037037848,41.0,52.44849,205.47720133133976
0.0,0.7851851851851976,40.0,47.263912,205.47720133133976
0.0,0.26666666666677896,39.0,49.096943,205.47720133133976
0.0,0.5925925925925988,38.0,48.050716,205.47720133133976
0.0,0.2518518518518082,37.0,46.97333,205.47720133133976
0.0,0.9481481481481918,36.0,43.931854,205.47720133133976
0.0,1.3333333333333894,35.0,43.343975,205.47720133133976
0.0,1.3037037037037849,34.0,42.638893,205.47720133133976
0.0,0.42962962962960466,33.0,39.76578,205.47720133133976
0.0,0.711111111111186,32.0,41.424046,205.47720133133976
0.0,0.9185185185185871,31.0,39.975254,205.47720133133976
0.0,0.8740740740741801,30.0,40.637627,205.47720133133976
0.0,0.5925925925925988,29.0,41.346516,205.47720133133976
0.0,0.8296296296297732,28.0,39.124516,205.47720133133976
0.0,0.31111111111118595,21.0,32.553627,205.47720133133976
0.0,0.6074074074074012,20.0,30.61914,205.47720133133976
0.0,0.6518518518519766,19.0,30.130806,205.47720133133976
0.0,-0.14814814814819183,18.0,29.346188,205.47720133133976
0.0,-0.1777777777777965,46.0,56.260784,205.47720133133976
0.0,0.34074074074079064,45.0,53.08774,205.47720133133976
0.0,0.9333333333333895,44.0,50.459503,205.47720133133976
0.0,0.4444444444445754,43.0,49.959797,205.47720133133976
0.0,0.3851851851851977,42.0,49.45135,205.47720133133976
0.0,-0.02962962962960468,41.0,48.94212,205.47720133133976
0.0,0.05925925925920936,40.0,49.226513,205.47720133133976
0.0,0.5925925925925988,39.0,48.38796,205.47720133133976
0.0,0.4740740740741801,38.0,46.4092,205.47720133133976
0.0,0.11851851851858713,37.0,44.989788,205.47720133133976
0.0,0.48888888888898246,36.0,41.576336,205.47720133133976
0.0,-0.6518518518518082,35.0,42.83711,205.47720133133976
0.0,0.11851851851858713,34.0,41.735744,205.47720133133976
0.0,0.3851851851851977,33.0,42.710987,205.47720133133976
0.0,0.6814814814815813,32.0,38.78906,205.47720133133976
0.0,1.0962962962963836,31.0,39.314007,205.47720133133976
0.0,0.8,30.0,38.1027,205.47720133133976
0.0,-0.08888888888881404,29.0,37.306263,205.47720133133976
0.0,0.42962962962960466,28.0,37.271088,205.47720133133976
0.0,0.19259259259259884,27.0,34.466717,205.47720133133976
0.0,0.7703703703703954,26.0,32.834625,205.47720133133976
0.0,0.6370370370371743,25.0,32.95369,205.47720133133976
0.0,0.6814814814815813,24.0,31.086893,205.47720133133976
0.0,0.6814814814815813,23.0,28.512964,205.47720133133976
0.0,0.19259259259259884,22.0,27.513935,205.47720133133976
0.0,0.23703703703700585,21.0,28.549294,205.47720133133976
0.0,-0.2518518518518082,20.0,27.90461,205.47720133133976
0.0,1.7777777777779649,19.0,25.96175,205.47720133133976
0.0,0.8444444444445754,18.0,23.444305,205.47720133133976
0.0,0.37037037037039533,17.0,22.297592,205.47720133133976
0.0,0.5629629629629942,16.0,21.465595,205.47720133133976
0.0,1.0370370370371742,15.0,18.297485,205.47720133133976
0.0,1.0962962962963836,14.0,17.309713,205.47720133133976
0.0,0.666666666666779,13.0,16.587826,205.47720133133976
0.0,0.6370370370371743,12.0,13.585508,205.47720133133976
0.0,2.1185185185187554,11.0,12.203202,205.47720133133976
0.0,0.9925925925925988,10.0,10.380525,205.47720133133976
0.0,-1.037037037037006,111.0,104.081696,205.47720133133976
0.0,-0.16296296296299415,110.0,105.798904,205.47720133133976
0.0,0.9333333333333895,109.0,105.334305,205.47720133133976
0.0,0.02962962962960468,108.0,109.596634,205.47720133133976
0.0,-0.26666666666661054,107.0,109.40239,205.47720133133976
0.0,-0.5037037037037848,106.0,116.91283,205.47720133133976
0.0,-0.444444444444407,105.0,117.4464,205.47720133133976
0.0,0.23703703703700585,104.0,113.276825,205.47720133133976
0.0,-1.0518518518519766,103.0,116.23869,205.47720133133976
0.0,0.42962962962960466,102.0,112.9366,205.47720133133976
0.0,-0.42962962962960466,101.0,107.97194,205.47720133133976
0.0,-0.3851851851851977,100.0,109.88278,205.47720133133976
0.0,-0.14814814814819183,99.0,111.11748,205.47720133133976
0.0,-1.037037037037006,98.0,112.26298,205.47720133133976
0.0,0.04444444444440702,97.0,111.010864,205.47720133133976
0.0,-0.7259259259259883,96.0,110.719406,205.47720133133976
0.0,0.20740740740740116,95.0,109.80258,205.47720133133976
0.0,0.711111111111186,94.0,115.91238,205.47720133133976
0.0,-0.19259259259259884,93.0,116.56713,205.47720133133976
0.0,0.355555555555593,92.0,110.365295,205.47720133133976
0.0,-0.5629629629629942,91.0,110.405014,205.47720133133976
0.0,-0.5925925925925988,90.0,105.94186,205.47720133133976
0.0,-0.5925925925925988,89.0,108.219124,205.47720133133976
0.0,0.37037037037039533,88.0,107.6575,205.47720133133976
0.0,0.34074074074079064,87.0,106.56417,205.47720133133976
0.0,-0.31111111111118595,86.0,87.17038,205.47720133133976
0.0,-0.711111111111186,85.0,82.89406,205.47720133133976
0.0,-0.34074074074079064,84.0,83.00745,205.47720133133976
0.0,0.34074074074079064,83.0,77.47916,205.47720133133976
0.0,0.4740740740741801,82.0,77.17881,205.47720133133976
0.0,0.29629629629638365,81.0,77.06583,205.47720133133976
0.0,0.7259259259259883,80.0,77.45932,205.47720133133976
0.0,-0.3851851851851977,79.0,76.32068,205.47720133133976
0.0,-0.42962962962960466,78.0,69.780655,205.47720133133976
0.0,0.3259259259259883,77.0,65.45488,205.47720133133976
0.0,0.04444444444440702,76.0,62.72056,205.47720133133976
0.0,0.355555555555593,75.0,56.55451,205.47720133133976
0.0,0.23703703703700585,74.0,59.164936,205.47720133133976
0.0,-0.34074074074079064,73.0,59.166595,205.47720133133976
0.0,0.5777777777777965,72.0,58.391666,205.47720133133976
0.0,0.20740740740740116,71.0,59.091747,205.47720133133976
0.0,0.4148148148148023,70.0,63.168045,205.47720133133976
0.0,0.19259259259259884,69.0,58.39661,205.47720133133976
0.0,0.5481481481481918,68.0,60.017467,205.47720133133976
0.0,-0.04444444444440702,67.0,58.27434,205.47720133133976
0.0,-0.1777777777777965,66.0,57.060207,205.47720133133976
0.0,0.5185185185185871,65.0,56.46553,205.47720133133976
0.0,0.19259259259259884,64.0,52.71185,205.47720133133976
0.0,0.07407407407418012,63.0,53.038574,205.47720133133976
0.0,1.6000000000001684,62.0,51.639126,205.47720133133976
0.0,0.6518518518519766,61.0,50.871742,205.47720133133976
0.0,0.42962962962960466,60.0,50.772926,205.47720133133976
0.0,0.19259259259259884,59.0,46.52104,205.47720133133976
0.0,0.2518518518518082,146.0,132.85455,205.47720133133976
0.0,0.14814814814819183,145.0,133.04999,205.47720133133976
0.0,-0.02962962962960468,144.0,131.27512,205.47720133133976
0.0,0.23703703703700585,143.0,132.65524,205.47720133133976
0.0,0.6518518518519766,142.0,131.89291,205.47720133133976
0.0,0.19259259259259884,141.0,133.6011,205.47720133133976
0.0,-0.26666666666661054,140.0,133.21982,205.47720133133976
0.0,-0.16296296296299415,139.0,135.62086,205.47720133133976
0.0,1.3629629629629942,138.0,132.61423,205.47720133133976
0.0,0.2222222222222035,137.0,128.8081,205.47720133133976
0.0,-0.2222222222222035,136.0,129.09122,205.47720133133976
0.0,0.2518518518518082,135.0,127.312,205.47720133133976
0.0,-0.19259259259259884,134.0,127.45448,205.47720133133976
0.0,-0.23703703703700585,133.0,133.85838,205.47720133133976
0.0,0.8888888888889824,132.0,135.01773,205.47720133133976
0.0,-0.07407407407401169,131.0,131.76451,205.47720133133976
0.0,0.5185185185185871,130.0,126.10057,205.47720133133976
0.0,0.0,129.0,126.19076,205.47720133133976
0.0,0.05925925925920936,128.0,120.926865,205.47720133133976
0.0,0.04444444444440702,127.0,122.37513,205.47720133133976
0.0,-0.355555555555593,126.0,123.35136,205.47720133133976
0.0,0.07407407407418012,125.0,121.42676,205.47720133133976
0.0,-0.2222222222222035,124.0,124.14031,205.47720133133976
0.0,-0.01481481481480234,123.0,127.46288,205.47720133133976
0.0,0.5777777777777965,122.0,119.752914,205.47720133133976
0.0,0.355555555555593,121.0,123.51952,205.47720133133976
0.0,0.5185185185185871,120.0,125.74586,205.47720133133976
0.0,0.8888888888889824,119.0,123.99887,205.47720133133976
0.0,0.4592592592593778,118.0,119.32676,205.47720133133976
0.0,0.4,117.0,114.19909,205.47720133133976
0.0,0.1037037037037848,116.0,106.608185,205.47720133133976
0.0,0.6962962962963837,115.0,109.79344,205.47720133133976
0.0,0.16296296296299415,114.0,102.76965,205.47720133133976
0.0,0.3259259259259883,73.0,75.177414,205.47720133133976
0.0,0.20740740740740116,72.0,72.86534,205.47720133133976
0.0,0.16296296296299415,71.0,76.74768,205.47720133133976
0.0,0.666666666666779,70.0,71.4686,205.47720133133976
0.0,0.20740740740740116,69.0,77.88829,205.47720133133976
0.0,0.14814814814819183,68.0,71.77618,205.47720133133976
0.0,0.2814814814815813,67.0,67.70621,205.47720133133976
0.0,0.13333333333338948,66.0,67.65713,205.47720133133976
0.0,0.02962962962960468,65.0,63.912685,205.47720133133976
0.0,0.5037037037037848,64.0,63.33872,205.47720133133976
0.0,0.7407407407407907,63.0,59.68039,205.47720133133976
0.0,0.4,62.0,58.753246,205.47720133133976
0.0,0.9481481481481918,61.0,55.121624,205.47720133133976
0.0,0.9481481481481918,60.0,54.32161,205.47720133133976
0.0,0.6222222222222035,59.0,53.942043,205.47720133133976
0.0,0.2222222222222035,58.0,54.10993,205.47720133133976
0.0,0.23703703703700585,57.0,49.5433,205.47720133133976
0.0,0.5333333333333895,56.0,51.008816,205.47720133133976
0.0,0.5185185185185871,55.0,49.612568,205.47720133133976
0.0,0.23703703703700585,54.0,48.082874,205.47720133133976
0.0,0.2518518518518082,53.0,47.20417,205.47720133133976
0.0,-0.4148148148148023,52.0,47.355812,205.47720133133976
0.0,1.0518518518519766,51.0,46.782772,205.47720133133976
0.0,0.5629629629629942,50.0,47.292675,205.47720133133976
0.0,0.9925925925925988,49.0,45.05656,205.47720133133976
0.0,1.3925925925927674,48.0,41.078373,205.47720133133976
0.0,0.2222222222222035,47.0,41.580105,205.47720133133976
0.0,-0.2814814814814129,204.0,146.32574,205.47720133133976
0.0,-0.34074074074079064,203.0,143.54242,205.47720133133976
0.0,-0.8,202.0,138.67545,205.47720133133976
0.0,-0.6518518518518082,201.0,138.4967,205.47720133133976
0.0,-0.8888888888889824,200.0,139.075,205.47720133133976
0.0,-0.10370370370361637,199.0,134.86325,205.47720133133976
0.0,0.1037037037037848,198.0,134.59348,205.47720133133976
0.0,-0.8148148148148023,197.0,135.9057,205.47720133133976
0.0,-1.5555555555555929,196.0,138.0841,205.47720133133976
0.0,-0.8740740740741801,195.0,134.14902,205.47720133133976
0.0,-1.007407407407401,194.0,134.88928,205.47720133133976
0.0,-0.5481481481481918,193.0,134.56859,205.47720133133976
0.0,-0.6222222222222035,192.0,133.97346,205.47720133133976
0.0,-0.6518518518518082,191.0,131.38821,205.47720133133976
0.0,-0.6814814814815813,190.0,129.86925,205.47720133133976
0.0,-0.755555555555593,189.0,128.44101,205.47720133133976
0.0,0.07407407407418012,188.0,127.45006,205.47720133133976
0.0,-0.5481481481481918,187.0,129.50266,205.47720133133976
0.0,-0.34074074074079064,186.0,129.80472,205.47720133133976
0.0,-0.20740740740740116,185.0,125.40842,205.47720133133976
0.0,-0.355555555555593,184.0,125.30754,205.47720133133976
0.0,-0.45925925925920935,183.0,123.64909,205.47720133133976
0.0,-1.3333333333333894,182.0,121.64833,205.47720133133976
0.0,-0.10370370370361637,181.0,120.37157,205.47720133133976
0.0,-0.42962962962960466,180.0,121.0413,205.47720133133976
0.0,0.4740740740741801,179.0,117.120544,205.47720133133976
0.0,0.04444444444440702,178.0,119.93393,205.47720133133976
0.0,-0.2518518518518082,177.0,120.247955,205.47720133133976
0.0,-0.9185185185185871,176.0,122.659515,205.47720133133976
0.0,-0.01481481481480234,175.0,121.6768,205.47720133133976
0.0,-0.4,174.0,123.08456,205.47720133133976
0.0,-0.6074074074074012,173.0,125.0941,205.47720133133976
0.0,0.04444444444440702,172.0,126.47881,205.47720133133976
0.0,-0.9481481481481918,171.0,131.77945,205.47720133133976
0.0,-0.5777777777777965,170.0,134.5973,205.47720133133976
0.0,-1.466666666666779,169.0,141.8941,205.47720133133976
0.0,0.29629629629638365,168.0,147.55042,205.47720133133976
0.0,-0.4,167.0,151.4625,205.47720133133976
0.0,-0.844444444444407,166.0,152.60013,205.47720133133976
0.0,-0.2814814814814129,165.0,155.35959,205.47720133133976
0.0,-0.4,164.0,157.44006,205.47720133133976
0.0,0.0,163.0,159.12762,205.47720133133976
0.0,-1.066666666666779,162.0,161.32199,205.47720133133976
0.0,-0.8592592592593777,161.0,163.98114,205.47720133133976
0.0,-0.9185185185185871,160.0,160.48743,205.47720133133976
0.0,-0.3259259259259883,159.0,157.82588,205.47720133133976
0.0,-0.2518518518518082,158.0,155.25418,205.47720133133976
0.0,-0.3851851851851977,157.0,156.28589,205.47720133133976
0.0,-0.45925925925920935,156.0,155.51797,205.47720133133976
0.0,-0.6666666666666106,155.0,153.2216,205.47720133133976
0.0,-1.2888888888889825,154.0,153.42865,205.47720133133976
0.0,-0.444444444444407,153.0,152.01068,205.47720133133976
0.0,-0.5777777777777965,152.0,146.98698,205.47720133133976
0.0,-0.8888888888889824,151.0,144.9259,205.47720133133976
0.0,-0.8740740740741801,150.0,147.1112,205.47720133133976
0.0,0.08888888888898246,149.0,146.52661,205.47720133133976
0.0,-0.5777777777777965,148.0,147.74806,205.47720133133976
0.0,-0.2222222222222035,147.0,147.14441,205.47720133133976
0.0,-0.5037037037037848,146.0,148.70496,205.47720133133976
0.0,-1.6000000000001684,145.0,148.12451,205.47720133133976
0.0,-0.7703703703703954,144.0,149.32793,205.47720133133976
0.0,-0.07407407407401169,143.0,151.36693,205.47720133133976
0.0,-0.5333333333333895,142.0,154.46758,205.47720133133976
0.0,-0.4740740740740117,141.0,153.81819,205.47720133133976
0.0,-0.48888888888898246,140.0,153.25894,205.47720133133976
0.0,0.04444444444440702,139.0,147.53546,205.47720133133976
0.0,-0.444444444444407,138.0,145.61284,205.47720133133976
0.0,-0.14814814814819183,137.0,138.45279,205.47720133133976
0.0,-0.5481481481481918,136.0,134.27054,205.47720133133976
0.0,-0.01481481481480234,135.0,127.73323,205.47720133133976
0.0,0.2814814814815813,134.0,129.80984,205.47720133133976
0.0,-1.037037037037006,133.0,131.51143,205.47720133133976
0.0,-0.355555555555593,132.0,130.28995,205.47720133133976
0.0,-0.6666666666666106,131.0,129.53418,205.47720133133976
0.0,-0.20740740740740116,130.0,127.43413,205.47720133133976
0.0,0.02962962962960468,129.0,127.00986,205.47720133133976
0.0,-0.844444444444407,128.0,127.641754,205.47720133133976
0.0,-0.11851851851858713,127.0,128.20499,205.47720133133976
0.0,-0.4148148148148023,126.0,130.22693,205.47720133133976
0.0,-0.11851851851858713,125.0,132.7034,205.47720133133976
0.0,-0.23703703703700585,124.0,131.55304,205.47720133133976
0.0,-0.5333333333333895,123.0,134.99828,205.47720133133976
0.0,-0.20740740740740116,122.0,134.07085,205.47720133133976
0.0,-0.45925925925920935,121.0,133.56754,205.47720133133976
0.0,-0.7259259259259883,120.0,137.76022,205.47720133133976
0.0,-0.48888888888898246,119.0,136.3285,205.47720133133976
0.0,0.4592592592593778,118.0,139.97916,205.47720133133976
0.0,0.1037037037037848,117.0,138.73352,205.47720133133976
0.0,-0.444444444444407,116.0,134.19292,205.47720133133976
0.0,-0.7851851851851976,115.0,134.65147,205.47720133133976
0.0,-0.26666666666661054,114.0,131.94441,205.47720133133976
0.0,-0.2222222222222035,113.0,138.77623,205.47720133133976
0.0,-0.1777777777777965,112.0,133.15651,205.47720133133976
0.0,-0.5333333333333895,111.0,118.20647,205.47720133133976
0.0,-0.10370370370361637,110.0,102.10182,205.47720133133976
0.0,-0.2518518518518082,109.0,98.29888,205.47720133133976
0.0,0.42962962962960466,108.0,100.9964,205.47720133133976
0.0,-0.31111111111118595,107.0,101.51126,205.47720133133976
0.0,-0.20740740740740116,106.0,100.86176,205.47720133133976
0.0,-0.4,105.0,95.22505,205.47720133133976
0.0,-0.355555555555593,104.0,99.519135,205.47720133133976
0.0,-0.6518518518518082,103.0,98.06161,205.47720133133976
0.0,-0.6370370370370059,102.0,99.35808,205.47720133133976
0.0,0.4,101.0,97.12276,205.47720133133976
0.0,-0.7703703703703954,100.0,98.70728,205.47720133133976
0.0,-0.07407407407401169,99.0,97.599556,205.47720133133976
0.0,-0.04444444444440702,98.0,96.691185,205.47720133133976
0.0,-0.45925925925920935,97.0,96.11283,205.47720133133976
0.0,-0.07407407407401169,96.0,93.78003,205.47720133133976
0.0,1.111111111111186,95.0,94.50905,205.47720133133976
0.0,0.08888888888898246,94.0,94.71213,205.47720133133976
0.0,0.34074074074079064,93.0,96.63401,205.47720133133976
0.0,0.08888888888898246,92.0,94.5623,205.47720133133976
0.0,0.4,91.0,93.05005,205.47720133133976
0.0,-0.16296296296299415,90.0,87.995636,205.47720133133976
0.0,-1.007407407407401,89.0,93.7814,205.47720133133976
0.0,-0.2518518518518082,88.0,96.419106,205.47720133133976
0.0,0.31111111111118595,87.0,93.01889,205.47720133133976
0.0,0.34074074074079064,86.0,89.20291,205.47720133133976
0.0,-0.8740740740741801,85.0,87.933945,205.47720133133976
0.0,0.3851851851851977,84.0,88.8363,205.47720133133976
0.0,-0.20740740740740116,83.0,86.29649,205.47720133133976
0.0,0.9925925925925988,82.0,85.06224,205.47720133133976
0.0,0.5629629629629942,81.0,81.8723,205.47720133133976
0.0,0.08888888888898246,80.0,77.499886,205.47720133133976
0.0,-0.26666666666661054,79.0,79.44884,205.47720133133976
0.0,-0.2518518518518082,78.0,71.821075,205.47720133133976
0.0,0.01481481481480234,77.0,69.39075,205.47720133133976
0.0,-0.1777777777777965,76.0,65.67877,205.47720133133976
0.0,0.5333333333333895,75.0,68.22731,205.47720133133976
0.0,0.14814814814819183,74.0,62.814022,205.47720133133976
0.0,0.01481481481480234,73.0,63.188602,205.47720133133976
0.0,-0.19259259259259884,72.0,64.163,205.47720133133976
0.0,0.1037037037037848,71.0,64.296455,205.47720133133976
0.0,0.01481481481480234,70.0,63.376778,205.47720133133976
0.0,0.4740740740741801,69.0,66.77565,205.47720133133976
0.0,-0.5925925925925988,68.0,65.82222,205.47720133133976
0.0,0.5481481481481918,67.0,63.325497,205.47720133133976
0.0,1.1407407407407906,66.0,67.39523,205.47720133133976
0.0,0.19259259259259884,65.0,62.48822,205.47720133133976
0.0,0.4740740740741801,64.0,61.66786,205.47720133133976
0.0,-0.1777777777777965,63.0,66.94245,205.47720133133976
0.0,-0.07407407407401169,62.0,70.15591,205.47720133133976
0.0,1.229629629629773,61.0,62.12826,205.47720133133976
0.0,-0.1777777777777965,60.0,67.03035,205.47720133133976
0.0,0.31111111111118595,59.0,64.87308,205.47720133133976
0.0,0.6518518518519766,58.0,62.25983,205.47720133133976
0.0,-0.14814814814819183,57.0,56.69652,205.47720133133976
0.0,0.2814814814815813,56.0,53.603725,205.47720133133976
0.0,0.5777777777777965,55.0,54.357258,205.47720133133976
0.0,0.9037037037037848,54.0,50.961117,205.47720133133976
0.0,0.5777777777777965,53.0,50.131794,205.47720133133976
0.0,0.16296296296299415,52.0,50.292637,205.47720133133976
0.0,0.6074074074074012,51.0,47.03542,205.47720133133976
0.0,0.4592592592593778,50.0,45.993168,205.47720133133976
0.0,0.4740740740741801,49.0,42.574825,205.47720133133976
0.0,0.5925925925925988,48.0,42.7598,205.47720133133976
0.0,1.0370370370371742,47.0,40.87794,205.47720133133976
0.0,0.6222222222222035,46.0,39.490795,205.47720133133976
0.0,1.6888888888889824,45.0,34.609554,205.47720133133976
0.0,-0.4,44.0,35.45588,205.47720133133976
0.0,0.6518518518519766,43.0,34.979004,205.47720133133976
0.0,0.1037037037037848,42.0,35.9456,205.47720133133976
0.0,0.05925925925920936,41.0,34.251663,205.47720133133976
0.0,0.5481481481481918,40.0,36.346645,205.47720133133976
0.0,0.8148148148149708,39.0,37.43636,205.47720133133976
0.0,0.6962962962963837,38.0,37.393555,205.47720133133976
0.0,-0.14814814814819183,37.0,35.322342,205.47720133133976
0.0,0.8592592592593777,36.0,33.69286,205.47720133133976
0.0,0.6370370370371743,35.0,31.531654,205.47720133133976
0.0,0.4592592592593778,34.0,28.913525,205.47720133133976
0.0,0.8592592592593777,33.0,28.295834,205.47720133133976
0.0,1.3629629629629942,32.0,28.825058,205.47720133133976
0.0,0.8888888888889824,31.0,27.81491,205.47720133133976
0.0,0.4740740740741801,30.0,24.044827,205.47720133133976
0.0,1.3925925925927674,29.0,22.366844,205.47720133133976
0.0,0.7703703703703954,28.0,22.065458,205.47720133133976
0.0,0.8,27.0,21.808964,205.47720133133976
0.0,0.4592592592593778,26.0,19.701279,205.47720133133976
0.0,1.4370370370371743,25.0,19.921478,205.47720133133976
0.0,1.5555555555557614,24.0,18.48431,205.47720133133976
0.0,1.066666666666779,23.0,17.422403,205.47720133133976
0.0,0.4444444444445754,22.0,17.964712,205.47720133133976
0.0,0.8444444444445754,21.0,15.49007,205.47720133133976
0.0,-0.9037037037037848,138.0,109.44839,205.47720133133976
0.0,0.355555555555593,137.0,105.11285,205.47720133133976
0.0,0.6814814814815813,136.0,102.3179,205.47720133133976
0.0,-0.5333333333333895,135.0,103.15609,205.47720133133976
0.0,0.42962962962960466,134.0,99.91044,205.47720133133976
0.0,-0.08888888888881404,133.0,96.91005,205.47720133133976
0.0,-0.23703703703700585,132.0,102.09294,205.47720133133976
0.0,-0.5777777777777965,131.0,103.38935,205.47720133133976
0.0,0.01481481481480234,130.0,100.35361,205.47720133133976
0.0,-0.05925925925920936,129.0,103.73761,205.47720133133976
0.0,-0.07407407407401169,128.0,98.031265,205.47720133133976
0.0,-0.844444444444407,127.0,97.51727,205.47720133133976
0.0,0.1777777777777965,126.0,95.78264,205.47720133133976
0.0,-0.01481481481480234,125.0,94.287094,205.47720133133976
0.0,-0.02962962962960468,124.0,96.5036,205.47720133133976
0.0,-0.05925925925920936,123.0,93.15544,205.47720133133976
0.0,0.16296296296299415,122.0,98.427475,205.47720133133976
0.0,-0.05925925925920936,121.0,95.506134,205.47720133133976
0.0,-0.2518518518518082,120.0,96.858536,205.47720133133976
0.0,-0.45925925925920935,119.0,95.43953,205.47720133133976
0.0,-0.08888888888881404,118.0,99.32471,205.47720133133976
0.0,0.1777777777777965,117.0,94.542046,205.47720133133976
0.0,-0.6814814814815813,116.0,93.554825,205.47720133133976
0.0,0.755555555555593,115.0,93.91941,205.47720133133976
0.0,-0.11851851851858713,114.0,94.104294,205.47720133133976
0.0,-0.9037037037037848,98.0,150.714,205.47720133133976
0.0,-0.5925925925925988,97.0,146.89966,205.47720133133976
0.0,-0.9185185185185871,96.0,145.27628,205.47720133133976
0.0,-1.1407407407407906,95.0,144.73087,205.47720133133976
0.0,-0.08888888888881404,94.0,145.06268,205.47720133133976
0.0,-0.5185185185185871,93.0,145.00603,205.47720133133976
0.0,-0.844444444444407,92.0,144.04388,205.47720133133976
0.0,-1.2444444444445755,91.0,143.60535,205.47720133133976
0.0,-1.229629629629773,90.0,142.90878,205.47720133133976
0.0,0.13333333333338948,89.0,138.65622,205.47720133133976
0.0,0.05925925925920936,88.0,136.7437,205.47720133133976
0.0,-1.3777777777777964,87.0,137.79706,205.47720133133976
0.0,-0.6518518518518082,86.0,134.81801,205.47720133133976
0.0,-1.422222222222372,85.0,132.54367,205.47720133133976
0.0,-0.11851851851858713,84.0,128.89484,205.47720133133976
0.0,0.13333333333338948,83.0,122.17908,205.47720133133976
0.0,-1.3629629629629942,82.0,121.48694,205.47720133133976
0.0,-0.6370370370370059,81.0,113.83331,205.47720133133976
0.0,-0.4148148148148023,80.0,112.6198,205.47720133133976
0.0,-1.0518518518519766,79.0,108.175674,205.47720133133976
0.0,-0.8888888888889824,78.0,104.19119,205.47720133133976
0.0,-0.23703703703700585,77.0,98.71714,205.47720133133976
0.0,-0.6370370370370059,76.0,93.041794,205.47720133133976
0.0,0.01481481481480234,75.0,94.31863,205.47720133133976
0.0,-0.444444444444407,74.0,95.40889,205.47720133133976
0.0,0.48888888888898246,73.0,90.6736,205.47720133133976
0.0,0.355555555555593,72.0,91.054825,205.47720133133976
0.0,-0.844444444444407,71.0,86.981,205.47720133133976
0.0,-0.4148148148148023,70.0,83.40181,205.47720133133976
0.0,-0.8888888888889824,69.0,80.24019,205.47720133133976
0.0,0.355555555555593,68.0,77.8113,205.47720133133976
0.0,0.0,67.0,77.411285,205.47720133133976
0.0,0.04444444444440702,66.0,72.5458,205.47720133133976
0.0,0.4444444444445754,65.0,68.625565,205.47720133133976
0.0,-0.23703703703700585,64.0,70.04166,205.47720133133976
0.0,-0.14814814814819183,63.0,69.70604,205.47720133133976
0.0,-0.6814814814815813,62.0,67.63203,205.47720133133976
0.0,0.1777777777777965,61.0,68.540405,205.47720133133976
0.0,-0.04444444444440702,60.0,69.01471,205.47720133133976
0.0,0.4,59.0,65.427315,205.47720133133976
0.0,-0.20740740740740116,58.0,62.94183,205.47720133133976
0.0,-0.16296296296299415,57.0,63.919376,205.47720133133976
0.0,-0.3851851851851977,56.0,64.92538,205.47720133133976
0.0,-0.6222222222222035,55.0,64.79175,205.47720133133976
0.0,-0.444444444444407,54.0,60.747013,205.47720133133976
0.0,-0.9037037037037848,53.0,60.00429,205.47720133133976
0.0,-0.4,52.0,58.911083,205.47720133133976
0.0,-0.711111111111186,51.0,55.67624,205.47720133133976
0.0,0.16296296296299415,50.0,51.349285,205.47720133133976
0.0,-0.4148148148148023,49.0,52.76108,205.47720133133976
0.0,-0.4740740740740117,48.0,50.69006,205.47720133133976
0.0,-0.48888888888898246,47.0,47.963802,205.47720133133976
0.0,0.20740740740740116,46.0,46.871204,205.47720133133976
0.0,0.8740740740741801,45.0,45.444256,205.47720133133976
0.0,-0.05925925925920936,44.0,42.61012,205.47720133133976
0.0,0.1037037037037848,43.0,41.465504,205.47720133133976
0.0,0.11851851851858713,42.0,42.71858,205.47720133133976
0.0,0.2222222222222035,41.0,42.752125,205.47720133133976
0.0,0.29629629629638365,40.0,39.39294,205.47720133133976
0.0,0.355555555555593,39.0,38.853405,205.47720133133976
0.0,-0.9037037037037848,38.0,40.28646,205.47720133133976
0.0,0.4740740740741801,37.0,36.23443,205.47720133133976
0.0,0.08888888888898246,36.0,37.53088,205.47720133133976
0.0,-0.6962962962963837,35.0,36.89819,205.47720133133976
0.0,0.4,34.0,35.24646,205.47720133133976
0.0,-0.08888888888881404,33.0,35.796665,205.47720133133976
0.0,-0.37037037037039533,32.0,34.48085,205.47720133133976
0.0,0.2814814814815813,31.0,32.799854,205.47720133133976
0.0,-0.08888888888881404,30.0,33.839504,205.47720133133976
0.0,0.755555555555593,29.0,30.14417,205.47720133133976
0.0,0.2518518518518082,70.0,74.757034,205.47720133133976
0.0,-0.23703703703700585,69.0,77.16315,205.47720133133976
0.0,-0.4148148148148023,68.0,77.53244,205.47720133133976
0.0,0.08888888888898246,67.0,77.284225,205.47720133133976
0.0,-0.4148148148148023,66.0,74.13541,205.47720133133976
0.0,-0.08888888888881404,65.0,72.711945,205.47720133133976
0.0,0.20740740740740116,64.0,72.66733,205.47720133133976
0.0,0.13333333333338948,63.0,67.498215,205.47720133133976
0.0,-0.444444444444407,62.0,66.24933,205.47720133133976
0.0,-0.4,61.0,67.900185,205.47720133133976
0.0,-0.2222222222222035,60.0,66.48961,205.47720133133976
0.0,0.5629629629629942,59.0,68.26207,205.47720133133976
0.0,0.4740740740741801,58.0,66.58008,205.47720133133976
0.0,0.20740740740740116,57.0,64.596504,205.47720133133976
0.0,0.4592592592593778,56.0,63.25275,205.47720133133976
0.0,-0.37037037037039533,55.0,60.259144,205.47720133133976
0.0,-0.2518518518518082,54.0,61.463215,205.47720133133976
0.0,0.5481481481481918,53.0,60.635036,205.47720133133976
0.0,-0.07407407407401169,52.0,59.67421,205.47720133133976
0.0,-0.4,51.0,59.425934,205.47720133133976
0.0,-0.5333333333333895,50.0,63.58106,205.47720133133976
0.0,-0.45925925925920935,49.0,60.539345,205.47720133133976
0.0,0.11851851851858713,48.0,60.694515,205.47720133133976
0.0,0.6074074074074012,47.0,58.116837,205.47720133133976
0.0,-0.14814814814819183,46.0,58.713634,205.47720133133976
0.0,1.155555555555593,45.0,54.42938,205.47720133133976
0.0,0.16296296296299415,44.0,55.39708,205.47720133133976
0.0,0.8,43.0,51.696033,205.47720133133976
0.0,0.2814814814815813,42.0,52.36568,205.47720133133976
0.0,-0.9777777777777965,41.0,52.996326,205.47720133133976
0.0,-0.3851851851851977,40.0,55.3985,205.47720133133976
0.0,-0.3259259259259883,39.0,51.931522,205.47720133133976
0.0,-0.2222222222222035,38.0,49.53203,205.47720133133976
0.0,0.2222222222222035,37.0,50.54926,205.47720133133976
0.0,0.5333333333333895,36.0,48.922146,205.47720133133976
0.0,0.0,35.0,48.420673,205.47720133133976
0.0,1.377777777777965,34.0,44.467716,205.47720133133976
0.0,0.355555555555593,33.0,42.486256,205.47720133133976
0.0,0.3851851851851977,32.0,39.68098,205.47720133133976
0.0,0.20740740740740116,31.0,36.98068,205.47720133133976
0.0,-0.2222222222222035,30.0,37.674046,205.47720133133976
0.0,0.3259259259259883,29.0,35.74799,205.47720133133976
0.0,0.711111111111186,28.0,33.933773,205.47720133133976
0.0,0.3259259259259883,27.0,34.85631,205.47720133133976
0.0,0.34074074074079064,26.0,32.56388,205.47720133133976
0.0,-1.037037037037006,98.0,133.8446,205.47720133133976
0.0,-0.31111111111118595,97.0,134.38733,205.47720133133976
0.0,1.022222222222372,31.0,41.327248,205.47720133133976
0.0,0.8740740740741801,30.0,37.85246,205.47720133133976
0.0,0.5925925925925988,29.0,35.548687,205.47720133133976
0.0,0.8592592592593777,28.0,32.94853,205.47720133133976
0.0,-0.2222222222222035,27.0,34.363777,205.47720133133976
0.0,0.8148148148149708,26.0,34.932606,205.47720133133976
0.0,0.6518518518519766,25.0,31.496094,205.47720133133976
0.0,1.27407407407418,24.0,29.658634,205.47720133133976
0.0,1.3481481481481918,23.0,27.554035,205.47720133133976
0.0,1.4814814814815813,22.0,27.102442,205.47720133133976
0.0,0.6074074074074012,21.0,26.946583,205.47720133133976
0.0,1.155555555555593,20.0,24.487215,205.47720133133976
0.0,2.07407407407418,19.0,22.290085,205.47720133133976
0.0,1.4370370370371743,18.0,21.17532,205.47720133133976
0.0,0.6814814814815813,17.0,19.496925,205.47720133133976
0.0,0.7407407407407907,16.0,18.460447,205.47720133133976
0.0,1.0074074074075696,15.0,17.876282,205.47720133133976
0.0,0.14814814814819183,143.0,102.51018,205.47720133133976
0.0,0.6518518518519766,142.0,104.31231,205.47720133133976
0.0,0.4444444444445754,141.0,102.70093,205.47720133133976
0.0,1.5703703703705638,140.0,97.28238,205.47720133133976
0.0,-0.10370370370361637,139.0,94.405655,205.47720133133976
0.0,0.1777777777777965,138.0,93.08815,205.47720133133976
0.0,0.14814814814819183,137.0,83.682785,205.47720133133976
0.0,0.1037037037037848,136.0,83.80544,205.47720133133976
0.0,0.755555555555593,135.0,80.62975,205.47720133133976
0.0,-0.16296296296299415,134.0,81.89635,205.47720133133976
0.0,-0.13333333333338948,133.0,83.93502,205.47720133133976
0.0,0.11851851851858713,132.0,80.952805,205.47720133133976
0.0,1.0370370370371742,131.0,78.520096,205.47720133133976
0.0,0.5629629629629942,130.0,73.767006,205.47720133133976
0.0,0.4148148148148023,129.0,72.835754,205.47720133133976
0.0,0.1037037037037848,128.0,75.07384,205.47720133133976
0.0,-0.01481481481480234,127.0,78.89285,205.47720133133976
0.0,-0.05925925925920936,126.0,78.35014,205.47720133133976
0.0,-0.6962962962963837,125.0,85.054276,205.47720133133976
0.0,0.05925925925920936,124.0,84.37242,205.47720133133976
0.0,-0.3259259259259883,123.0,83.697075,205.47720133133976
0.0,-0.9629629629629941,122.0,81.786194,205.47720133133976
0.0,-0.04444444444440702,121.0,77.28955,205.47720133133976
0.0,-0.23703703703700585,120.0,76.36332,205.47720133133976
0.0,0.31111111111118595,119.0,76.870926,205.47720133133976
0.0,0.37037037037039533,118.0,76.68527,205.47720133133976
0.0,0.11851851851858713,117.0,80.731674,205.47720133133976
0.0,-0.04444444444440702,116.0,82.600464,205.47720133133976
0.0,0.05925925925920936,115.0,83.111244,205.47720133133976
0.0,0.01481481481480234,114.0,85.04526,205.47720133133976
0.0,-0.2222222222222035,113.0,84.87311,205.47720133133976
0.0,-0.08888888888881404,112.0,88.56099,205.47720133133976
0.0,0.04444444444440702,111.0,84.79661,205.47720133133976
0.0,0.05925925925920936,110.0,90.13692,205.47720133133976
0.0,0.2814814814815813,109.0,86.90454,205.47720133133976
0.0,0.2814814814815813,108.0,87.59626,205.47720133133976
0.0,-0.4148148148148023,107.0,89.348656,205.47720133133976
0.0,0.7259259259259883,106.0,89.85939,205.47720133133976
0.0,0.37037037037039533,105.0,85.811966,205.47720133133976
0.0,0.07407407407418012,104.0,82.79132,205.47720133133976
0.0,-0.6962962962963837,103.0,82.24384,205.47720133133976
0.0,-0.5925925925925988,93.0,71.41896,205.47720133133976
0.0,-0.2222222222222035,92.0,73.98682,205.47720133133976
0.0,-0.444444444444407,91.0,75.15724,205.47720133133976
0.0,0.6814814814815813,90.0,76.35568,205.47720133133976
0.0,0.7259259259259883,89.0,74.592636,205.47720133133976
0.0,-0.5777777777777965,88.0,73.31528,205.47720133133976
0.0,-1.1259259259259884,87.0,73.396126,205.47720133133976
0.0,0.05925925925920936,86.0,71.89406,205.47720133133976
0.0,0.4,85.0,73.71678,205.47720133133976
0.0,-0.11851851851858713,84.0,74.254074,205.47720133133976
0.0,0.23703703703700585,83.0,66.72179,205.47720133133976
0.0,0.13333333333338948,82.0,65.51436,205.47720133133976
0.0,-0.04444444444440702,81.0,60.669224,205.47720133133976
0.0,-0.42962962962960466,80.0,62.905224,205.47720133133976
0.0,0.5481481481481918,79.0,61.801876,205.47720133133976
0.0,-0.10370370370361637,78.0,64.29229,205.47720133133976
0.0,0.7851851851851976,77.0,61.709938,205.47720133133976
0.0,-0.6074074074074012,76.0,62.318623,205.47720133133976
0.0,-0.11851851851858713,75.0,60.607437,205.47720133133976
0.0,0.1777777777777965,74.0,61.299862,205.47720133133976
0.0,-0.05925925925920936,73.0,61.143047,205.47720133133976
0.0,0.48888888888898246,72.0,59.821777,205.47720133133976
0.0,0.355555555555593,71.0,59.91409,205.47720133133976
0.0,-0.48888888888898246,70.0,58.510784,205.47720133133976
0.0,0.19259259259259884,69.0,58.3597,205.47720133133976
0.0,0.755555555555593,68.0,55.35046,205.47720133133976
0.0,0.0,67.0,53.01716,205.47720133133976
0.0,0.711111111111186,66.0,53.255016,205.47720133133976
0.0,-0.04444444444440702,65.0,50.565937,205.47720133133976
0.0,0.355555555555593,64.0,49.510616,205.47720133133976
0.0,-0.01481481481480234,63.0,47.186214,205.47720133133976
0.0,0.2518518518518082,62.0,46.09023,205.47720133133976
0.0,0.8740740740741801,61.0,46.143234,205.47720133133976
0.0,1.1259259259259884,60.0,49.41343,205.47720133133976
0.0,0.355555555555593,59.0,46.297626,205.47720133133976
0.0,0.01481481481480234,58.0,46.75272,205.47720133133976
0.0,0.3259259259259883,57.0,44.373158,205.47720133133976
0.0,-0.2962962962962152,56.0,39.85712,205.47720133133976
0.0,-0.13333333333338948,55.0,42.16692,205.47720133133976
0.0,-0.711111111111186,54.0,44.315678,205.47720133133976
0.0,-0.2962962962962152,53.0,42.63978,205.47720133133976
0.0,0.05925925925920936,52.0,45.593693,205.47720133133976
0.0,0.5185185185185871,51.0,40.520084,205.47720133133976
0.0,-0.23703703703700585,50.0,40.401413,205.47720133133976
0.0,0.5481481481481918,49.0,46.912815,205.47720133133976
0.0,0.29629629629638365,48.0,49.574333,205.47720133133976
0.0,0.4,47.0,45.874607,205.47720133133976
0.0,0.08888888888898246,46.0,39.48824,205.47720133133976
0.0,0.5629629629629942,45.0,38.71397,205.47720133133976
0.0,0.8740740740741801,44.0,36.92617,205.47720133133976
0.0,0.19259259259259884,43.0,35.702175,205.47720133133976
0.0,-0.16296296296299415,42.0,34.776897,205.47720133133976
0.0,0.5777777777777965,41.0,34.988087,205.47720133133976
0.0,0.0,40.0,32.284176,205.47720133133976
0.0,0.29629629629638365,39.0,37.833244,205.47720133133976
0.0,1.229629629629773,38.0,30.742313,205.47720133133976
0.0,0.5481481481481918,37.0,29.829426,205.47720133133976
0.0,0.23703703703700585,127.0,172.1085,205.47720133133976
0.0,0.7703703703703954,126.0,148.8704,205.47720133133976
0.0,0.6370370370371743,125.0,160.4787,205.47720133133976
0.0,-0.07407407407401169,124.0,167.1246,205.47720133133976
0.0,0.13333333333338948,123.0,163.24487,205.47720133133976
0.0,-0.05925925925920936,122.0,110.83013,205.47720133133976
0.0,0.19259259259259884,121.0,150.3892,205.47720133133976
0.0,0.11851851851858713,120.0,96.321365,205.47720133133976
0.0,-0.4148148148148023,119.0,116.715515,205.47720133133976
0.0,-0.02962962962960468,118.0,86.88951,205.47720133133976
0.0,0.5185185185185871,117.0,86.08284,205.47720133133976
0.0,-0.3259259259259883,116.0,82.62912,205.47720133133976
0.0,-0.844444444444407,115.0,78.93447,205.47720133133976
0.0,-0.07407407407401169,114.0,79.141785,205.47720133133976
0.0,0.4740740740741801,113.0,82.11492,205.47720133133976
0.0,0.1037037037037848,112.0,81.4804,205.47720133133976
0.0,0.8296296296297732,111.0,78.146034,205.47720133133976
0.0,0.7703703703703954,110.0,74.75597,205.47720133133976
0.0,-0.2814814814814129,109.0,101.359726,205.47720133133976
0.0,1.155555555555593,108.0,126.583565,205.47720133133976
0.0,0.3851851851851977,107.0,136.91492,205.47720133133976
0.0,-0.3851851851851977,106.0,137.09874,205.47720133133976
0.0,0.29629629629638365,105.0,138.33868,205.47720133133976
0.0,-0.2962962962962152,104.0,137.30481,205.47720133133976
0.0,0.23703703703700585,103.0,133.04343,205.47720133133976
0.0,-0.08888888888881404,102.0,131.55753,205.47720133133976
0.0,-0.13333333333338948,101.0,120.32343,205.47720133133976
0.0,0.3259259259259883,100.0,104.2016,205.47720133133976
0.0,0.9333333333333895,60.0,66.72728,205.47720133133976
0.0,-0.2962962962962152,59.0,64.43768,205.47720133133976
0.0,-0.34074074074079064,58.0,64.436356,205.47720133133976
0.0,-1.037037037037006,57.0,66.1624,205.47720133133976
0.0,-0.4148148148148023,56.0,62.55375,205.47720133133976
0.0,-0.5777777777777965,55.0,63.077618,205.47720133133976
0.0,0.2814814814815813,54.0,60.085484,205.47720133133976
0.0,-0.2518518518518082,53.0,60.012897,205.47720133133976
0.0,-0.20740740740740116,52.0,57.975708,205.47720133133976
0.0,-0.08888888888881404,51.0,61.4333,205.47720133133976
0.0,-0.23703703703700585,50.0,63.277233,205.47720133133976
0.0,0.9185185185185871,49.0,57.99731,205.47720133133976
0.0,0.11851851851858713,48.0,58.604107,205.47720133133976
0.0,0.0,47.0,65.544464,205.47720133133976
0.0,0.2814814814815813,46.0,62.04707,205.47720133133976
0.0,0.0,45.0,61.159153,205.47720133133976
0.0,0.2814814814815813,44.0,61.711697,205.47720133133976
0.0,-0.08888888888881404,43.0,62.183132,205.47720133133976
0.0,0.4148148148148023,42.0,62.59962,205.47720133133976
0.0,0.05925925925920936,41.0,63.940533,205.47720133133976
0.0,0.13333333333338948,40.0,65.43565,205.47720133133976
0.0,0.34074074074079064,39.0,58.102783,205.47720133133976
0.0,0.2222222222222035,38.0,54.99922,205.47720133133976
0.0,-0.07407407407401169,37.0,55.626205,205.47720133133976
0.0,0.29629629629638365,36.0,52.3485,205.47720133133976
0.0,0.04444444444440702,35.0,46.59386,205.47720133133976
0.0,0.05925925925920936,34.0,49.049435,205.47720133133976
0.0,-0.355555555555593,33.0,44.460262,205.47720133133976
0.0,0.6518518518519766,32.0,39.266033,205.47720133133976
0.0,0.3851851851851977,31.0,35.16434,205.47720133133976
0.0,-0.02962962962960468,30.0,34.22081,205.47720133133976
0.0,0.6814814814815813,29.0,33.788296,205.47720133133976
0.0,0.42962962962960466,28.0,32.884556,205.47720133133976
0.0,1.0518518518519766,27.0,33.07815,205.47720133133976
0.0,0.755555555555593,26.0,30.828543,205.47720133133976
0.0,0.5333333333333895,25.0,29.060696,205.47720133133976
0.0,-0.14814814814819183,24.0,27.105194,205.47720133133976
0.0,0.9629629629629941,23.0,25.881155,205.47720133133976
0.0,0.01481481481480234,22.0,24.473019,205.47720133133976
0.0,0.9629629629629941,21.0,23.336243,205.47720133133976
0.0,-1.27407407407418,166.0,170.36844,205.47720133133976
0.0,0.05925925925920936,165.0,170.83612,205.47720133133976
0.0,-0.6518518518518082,164.0,168.444,205.47720133133976
0.0,0.08888888888898246,163.0,168.19102,205.47720133133976
0.0,-1.7925925925927673,162.0,168.42468,205.47720133133976
0.0,-0.2962962962962152,161.0,169.30682,205.47720133133976
0.0,-0.42962962962960466,160.0,169.06416,205.47720133133976
0.0,-1.1259259259259884,159.0,167.2186,205.47720133133976
0.0,-0.8592592592593777,158.0,166.8146,205.47720133133976
0.0,-0.8592592592593777,157.0,166.50006,205.47720133133976
0.0,-0.6222222222222035,156.0,164.9498,205.47720133133976
0.0,-1.3481481481481918,155.0,165.03949,205.47720133133976
0.0,-0.6222222222222035,154.0,162.10886,205.47720133133976
0.0,-0.4,153.0,160.55864,205.47720133133976
0.0,-0.05925925925920936,152.0,159.97865,205.47720133133976
0.0,-1.2888888888889825,151.0,158.3201,205.47720133133976
0.0,0.11851851851858713,150.0,157.6018,205.47720133133976
0.0,-0.23703703703700585,149.0,157.15192,205.47720133133976
0.0,-0.31111111111118595,148.0,156.25891,205.47720133133976
0.0,-0.355555555555593,147.0,156.03285,205.47720133133976
0.0,-0.07407407407401169,146.0,156.27316,205.47720133133976
0.0,-0.6222222222222035,145.0,154.18092,205.47720133133976
0.0,-0.6962962962963837,144.0,154.1794,205.47720133133976
0.0,-0.8740740740741801,143.0,153.21875,205.47720133133976
0.0,-0.7407407407407907,142.0,152.6748,205.47720133133976
0.0,-0.23703703703700585,141.0,151.13046,205.47720133133976
0.0,-1.466666666666779,140.0,150.94131,205.47720133133976
0.0,-0.6962962962963837,139.0,149.14142,205.47720133133976
0.0,-1.1407407407407906,138.0,147.78754,205.47720133133976
0.0,-0.48888888888898246,137.0,148.81726,205.47720133133976
0.0,-0.13333333333338948,136.0,147.95663,205.47720133133976
0.0,-0.11851851851858713,135.0,146.5969,205.47720133133976
0.0,-0.711111111111186,134.0,143.0192,205.47720133133976
0.0,-0.45925925925920935,133.0,139.36267,205.47720133133976
0.0,-0.444444444444407,132.0,135.57947,205.47720133133976
0.0,-0.755555555555593,131.0,135.20993,205.47720133133976
0.0,-1.4518518518519765,130.0,135.08841,205.47720133133976
0.0,-1.1407407407407906,129.0,128.20946,205.47720133133976
0.0,-0.9185185185185871,128.0,127.40161,205.47720133133976
0.0,-0.6370370370370059,127.0,122.53253,205.47720133133976
0.0,-0.711111111111186,126.0,118.418915,205.47720133133976
0.0,-0.26666666666661054,125.0,116.46147,205.47720133133976
0.0,-0.07407407407401169,124.0,116.555885,205.47720133133976
0.0,-1.3925925925925988,123.0,114.36217,205.47720133133976
0.0,-0.5037037037037848,122.0,117.62689,205.47720133133976
0.0,-0.5777777777777965,121.0,117.33363,205.47720133133976
0.0,-0.8296296296296046,120.0,115.94306,205.47720133133976
0.0,-0.6814814814815813,119.0,112.86093,205.47720133133976
0.0,0.34074074074079064,118.0,110.35249,205.47720133133976
0.0,-0.7259259259259883,117.0,109.69136,205.47720133133976
0.0,0.23703703703700585,116.0,105.44651,205.47720133133976
0.0,-0.45925925925920935,115.0,100.28855,205.47720133133976
0.0,-0.13333333333338948,114.0,96.11711,205.47720133133976
0.0,0.31111111111118595,113.0,93.90704,205.47720133133976
0.0,-0.8148148148148023,112.0,92.180405,205.47720133133976
0.0,0.08888888888898246,111.0,87.905045,205.47720133133976
0.0,-0.6222222222222035,110.0,92.188675,205.47720133133976
0.0,-0.8,109.0,89.97833,205.47720133133976
0.0,-1.155555555555593,108.0,94.24137,205.47720133133976
0.0,-0.8592592592593777,107.0,90.57067,205.47720133133976
0.0,-0.48888888888898246,106.0,86.69621,205.47720133133976
0.0,-0.8296296296296046,105.0,80.81942,205.47720133133976
0.0,-0.23703703703700585,104.0,82.52699,205.47720133133976
0.0,-0.5777777777777965,103.0,82.813644,205.47720133133976
0.0,-0.34074074074079064,102.0,77.13663,205.47720133133976
0.0,-0.5925925925925988,101.0,79.62949,205.47720133133976
0.0,-0.8148148148148023,100.0,78.31639,205.47720133133976
0.0,-0.9629629629629941,99.0,78.45351,205.47720133133976
0.0,-0.13333333333338948,98.0,75.11743,205.47720133133976
0.0,-0.5185185185185871,97.0,73.837814,205.47720133133976
0.0,-0.19259259259259884,96.0,74.8479,205.47720133133976
0.0,-0.2518518518518082,95.0,70.3695,205.47720133133976
0.0,-0.6666666666666106,94.0,72.31256,205.47720133133976
0.0,-0.711111111111186,93.0,73.404434,205.47720133133976
0.0,-0.2814814814814129,92.0,73.10013,205.47720133133976
0.0,-0.31111111111118595,91.0,72.42081,205.47720133133976
0.0,-0.2222222222222035,90.0,71.72813,205.47720133133976
0.0,-0.711111111111186,89.0,70.77168,205.47720133133976
0.0,-0.2518518518518082,88.0,68.48093,205.47720133133976
0.0,0.13333333333338948,87.0,65.865005,205.47720133133976
0.0,0.23703703703700585,86.0,70.84274,205.47720133133976
0.0,0.16296296296299415,85.0,73.61583,205.47720133133976
0.0,-0.8,84.0,67.79851,205.47720133133976
0.0,-0.31111111111118595,83.0,67.87292,205.47720133133976
0.0,-0.6962962962963837,82.0,68.91446,205.47720133133976
0.0,-0.4148148148148023,81.0,71.744415,205.47720133133976
0.0,0.6518518518519766,80.0,67.73566,205.47720133133976
0.0,-0.07407407407401169,79.0,65.590546,205.47720133133976
0.0,0.16296296296299415,78.0,65.64434,205.47720133133976
0.0,0.13333333333338948,77.0,62.115498,205.47720133133976
0.0,-1.5259259259259883,76.0,58.9457,205.47720133133976
0.0,0.01481481481480234,75.0,62.416637,205.47720133133976
0.0,-0.2962962962962152,74.0,59.18578,205.47720133133976
0.0,-0.48888888888898246,73.0,53.58978,205.47720133133976
0.0,-0.2518518518518082,72.0,55.431454,205.47720133133976
0.0,-0.3851851851851977,71.0,54.838688,205.47720133133976
0.0,-0.04444444444440702,70.0,51.27807,205.47720133133976
0.0,0.2814814814815813,69.0,50.424175,205.47720133133976
0.0,0.3259259259259883,68.0,46.307518,205.47720133133976
0.0,-0.1777777777777965,67.0,52.864697,205.47720133133976
0.0,-0.34074074074079064,66.0,48.65017,205.47720133133976
0.0,-1.1407407407407906,65.0,49.074963,205.47720133133976
0.0,0.6814814814815813,64.0,49.80454,205.47720133133976
0.0,1.185185185185366,63.0,50.072,205.47720133133976
0.0,-0.2518518518518082,62.0,47.182636,205.47720133133976
0.0,-0.5185185185185871,61.0,46.914585,205.47720133133976
0.0,0.7851851851851976,60.0,45.773396,205.47720133133976
0.0,-0.42962962962960466,59.0,48.326485,205.47720133133976
0.0,0.11851851851858713,58.0,45.586597,205.47720133133976
0.0,0.4,57.0,44.82694,205.47720133133976
0.0,-0.3851851851851977,56.0,42.720474,205.47720133133976
0.0,-0.14814814814819183,55.0,39.745617,205.47720133133976
0.0,0.2814814814815813,54.0,41.185852,205.47720133133976
0.0,0.4444444444445754,107.0,101.33619,205.47720133133976
0.0,0.9629629629629941,106.0,98.856476,205.47720133133976
0.0,0.29629629629638365,105.0,100.381,205.47720133133976
0.0,0.4592592592593778,104.0,103.091675,205.47720133133976
0.0,0.11851851851858713,103.0,104.198204,205.47720133133976
0.0,-0.37037037037039533,102.0,101.54048,205.47720133133976
0.0,-0.42962962962960466,101.0,101.97182,205.47720133133976
0.0,0.08888888888898246,100.0,99.34679,205.47720133133976
0.0,-0.1777777777777965,99.0,98.46175,205.47720133133976
0.0,-0.16296296296299415,98.0,96.71012,205.47720133133976
0.0,-0.13333333333338948,97.0,96.55719,205.47720133133976
0.0,-0.20740740740740116,96.0,97.59863,205.47720133133976
0.0,-0.02962962962960468,95.0,101.27789,205.47720133133976
0.0,-0.4148148148148023,94.0,99.27028,205.47720133133976
0.0,-0.355555555555593,93.0,106.42382,205.47720133133976
0.0,-0.07407407407401169,92.0,100.75116,205.47720133133976
0.0,0.31111111111118595,91.0,93.34465,205.47720133133976
0.0,0.13333333333338948,90.0,86.9292,205.47720133133976
0.0,-0.26666666666661054,89.0,85.71817,205.47720133133976
0.0,0.9481481481481918,88.0,78.797,205.47720133133976
0.0,0.3851851851851977,87.0,72.51069,205.47720133133976
0.0,-0.1777777777777965,86.0,75.23445,205.47720133133976
0.0,1.5703703703705638,85.0,73.537964,205.47720133133976
0.0,0.04444444444440702,84.0,72.31256,205.47720133133976
0.0,0.4,83.0,71.570366,205.47720133133976
0.0,-0.37037037037039533,82.0,76.8562,205.47720133133976
0.0,0.3851851851851977,81.0,79.351616,205.47720133133976
0.0,-0.1777777777777965,80.0,76.45776,205.47720133133976
0.0,-0.14814814814819183,79.0,77.09947,205.47720133133976
0.0,-0.04444444444440702,78.0,82.17496,205.47720133133976
0.0,-1.155555555555593,77.0,82.19263,205.47720133133976
0.0,-0.31111111111118595,76.0,80.594574,205.47720133133976
0.0,0.3259259259259883,75.0,77.21802,205.47720133133976
0.0,0.4,74.0,75.27783,205.47720133133976
0.0,-0.07407407407401169,73.0,77.1821,205.47720133133976
0.0,0.9185185185185871,72.0,75.259315,205.47720133133976
0.0,-1.111111111111186,76.0,136.14557,205.47720133133976
0.0,0.4444444444445754,75.0,135.7637,205.47720133133976
0.0,-0.2814814814814129,74.0,135.00299,205.47720133133976
0.0,0.1777777777777965,73.0,130.09679,205.47720133133976
0.0,-0.37037037037039533,72.0,129.22269,205.47720133133976
0.0,0.1037037037037848,71.0,122.42522,205.47720133133976
0.0,0.08888888888898246,70.0,119.1956,205.47720133133976
0.0,-0.4740740740740117,69.0,110.39842,205.47720133133976
0.0,-0.01481481481480234,68.0,107.97148,205.47720133133976
0.0,-0.23703703703700585,67.0,103.68396,205.47720133133976
0.0,-0.3259259259259883,66.0,99.736404,205.47720133133976
0.0,0.08888888888898246,65.0,99.200775,205.47720133133976
0.0,-0.08888888888881404,64.0,93.6552,205.47720133133976
0.0,-0.2962962962962152,63.0,93.65144,205.47720133133976
0.0,-0.02962962962960468,62.0,90.61504,205.47720133133976
0.0,-0.13333333333338948,61.0,89.15114,205.47720133133976
0.0,-0.23703703703700585,60.0,86.10056,205.47720133133976
0.0,0.6962962962963837,59.0,86.812256,205.47720133133976
0.0,0.9185185185185871,58.0,85.345825,205.47720133133976
0.0,-0.5185185185185871,57.0,90.8329,205.47720133133976
0.0,-0.5777777777777965,56.0,83.82497,205.47720133133976
0.0,0.355555555555593,55.0,81.38022,205.47720133133976
0.0,-0.2814814814814129,54.0,77.26018,205.47720133133976
0.0,0.07407407407418012,53.0,76.427795,205.47720133133976
0.0,-0.10370370370361637,52.0,69.695175,205.47720133133976
0.0,-0.37037037037039533,51.0,67.530624,205.47720133133976
0.0,0.5925925925925988,50.0,72.25415,205.47720133133976
0.0,0.6370370370371743,49.0,70.42667,205.47720133133976
0.0,-0.01481481481480234,48.0,71.14617,205.47720133133976
0.0,0.5481481481481918,47.0,66.68239,205.47720133133976
0.0,1.185185185185366,46.0,60.42281,205.47720133133976
0.0,0.20740740740740116,45.0,60.415714,205.47720133133976
0.0,0.07407407407418012,44.0,57.039577,205.47720133133976
0.0,0.355555555555593,43.0,55.019356,205.47720133133976
0.0,1.1407407407407906,42.0,53.78239,205.47720133133976
0.0,0.666666666666779,41.0,54.83148,205.47720133133976
0.0,0.4592592592593778,40.0,55.11134,205.47720133133976
0.0,0.14814814814819183,39.0,48.841812,205.47720133133976
0.0,-0.05925925925920936,38.0,45.505848,205.47720133133976
0.0,0.4444444444445754,37.0,41.73644,205.47720133133976
0.0,1.1703703703703954,36.0,40.11307,205.47720133133976
0.0,0.05925925925920936,35.0,38.201138,205.47720133133976
0.0,0.6370370370371743,34.0,35.54782,205.47720133133976
0.0,0.7703703703703954,33.0,35.066143,205.47720133133976
0.0,0.4148148148148023,32.0,32.091354,205.47720133133976
0.0,1.27407407407418,31.0,28.763832,205.47720133133976
0.0,0.9037037037037848,30.0,27.304987,205.47720133133976
0.0,1.0518518518519766,29.0,25.758457,205.47720133133976
0.0,0.5481481481481918,28.0,26.677427,205.47720133133976
0.0,0.4740740740741801,41.0,44.31197,205.47720133133976
0.0,0.8444444444445754,40.0,41.032043,205.47720133133976
0.0,-0.16296296296299415,39.0,39.779194,205.47720133133976
0.0,0.2814814814815813,38.0,41.901394,205.47720133133976
0.0,0.7259259259259883,37.0,41.541218,205.47720133133976
0.0,0.16296296296299415,36.0,42.51787,205.47720133133976
0.0,0.6814814814815813,35.0,40.95054,205.47720133133976
0.0,0.6074074074074012,34.0,38.058716,205.47720133133976
0.0,0.02962962962960468,33.0,39.529842,205.47720133133976
0.0,0.23703703703700585,32.0,35.92996,205.47720133133976
0.0,0.9777777777777965,31.0,36.73499,205.47720133133976
0.0,0.9037037037037848,30.0,37.403347,205.47720133133976
0.0,0.6814814814815813,29.0,36.11643,205.47720133133976
0.0,0.355555555555593,28.0,36.584087,205.47720133133976
0.0,0.8592592592593777,27.0,33.665703,205.47720133133976
0.0,0.755555555555593,26.0,32.3655,205.47720133133976
0.0,0.8444444444445754,25.0,30.959995,205.47720133133976
0.0,0.6074074074074012,24.0,29.557472,205.47720133133976
0.0,1.511111111111186,23.0,27.037954,205.47720133133976
0.0,0.9481481481481918,22.0,25.77742,205.47720133133976
0.0,1.2888888888889825,21.0,25.537758,205.47720133133976
0.0,1.0370370370371742,20.0,25.395523,205.47720133133976
0.0,0.9037037037037848,19.0,24.213999,205.47720133133976
0.0,0.9481481481481918,18.0,23.38139,205.47720133133976
0.0,0.8444444444445754,17.0,21.963732,205.47720133133976
0.0,1.911111111111186,16.0,20.531067,205.47720133133976
0.0,1.1407407407407906,15.0,20.084412,205.47720133133976
0.0,1.0370370370371742,14.0,18.580132,205.47720133133976
0.0,-0.48888888888898246,75.0,102.4492,205.47720133133976
0.0,0.3259259259259883,74.0,89.44205,205.47720133133976
0.0,0.20740740740740116,73.0,83.32089,205.47720133133976
0.0,-0.2962962962962152,72.0,79.86683,205.47720133133976
0.0,0.5333333333333895,71.0,70.58948,205.47720133133976
0.0,0.0,70.0,71.44808,205.47720133133976
0.0,0.34074074074079064,69.0,69.230774,205.47720133133976
0.0,0.11851851851858713,68.0,68.70823,205.47720133133976
0.0,-0.10370370370361637,67.0,68.60098,205.47720133133976
0.0,0.11851851851858713,66.0,64.201324,205.47720133133976
0.0,-0.2962962962962152,65.0,61.685818,205.47720133133976
0.0,-0.37037037037039533,64.0,61.93907,205.47720133133976
0.0,0.42962962962960466,63.0,62.283916,205.47720133133976
0.0,0.8148148148149708,62.0,62.12614,205.47720133133976
0.0,0.14814814814819183,61.0,65.804825,205.47720133133976
0.0,-0.20740740740740116,60.0,66.60022,205.47720133133976
0.0,-0.13333333333338948,59.0,63.082794,205.47720133133976
0.0,0.4148148148148023,58.0,59.819176,205.47720133133976
0.0,0.2814814814815813,57.0,54.71551,205.47720133133976
0.0,0.7703703703703954,56.0,59.186672,205.47720133133976
0.0,0.4,55.0,58.911137,205.47720133133976
0.0,0.5333333333333895,54.0,56.603817,205.47720133133976
0.0,0.4148148148148023,53.0,62.69071,205.47720133133976
0.0,0.5185185185185871,52.0,61.40872,205.47720133133976
0.0,0.8888888888889824,51.0,60.826065,205.47720133133976
0.0,1.111111111111186,50.0,57.285664,205.47720133133976
0.0,1.0518518518519766,49.0,53.88579,205.47720133133976
0.0,0.42962962962960466,48.0,51.529102,205.47720133133976
0.0,0.6074074074074012,47.0,49.587433,205.47720133133976
0.0,-0.16296296296299415,46.0,47.271942,205.47720133133976
0.0,-0.2962962962962152,45.0,48.209522,205.47720133133976
0.0,0.355555555555593,44.0,50.556812,205.47720133133976
0.0,-0.45925925925920935,43.0,48.888325,205.47720133133976
0.0,0.2814814814815813,42.0,43.58153,205.47720133133976
0.0,-0.5333333333333895,41.0,45.96558,205.47720133133976
0.0,0.6222222222222035,40.0,48.207005,205.47720133133976
0.0,-0.444444444444407,39.0,44.85267,205.47720133133976
0.0,0.11851851851858713,38.0,44.543415,205.47720133133976
0.0,0.04444444444440702,37.0,45.498318,205.47720133133976
0.0,0.5925925925925988,36.0,46.360622,205.47720133133976
0.0,0.7407407407407907,35.0,44.457592,205.47720133133976
0.0,0.01481481481480234,34.0,42.667255,205.47720133133976
0.0,0.5481481481481918,33.0,41.880108,205.47720133133976
0.0,0.19259259259259884,32.0,41.346,205.47720133133976
0.0,0.6814814814815813,31.0,39.301357,205.47720133133976
0.0,0.7407407407407907,30.0,40.51698,205.47720133133976
0.0,0.34074074074079064,29.0,39.534607,205.47720133133976
0.0,0.02962962962960468,28.0,37.723576,205.47720133133976
0.0,1.511111111111186,27.0,36.29079,205.47720133133976
0.0,0.9333333333333895,26.0,34.646393,205.47720133133976
0.0,0.8148148148149708,25.0,33.429466,205.47720133133976
0.0,0.6222222222222035,24.0,32.197445,205.47720133133976
0.0,0.8444444444445754,23.0,31.342752,205.47720133133976
0.0,1.066666666666779,22.0,28.449886,205.47720133133976
0.0,0.6074074074074012,21.0,24.832645,205.47720133133976
0.0,1.229629629629773,20.0,24.210766,205.47720133133976
0.0,1.1703703703703954,19.0,26.447248,205.47720133133976
0.0,0.31111111111118595,18.0,23.051619,205.47720133133976
0.0,1.3629629629629942,17.0,22.959297,205.47720133133976
0.0,0.16296296296299415,16.0,22.185818,205.47720133133976
0.0,1.022222222222372,15.0,18.824436,205.47720133133976
0.0,1.4074074074075695,14.0,18.10426,205.47720133133976
0.0,1.3333333333333894,13.0,16.49961,205.47720133133976
0.0,1.4814814814815813,12.0,15.432567,205.47720133133976
0.0,1.8518518518519766,11.0,12.620199,205.47720133133976
0.0,1.8370370370371742,10.0,12.085729,205.47720133133976
0.0,1.0074074074075696,9.0,10.18222,205.47720133133976
0.0,0.8444444444445754,8.0,9.784398,205.47720133133976
0.0,-0.7407407407407907,126.0,106.34325,205.47720133133976
0.0,-0.19259259259259884,125.0,104.395065,205.47720133133976
0.0,-0.355555555555593,124.0,102.44836,205.47720133133976
0.0,-0.48888888888898246,123.0,98.38856,205.47720133133976
0.0,0.6222222222222035,122.0,102.180984,205.47720133133976
0.0,-0.4148148148148023,121.0,98.82665,205.47720133133976
0.0,0.19259259259259884,120.0,92.206276,205.47720133133976
0.0,0.07407407407418012,119.0,90.125404,205.47720133133976
0.0,0.2814814814815813,118.0,87.43321,205.47720133133976
0.0,-0.2222222222222035,117.0,92.12938,205.47720133133976
0.0,-0.10370370370361637,116.0,87.39522,205.47720133133976
0.0,0.1777777777777965,115.0,82.90381,205.47720133133976
0.0,0.02962962962960468,114.0,84.27483,205.47720133133976
0.0,-0.5037037037037848,113.0,81.97399,205.47720133133976
0.0,0.26666666666677896,112.0,75.59819,205.47720133133976
0.0,0.1777777777777965,111.0,74.72585,205.47720133133976
0.0,-0.07407407407401169,110.0,69.97499,205.47720133133976
0.0,-1.007407407407401,109.0,73.3436,205.47720133133976
0.0,-0.13333333333338948,108.0,75.76304,205.47720133133976
0.0,-0.2962962962962152,107.0,70.886375,205.47720133133976
0.0,0.1777777777777965,106.0,64.90566,205.47720133133976
0.0,-0.444444444444407,105.0,63.56723,205.47720133133976
0.0,0.5185185185185871,104.0,59.539997,205.47720133133976
0.0,0.31111111111118595,103.0,58.820328,205.47720133133976
0.0,0.8592592592593777,102.0,59.448368,205.47720133133976
0.0,0.05925925925920936,101.0,63.423344,205.47720133133976
0.0,-0.5777777777777965,100.0,61.26943,205.47720133133976
0.0,0.31111111111118595,99.0,60.21027,205.47720133133976
0.0,-0.26666666666661054,98.0,63.069656,205.47720133133976
0.0,0.34074074074079064,97.0,66.66597,205.47720133133976
0.0,1.3629629629629942,96.0,64.8842,205.47720133133976
0.0,0.34074074074079064,95.0,60.652325,205.47720133133976
0.0,0.1037037037037848,94.0,62.328857,205.47720133133976
0.0,-0.10370370370361637,61.0,90.40739,205.47720133133976
0.0,0.07407407407418012,60.0,86.0851,205.47720133133976
0.0,0.4,59.0,85.27464,205.47720133133976
0.0,-0.23703703703700585,58.0,90.34054,205.47720133133976
0.0,-0.3851851851851977,57.0,84.73851,205.47720133133976
0.0,0.1037037037037848,56.0,77.14853,205.47720133133976
0.0,-0.2962962962962152,55.0,78.29262,205.47720133133976
0.0,0.1777777777777965,54.0,76.768234,205.47720133133976
0.0,-0.02962962962960468,53.0,81.50493,205.47720133133976
0.0,-0.9333333333333895,52.0,76.867004,205.47720133133976
0.0,0.6222222222222035,51.0,70.97246,205.47720133133976
0.0,0.3851851851851977,50.0,68.031,205.47720133133976
0.0,-0.2222222222222035,143.0,145.15565,205.47720133133976
0.0,-0.7407407407407907,142.0,143.57115,205.47720133133976
0.0,-0.31111111111118595,141.0,145.0168,205.47720133133976
0.0,1.185185185185366,140.0,142.194,205.47720133133976
0.0,-0.19259259259259884,139.0,138.91101,205.47720133133976
0.0,-0.31111111111118595,138.0,139.99509,205.47720133133976
0.0,-0.755555555555593,137.0,141.04938,205.47720133133976
0.0,-0.7259259259259883,136.0,140.44968,205.47720133133976
0.0,-0.444444444444407,135.0,142.61685,205.47720133133976
0.0,-0.37037037037039533,134.0,140.68903,205.47720133133976
0.0,-0.4148148148148023,133.0,142.14197,205.47720133133976
0.0,-0.2814814814814129,132.0,141.09435,205.47720133133976
0.0,0.6370370370371743,131.0,140.3226,205.47720133133976
0.0,0.01481481481480234,130.0,137.64487,205.47720133133976
0.0,0.05925925925920936,129.0,137.21097,205.47720133133976
0.0,0.1037037037037848,128.0,135.87115,205.47720133133976
0.0,0.7259259259259883,127.0,136.53287,205.47720133133976
0.0,-0.04444444444440702,126.0,134.97412,205.47720133133976
0.0,-0.5629629629629942,95.0,112.00955,205.47720133133976
0.0,-0.2222222222222035,94.0,109.27936,205.47720133133976
0.0,-0.7851851851851976,93.0,105.71524,205.47720133133976
0.0,-0.2962962962962152,92.0,100.18404,205.47720133133976
0.0,-0.9629629629629941,91.0,100.473785,205.47720133133976
0.0,-0.42962962962960466,90.0,92.85863,205.47720133133976
0.0,0.8,89.0,91.604614,205.47720133133976
0.0,-1.0814814814815812,88.0,96.32265,205.47720133133976
0.0,0.16296296296299415,87.0,90.1091,205.47720133133976
0.0,-0.6814814814815813,86.0,92.18013,205.47720133133976
0.0,0.7407407407407907,85.0,87.36085,205.47720133133976
0.0,-0.6074074074074012,84.0,82.4415,205.47720133133976
0.0,-0.6962962962963837,83.0,81.54779,205.47720133133976
0.0,-0.6518518518518082,82.0,83.15415,205.47720133133976
0.0,0.8444444444445754,81.0,76.1846,205.47720133133976
0.0,0.2222222222222035,80.0,76.619385,205.47720133133976
0.0,0.1777777777777965,79.0,72.68868,205.47720133133976
0.0,-0.5333333333333895,78.0,73.37143,205.47720133133976
0.0,-0.23703703703700585,77.0,76.350494,205.47720133133976
0.0,0.5925925925925988,76.0,73.79959,205.47720133133976
0.0,-0.26666666666661054,75.0,68.72365,205.47720133133976
0.0,-0.23703703703700585,74.0,66.05412,205.47720133133976
0.0,-0.5629629629629942,73.0,63.776173,205.47720133133976
0.0,-0.45925925925920935,72.0,65.14373,205.47720133133976
0.0,0.4740740740741801,71.0,65.956726,205.47720133133976
0.0,-1.5703703703703953,70.0,66.96965,205.47720133133976
0.0,-0.11851851851858713,69.0,65.34065,205.47720133133976
0.0,0.34074074074079064,68.0,65.600555,205.47720133133976
0.0,-0.3259259259259883,67.0,67.727104,205.47720133133976
0.0,0.11851851851858713,66.0,65.56113,205.47720133133976
0.0,0.6518518518519766,65.0,61.764275,205.47720133133976
0.0,-0.2222222222222035,64.0,63.608738,205.47720133133976
0.0,-0.14814814814819183,63.0,63.26759,205.47720133133976
0.0,-0.5333333333333895,62.0,63.07382,205.47720133133976
0.0,-0.2962962962962152,61.0,59.36155,205.47720133133976
0.0,0.355555555555593,60.0,60.523823,205.47720133133976
0.0,0.4148148148148023,59.0,63.46065,205.47720133133976
0.0,-0.7259259259259883,58.0,59.711674,205.47720133133976
0.0,0.355555555555593,57.0,57.311172,205.47720133133976
0.0,0.48888888888898246,56.0,54.026436,205.47720133133976
0.0,-0.5777777777777965,55.0,54.425278,205.47720133133976
0.0,0.5185185185185871,54.0,51.934208,205.47720133133976
0.0,0.355555555555593,53.0,50.73144,205.47720133133976
0.0,-0.37037037037039533,52.0,48.486927,205.47720133133976
0.0,0.2222222222222035,51.0,47.654278,205.47720133133976
0.0,0.34074074074079064,50.0,47.98663,205.47720133133976
0.0,-0.3851851851851977,49.0,45.65247,205.47720133133976
0.0,0.6074074074074012,48.0,42.02713,205.47720133133976
0.0,0.4592592592593778,47.0,39.407227,205.47720133133976
0.0,0.355555555555593,46.0,41.22626,205.47720133133976
0.0,-0.13333333333338948,45.0,39.422108,205.47720133133976
0.0,0.5333333333333895,44.0,40.32654,205.47720133133976
0.0,0.711111111111186,43.0,37.228973,205.47720133133976
0.0,0.3851851851851977,42.0,34.37652,205.47720133133976
0.0,0.04444444444440702,41.0,35.76472,205.47720133133976
0.0,-0.5777777777777965,40.0,34.483536,205.47720133133976
0.0,0.48888888888898246,39.0,35.296936,205.47720133133976
0.0,0.6370370370371743,38.0,32.42602,205.47720133133976
0.0,0.9629629629629941,37.0,30.08743,205.47720133133976
0.0,0.07407407407418012,36.0,29.684671,205.47720133133976
0.0,0.4,35.0,28.855698,205.47720133133976
0.0,0.2814814814815813,34.0,29.675343,205.47720133133976
0.0,1.5555555555557614,33.0,27.62387,205.47720133133976
0.0,0.29629629629638365,32.0,27.890072,205.47720133133976
0.0,0.4740740740741801,31.0,27.355045,205.47720133133976
0.0,0.3851851851851977,30.0,27.248856,205.47720133133976
0.0,0.7851851851851976,29.0,25.332703,205.47720133133976
0.0,0.2222222222222035,28.0,25.10196,205.47720133133976
0.0,1.0962962962963836,27.0,23.168293,205.47720133133976
0.0,0.6962962962963837,26.0,22.91301,205.47720133133976
0.0,0.13333333333338948,25.0,22.452003,205.47720133133976
0.0,0.19259259259259884,24.0,21.54151,205.47720133133976
0.0,0.6814814814815813,23.0,20.68082,205.47720133133976
0.0,0.7851851851851976,22.0,19.926506,205.47720133133976
0.0,1.066666666666779,21.0,17.484512,205.47720133133976
0.0,0.755555555555593,20.0,17.616962,205.47720133133976
0.0,0.666666666666779,19.0,16.89532,205.47720133133976
0.0,0.26666666666677896,18.0,15.471733,205.47720133133976
0.0,0.8740740740741801,17.0,13.988049,205.47720133133976
0.0,1.7777777777779649,16.0,13.3268795,205.47720133133976
0.0,0.9333333333333895,15.0,12.646905,205.47720133133976
0.0,0.7259259259259883,14.0,11.002553,205.47720133133976
0.0,1.6000000000001684,13.0,9.915148,205.47720133133976
0.0,0.9333333333333895,12.0,9.538544,205.47720133133976
0.0,2.0888888888889823,11.0,7.5215325,205.47720133133976
0.0,0.7407407407407907,10.0,7.020569,205.47720133133976
0.0,0.01481481481480234,76.0,68.594635,205.47720133133976
0.0,0.02962962962960468,75.0,66.344986,205.47720133133976
0.0,-0.2962962962962152,74.0,70.57149,205.47720133133976
0.0,0.4444444444445754,73.0,69.898766,205.47720133133976
0.0,-0.10370370370361637,72.0,72.76198,205.47720133133976
0.0,-0.08888888888881404,71.0,72.588196,205.47720133133976
0.0,0.31111111111118595,70.0,71.104836,205.47720133133976
0.0,0.05925925925920936,69.0,68.86137,205.47720133133976
0.0,-0.42962962962960466,68.0,67.93363,205.47720133133976
0.0,0.26666666666677896,67.0,65.667534,205.47720133133976
0.0,-0.4148148148148023,66.0,62.95448,205.47720133133976
0.0,-0.4,65.0,65.95615,205.47720133133976
0.0,-0.42962962962960466,64.0,66.270294,205.47720133133976
0.0,0.755555555555593,63.0,65.83972,205.47720133133976
0.0,-0.05925925925920936,62.0,64.396545,205.47720133133976
0.0,0.4444444444445754,61.0,61.836655,205.47720133133976
0.0,-0.05925925925920936,60.0,59.560726,205.47720133133976
0.0,-0.2518518518518082,59.0,56.196026,205.47720133133976
0.0,0.6814814814815813,58.0,57.02232,205.47720133133976
0.0,0.29629629629638365,57.0,58.94124,205.47720133133976
0.0,0.31111111111118595,56.0,59.406124,205.47720133133976
0.0,0.37037037037039533,55.0,58.073185,205.47720133133976
0.0,0.2814814814815813,54.0,56.615,205.47720133133976
0.0,-0.07407407407401169,53.0,54.35033,205.47720133133976
0.0,0.6518518518519766,52.0,54.54086,205.47720133133976
0.0,1.27407407407418,51.0,49.460133,205.47720133133976
0.0,-0.16296296296299415,50.0,49.750343,205.47720133133976
0.0,0.3851851851851977,49.0,47.396263,205.47720133133976
0.0,0.8740740740741801,48.0,45.833378,205.47720133133976
0.0,0.1777777777777965,47.0,45.26246,205.47720133133976
0.0,0.07407407407418012,46.0,41.796963,205.47720133133976
0.0,1.111111111111186,45.0,42.353985,205.47720133133976
0.0,0.4740740740741801,44.0,43.353733,205.47720133133976
0.0,0.2222222222222035,43.0,45.064083,205.47720133133976
0.0,0.31111111111118595,42.0,45.466515,205.47720133133976
0.0,0.755555555555593,41.0,41.943523,205.47720133133976
0.0,0.11851851851858713,40.0,40.462334,205.47720133133976
0.0,-0.14814814814819183,39.0,39.334873,205.47720133133976
0.0,-0.3259259259259883,38.0,36.944744,205.47720133133976
0.0,0.04444444444440702,37.0,37.65768,205.47720133133976
0.0,1.1407407407407906,36.0,34.5473,205.47720133133976
0.0,0.5629629629629942,35.0,34.463017,205.47720133133976
0.0,0.2222222222222035,34.0,29.685204,205.47720133133976
0.0,0.14814814814819183,103.0,115.75963,205.47720133133976
0.0,0.31111111111118595,102.0,110.37799,205.47720133133976
0.0,0.34074074074079064,101.0,108.05562,205.47720133133976
0.0,0.1777777777777965,100.0,104.559875,205.47720133133976
0.0,-0.3259259259259883,99.0,106.05076,205.47720133133976
0.0,0.05925925925920936,98.0,98.98009,205.47720133133976
0.0,0.7259259259259883,97.0,96.57594,205.47720133133976
0.0,-0.8740740740741801,96.0,94.41492,205.47720133133976
0.0,-0.01481481481480234,95.0,100.35446,205.47720133133976
0.0,0.1777777777777965,94.0,95.42294,205.47720133133976
0.0,0.5925925925925988,93.0,94.28883,205.47720133133976
0.0,-0.355555555555593,92.0,96.87961,205.47720133133976
0.0,-0.02962962962960468,91.0,90.607376,205.47720133133976
0.0,0.0,90.0,84.99039,205.47720133133976
0.0,0.666666666666779,101.0,119.113495,205.47720133133976
0.0,0.5037037037037848,100.0,118.74286,205.47720133133976
0.0,0.2222222222222035,99.0,115.68982,205.47720133133976
0.0,0.4,98.0,107.38368,205.47720133133976
0.0,0.8592592592593777,97.0,102.06883,205.47720133133976
0.0,0.2222222222222035,96.0,97.324615,205.47720133133976
0.0,-0.2222222222222035,95.0,94.49805,205.47720133133976
0.0,-0.444444444444407,94.0,95.102905,205.47720133133976
0.0,-0.4740740740740117,93.0,95.13279,205.47720133133976
0.0,-0.26666666666661054,92.0,98.13457,205.47720133133976
0.0,-0.37037037037039533,91.0,98.54837,205.47720133133976
0.0,0.16296296296299415,90.0,94.27767,205.47720133133976
0.0,0.20740740740740116,89.0,90.87399,205.47720133133976
0.0,0.5629629629629942,88.0,86.93143,205.47720133133976
0.0,-0.02962962962960468,87.0,86.73892,205.47720133133976
0.0,0.23703703703700585,86.0,87.73218,205.47720133133976
0.0,0.1037037037037848,85.0,86.04128,205.47720133133976
0.0,-0.4148148148148023,84.0,84.98949,205.47720133133976
0.0,0.02962962962960468,83.0,85.55371,205.47720133133976
0.0,-0.04444444444440702,82.0,82.53772,205.47720133133976
0.0,-1.155555555555593,81.0,79.15607,205.47720133133976
0.0,-0.4740740740740117,80.0,76.77576,205.47720133133976
0.0,-0.711111111111186,79.0,80.15512,205.47720133133976
0.0,-0.02962962962960468,78.0,84.48324,205.47720133133976
0.0,0.26666666666677896,77.0,81.018936,205.47720133133976
0.0,-0.9925925925925988,76.0,81.23132,205.47720133133976
0.0,-0.13333333333338948,75.0,83.25152,205.47720133133976
0.0,0.11851851851858713,74.0,79.0925,205.47720133133976
0.0,0.26666666666677896,73.0,76.28772,205.47720133133976
0.0,0.4148148148148023,72.0,71.819,205.47720133133976
0.0,-0.4,71.0,71.16748,205.47720133133976
0.0,0.4,70.0,70.28117,205.47720133133976
0.0,-0.8,69.0,71.06663,205.47720133133976
0.0,0.7407407407407907,68.0,65.5129,205.47720133133976
0.0,0.34074074074079064,67.0,65.19664,205.47720133133976
0.0,-0.1777777777777965,66.0,64.93208,205.47720133133976
0.0,-0.14814814814819183,65.0,60.416225,205.47720133133976
0.0,0.04444444444440702,64.0,60.40624,205.47720133133976
0.0,0.2814814814815813,63.0,62.741344,205.47720133133976
0.0,0.08888888888898246,62.0,60.921444,205.47720133133976
0.0,0.6074074074074012,61.0,64.73486,205.47720133133976
0.0,0.26666666666677896,60.0,64.55792,205.47720133133976
0.0,0.0,59.0,66.42729,205.47720133133976
0.0,0.01481481481480234,58.0,62.658947,205.47720133133976
0.0,1.4074074074075695,57.0,61.291588,205.47720133133976
0.0,-0.20740740740740116,56.0,60.14876,205.47720133133976
0.0,0.20740740740740116,55.0,59.559147,205.47720133133976
0.0,0.08888888888898246,54.0,57.276424,205.47720133133976
0.0,0.6962962962963837,53.0,53.953213,205.47720133133976
0.0,0.5925925925925988,52.0,50.367535,205.47720133133976
0.0,0.711111111111186,51.0,43.984974,205.47720133133976
0.0,0.4740740740741801,50.0,41.988297,205.47720133133976
0.0,0.666666666666779,49.0,42.62958,205.47720133133976
0.0,0.34074074074079064,48.0,40.436993,205.47720133133976
0.0,0.5925925925925988,47.0,39.357952,205.47720133133976
0.0,1.111111111111186,46.0,37.168606,205.47720133133976
0.0,0.7259259259259883,45.0,40.11391,205.47720133133976
0.0,0.8888888888889824,44.0,38.83013,205.47720133133976
0.0,0.1777777777777965,43.0,39.321743,205.47720133133976
0.0,0.6814814814815813,42.0,38.89331,205.47720133133976
0.0,0.42962962962960466,41.0,38.736416,205.47720133133976
0.0,0.7407407407407907,40.0,37.464462,205.47720133133976
0.0,0.31111111111118595,39.0,38.575603,205.47720133133976
0.0,-0.2814814814814129,38.0,34.691612,205.47720133133976
0.0,1.0962962962963836,37.0,33.052586,205.47720133133976
0.0,0.6814814814815813,36.0,31.701834,205.47720133133976
0.0,0.4148148148148023,35.0,33.649128,205.47720133133976
0.0,0.6222222222222035,34.0,35.17406,205.47720133133976
0.0,1.0370370370371742,33.0,32.98027,205.47720133133976
0.0,0.02962962962960468,32.0,31.458775,205.47720133133976
0.0,1.3629629629629942,31.0,30.14936,205.47720133133976
0.0,0.9037037037037848,30.0,30.415937,205.47720133133976
0.0,0.6370370370371743,29.0,29.38723,205.47720133133976
0.0,1.466666666666779,28.0,28.652313,205.47720133133976
0.0,0.9037037037037848,27.0,27.45506,205.47720133133976
0.0,1.229629629629773,26.0,25.317549,205.47720133133976
0.0,0.5629629629629942,25.0,24.226639,205.47720133133976
0.0,1.318518518518587,24.0,21.759983,205.47720133133976
0.0,2.459259259259378,23.0,21.350292,205.47720133133976
0.0,0.14814814814819183,22.0,20.807735,205.47720133133976
0.0,0.7851851851851976,21.0,20.727745,205.47720133133976
0.0,1.4370370370371743,20.0,19.10505,205.47720133133976
0.0,1.3481481481481918,19.0,17.279902,205.47720133133976
0.0,0.9777777777777965,18.0,15.920645,205.47720133133976
0.0,1.7333333333333896,17.0,15.317807,205.47720133133976
0.0,1.0962962962963836,16.0,14.527994,205.47720133133976
0.0,1.2000000000001685,15.0,12.854324,205.47720133133976
0.0,1.2148148148149707,14.0,12.374851,205.47720133133976
0.0,0.6814814814815813,13.0,11.381115,205.47720133133976
0.0,1.5555555555557614,12.0,10.306647,205.47720133133976
0.0,0.7703703703703954,11.0,9.249851,205.47720133133976
0.0,1.2444444444445755,10.0,7.665901,205.47720133133976
0.0,1.066666666666779,9.0,5.7165203,205.47720133133976
0.0,1.2592592592593779,8.0,4.7560945,205.47720133133976
0.0,0.01481481481480234,51.0,88.27311,205.47720133133976
0.0,1.022222222222372,50.0,87.07743,205.47720133133976
0.0,-0.6074074074074012,49.0,86.27957,205.47720133133976
0.0,0.31111111111118595,48.0,78.444756,205.47720133133976
0.0,-0.4740740740740117,47.0,80.559166,205.47720133133976
0.0,0.2518518518518082,46.0,74.84472,205.47720133133976
0.0,-0.19259259259259884,45.0,74.53706,205.47720133133976
0.0,0.5333333333333895,44.0,70.58959,205.47720133133976
0.0,0.0,43.0,68.821915,205.47720133133976
0.0,-0.4740740740740117,42.0,66.4994,205.47720133133976
0.0,0.6814814814815813,41.0,62.085026,205.47720133133976
0.0,-0.2962962962962152,40.0,60.14297,205.47720133133976
0.0,0.6222222222222035,39.0,59.78315,205.47720133133976
0.0,0.7703703703703954,38.0,55.813297,205.47720133133976
0.0,-0.26666666666661054,37.0,56.050335,205.47720133133976
0.0,0.3259259259259883,36.0,55.563847,205.47720133133976
0.0,0.0,35.0,51.106068,205.47720133133976
0.0,0.08888888888898246,34.0,46.91775,205.47720133133976
0.0,0.2518518518518082,33.0,43.64899,205.47720133133976
0.0,0.4444444444445754,32.0,41.336937,205.47720133133976
0.0,0.1037037037037848,31.0,40.928905,205.47720133133976
0.0,-0.07407407407401169,30.0,37.372074,205.47720133133976
0.0,0.7703703703703954,29.0,37.84346,205.47720133133976
0.0,0.5185185185185871,28.0,35.07757,205.47720133133976
0.0,-0.8,27.0,33.776264,205.47720133133976
0.0,0.19259259259259884,26.0,34.045902,205.47720133133976
0.0,0.8592592592593777,25.0,32.51215,205.47720133133976
0.0,0.26666666666677896,24.0,31.864786,205.47720133133976
0.0,0.8148148148149708,23.0,29.165634,205.47720133133976
0.0,-0.4,22.0,28.451252,205.47720133133976
0.0,0.8592592592593777,21.0,26.095469,205.47720133133976
0.0,0.2814814814815813,20.0,25.489798,205.47720133133976
0.0,1.3629629629629942,19.0,22.340477,205.47720133133976
0.0,0.6074074074074012,18.0,20.635212,205.47720133133976
0.0,1.0814814814815812,17.0,21.554844,205.47720133133976
0.0,1.6888888888889824,16.0,21.579464,205.47720133133976
0.0,0.5481481481481918,15.0,19.576153,205.47720133133976
0.0,0.5777777777777965,14.0,18.239769,205.47720133133976
0.0,0.9777777777777965,13.0,17.397182,205.47720133133976
0.0,0.8296296296297732,12.0,14.707378,205.47720133133976
0.0,1.511111111111186,11.0,12.900345,205.47720133133976
0.0,0.7703703703703954,10.0,12.250997,205.47720133133976
0.0,1.377777777777965,9.0,9.843237,205.47720133133976
0.0,-0.20740740740740116,110.0,158.18143,205.47720133133976
0.0,0.31111111111118595,109.0,158.8402,205.47720133133976
0.0,0.3851851851851977,108.0,158.6319,205.47720133133976
0.0,0.5481481481481918,107.0,157.69873,205.47720133133976
0.0,-0.755555555555593,106.0,150.3585,205.47720133133976
0.0,-0.7407407407407907,105.0,105.32268,205.47720133133976
0.0,0.5185185185185871,104.0,130.86392,205.47720133133976
0.0,-0.6814814814815813,103.0,150.89296,205.47720133133976
0.0,0.5037037037037848,102.0,154.85794,205.47720133133976
0.0,0.29629629629638365,101.0,153.74036,205.47720133133976
0.0,1.1407407407407906,100.0,150.03009,205.47720133133976
0.0,-0.8296296296296046,99.0,146.76126,205.47720133133976
0.0,-0.23703703703700585,98.0,142.29515,205.47720133133976
0.0,0.0,97.0,144.33734,205.47720133133976
0.0,0.31111111111118595,96.0,147.29321,205.47720133133976
0.0,-0.01481481481480234,95.0,146.92766,205.47720133133976
0.0,-0.10370370370361637,94.0,146.37387,205.47720133133976
0.0,0.4,93.0,141.65027,205.47720133133976
0.0,-0.4740740740740117,92.0,136.90158,205.47720133133976
0.0,-0.23703703703700585,91.0,131.27864,205.47720133133976
0.0,0.42962962962960466,90.0,127.07103,205.47720133133976
0.0,0.3851851851851977,89.0,109.6341,205.47720133133976
0.0,0.01481481481480234,88.0,100.45267,205.47720133133976
0.0,0.37037037037039533,87.0,124.10514,205.47720133133976
0.0,0.6518518518519766,86.0,123.44542,205.47720133133976
0.0,0.08888888888898246,85.0,122.984344,205.47720133133976
0.0,-0.4740740740740117,84.0,122.00368,205.47720133133976
0.0,1.0074074074075696,83.0,120.24588,205.47720133133976
0.0,1.1703703703703954,82.0,108.78937,205.47720133133976
0.0,0.5185185185185871,81.0,84.97062,205.47720133133976
0.0,-0.444444444444407,80.0,76.583755,205.47720133133976
0.0,-0.13333333333338948,79.0,84.75467,205.47720133133976
0.0,0.5481481481481918,78.0,83.4003,205.47720133133976
0.0,0.0,77.0,77.53287,205.47720133133976
0.0,0.5037037037037848,76.0,72.98788,205.47720133133976
0.0,-0.11851851851858713,75.0,72.78079,205.47720133133976
0.0,0.6518518518519766,74.0,69.800674,205.47720133133976
0.0,0.31111111111118595,73.0,75.59944,205.47720133133976
0.0,0.23703703703700585,72.0,71.64586,205.47720133133976
0.0,0.2518518518518082,71.0,73.78055,205.47720133133976
0.0,0.355555555555593,70.0,73.36835,205.47720133133976
0.0,0.6518518518519766,69.0,73.042076,205.47720133133976
0.0,-0.11851851851858713,68.0,67.088585,205.47720133133976
0.0,0.1777777777777965,67.0,62.610203,205.47720133133976
0.0,0.42962962962960466,66.0,64.55415,205.47720133133976
0.0,-0.10370370370361637,65.0,68.867805,205.47720133133976
0.0,0.48888888888898246,64.0,67.88345,205.47720133133976
0.0,0.6370370370371743,63.0,68.16434,205.47720133133976
0.0,-0.755555555555593,62.0,67.13948,205.47720133133976
0.0,0.19259259259259884,61.0,65.11894,205.47720133133976
0.0,0.2814814814815813,60.0,69.85918,205.47720133133976
0.0,0.02962962962960468,59.0,67.22806,205.47720133133976
0.0,1.111111111111186,58.0,61.626827,205.47720133133976
0.0,-0.20740740740740116,193.0,121.999954,205.47720133133976
0.0,0.14814814814819183,192.0,112.3062,205.47720133133976
0.0,0.13333333333338948,191.0,115.23404,205.47720133133976
0.0,-0.4,190.0,125.622314,205.47720133133976
0.0,-0.5185185185185871,189.0,128.74796,205.47720133133976
0.0,0.20740740740740116,188.0,127.349976,205.47720133133976
0.0,-0.14814814814819183,187.0,128.59027,205.47720133133976
0.0,0.4,186.0,130.05472,205.47720133133976
0.0,0.2518518518518082,185.0,132.69394,205.47720133133976
0.0,-0.05925925925920936,184.0,136.17072,205.47720133133976
0.0,0.0,183.0,136.33936,205.47720133133976
0.0,-0.4148148148148023,182.0,135.08028,205.47720133133976
0.0,0.8592592592593777,181.0,132.10138,205.47720133133976
0.0,-0.05925925925920936,180.0,126.62198,205.47720133133976
0.0,-0.6074074074074012,179.0,126.86439,205.47720133133976
0.0,0.07407407407418012,178.0,124.34053,205.47720133133976
0.0,-0.08888888888881404,177.0,126.58244,205.47720133133976
0.0,-0.31111111111118595,176.0,124.38405,205.47720133133976
0.0,-0.4740740740740117,175.0,119.6327,205.47720133133976
0.0,-0.10370370370361637,174.0,121.43504,205.47720133133976
0.0,0.7851851851851976,173.0,116.21369,205.47720133133976
0.0,0.26666666666677896,172.0,115.25246,205.47720133133976
0.0,-0.02962962962960468,171.0,116.44719,205.47720133133976
0.0,-0.9629629629629941,170.0,113.36325,205.47720133133976
0.0,0.4,169.0,108.53024,205.47720133133976
0.0,0.31111111111118595,168.0,106.750946,205.47720133133976
0.0,-0.05925925925920936,167.0,101.71429,205.47720133133976
0.0,0.5481481481481918,166.0,99.851425,205.47720133133976
0.0,0.42962962962960466,165.0,101.633766,205.47720133133976
0.0,-0.3851851851851977,164.0,102.61522,205.47720133133976
0.0,0.37037037037039533,163.0,101.042786,205.47720133133976
0.0,0.355555555555593,162.0,97.13594,205.47720133133976
0.0,-0.6222222222222035,161.0,95.35968,205.47720133133976
0.0,-0.4148148148148023,160.0,95.75427,205.47720133133976
0.0,-0.42962962962960466,159.0,99.744965,205.47720133133976
0.0,-0.05925925925920936,158.0,94.90799,205.47720133133976
0.0,-0.05925925925920936,157.0,96.46897,205.47720133133976
0.0,-0.2222222222222035,156.0,98.13399,205.47720133133976
0.0,0.14814814814819183,155.0,94.68677,205.47720133133976
0.0,0.355555555555593,154.0,93.139175,205.47720133133976
0.0,-0.02962962962960468,153.0,93.00753,205.47720133133976
0.0,-0.08888888888881404,152.0,96.83983,205.47720133133976
0.0,-0.5037037037037848,151.0,103.062775,205.47720133133976
0.0,0.9629629629629941,150.0,103.94629,205.47720133133976
0.0,-0.6222222222222035,149.0,104.6382,205.47720133133976
0.0,0.29629629629638365,148.0,101.33469,205.47720133133976
0.0,-0.02962962962960468,147.0,101.8602,205.47720133133976
0.0,0.4,146.0,100.905045,205.47720133133976
0.0,0.07407407407418012,145.0,103.25465,205.47720133133976
0.0,0.23703703703700585,144.0,93.42058,205.47720133133976
0.0,-0.6222222222222035,143.0,100.307724,205.47720133133976
0.0,0.6222222222222035,142.0,101.38909,205.47720133133976
0.0,-0.5185185185185871,141.0,106.51654,205.47720133133976
0.0,0.4148148148148023,140.0,104.12851,205.47720133133976
0.0,0.711111111111186,139.0,102.312355,205.47720133133976
0.0,0.5481481481481918,138.0,102.833176,205.47720133133976
0.0,-0.2222222222222035,137.0,103.30584,205.47720133133976
0.0,0.4,136.0,102.20154,205.47720133133976
0.0,-0.26666666666661054,54.0,54.371113,205.47720133133976
0.0,0.02962962962960468,53.0,53.730053,205.47720133133976
0.0,0.48888888888898246,52.0,53.157085,205.47720133133976
0.0,0.16296296296299415,51.0,55.317005,205.47720133133976
0.0,0.19259259259259884,50.0,53.021816,205.47720133133976
0.0,0.6222222222222035,49.0,48.26005,205.47720133133976
0.0,0.6074074074074012,48.0,48.293472,205.47720133133976
0.0,0.5333333333333895,47.0,46.18687,205.47720133133976
0.0,1.0814814814815812,46.0,42.369984,205.47720133133976
0.0,0.5777777777777965,45.0,41.69798,205.47720133133976
0.0,-0.2814814814814129,44.0,40.838787,205.47720133133976
0.0,1.022222222222372,43.0,37.561184,205.47720133133976
0.0,0.5037037037037848,42.0,37.745525,205.47720133133976
0.0,-0.48888888888898246,41.0,40.63123,205.47720133133976
0.0,0.7407407407407907,40.0,38.22993,205.47720133133976
0.0,0.4148148148148023,39.0,41.140354,205.47720133133976
0.0,0.08888888888898246,38.0,41.266117,205.47720133133976
0.0,0.4444444444445754,37.0,38.827137,205.47720133133976
0.0,0.3259259259259883,36.0,40.29229,205.47720133133976
0.0,-0.16296296296299415,35.0,39.16911,205.47720133133976
0.0,1.0814814814815812,34.0,37.257862,205.47720133133976
0.0,0.6814814814815813,33.0,41.474983,205.47720133133976
0.0,0.9925925925925988,32.0,37.008244,205.47720133133976
0.0,0.9777777777777965,31.0,37.205105,205.47720133133976
0.0,-0.26666666666661054,30.0,34.97579,205.47720133133976
0.0,0.9777777777777965,29.0,31.436596,205.47720133133976
0.0,1.2000000000001685,28.0,32.32664,205.47720133133976
0.0,0.14814814814819183,152.0,128.57086,205.47720133133976
0.0,-0.6962962962963837,151.0,127.28181,205.47720133133976
0.0,0.7703703703703954,150.0,126.05736,205.47720133133976
0.0,0.23703703703700585,149.0,128.31725,205.47720133133976
0.0,0.07407407407418012,148.0,127.08043,205.47720133133976
0.0,-0.6370370370370059,147.0,122.168526,205.47720133133976
0.0,-0.4740740740740117,146.0,125.68547,205.47720133133976
0.0,0.26666666666677896,145.0,129.4339,205.47720133133976
0.0,-0.7407407407407907,144.0,130.82321,205.47720133133976
0.0,-0.45925925925920935,143.0,129.90707,205.47720133133976
0.0,-0.2222222222222035,142.0,128.61662,205.47720133133976
0.0,0.711111111111186,141.0,124.91847,205.47720133133976
0.0,-0.3851851851851977,140.0,126.79111,205.47720133133976
0.0,0.5037037037037848,139.0,124.05438,205.47720133133976
0.0,-0.31111111111118595,138.0,123.23587,205.47720133133976
0.0,0.4148148148148023,137.0,123.86563,205.47720133133976
0.0,0.5481481481481918,136.0,120.46646,205.47720133133976
0.0,0.711111111111186,135.0,119.34846,205.47720133133976
0.0,0.1037037037037848,134.0,121.0958,205.47720133133976
0.0,1.0962962962963836,133.0,114.99438,205.47720133133976
0.0,0.19259259259259884,132.0,115.90733,205.47720133133976
0.0,0.355555555555593,131.0,119.035576,205.47720133133976
0.0,0.11851851851858713,130.0,117.18473,205.47720133133976
0.0,0.5629629629629942,129.0,113.8416,205.47720133133976
0.0,0.8148148148149708,128.0,106.310684,205.47720133133976
0.0,1.0518518518519766,127.0,108.3675,205.47720133133976
0.0,0.34074074074079064,126.0,104.05648,205.47720133133976
0.0,1.3037037037037849,125.0,103.345215,205.47720133133976
0.0,0.9333333333333895,124.0,97.56422,205.47720133133976
0.0,0.07407407407418012,123.0,96.36706,205.47720133133976
0.0,0.5777777777777965,122.0,94.06099,205.47720133133976
0.0,-0.1777777777777965,121.0,93.69548,205.47720133133976
0.0,0.2814814814815813,120.0,93.31722,205.47720133133976
0.0,-0.1777777777777965,119.0,93.41049,205.47720133133976
0.0,0.355555555555593,118.0,92.75961,205.47720133133976
0.0,-0.11851851851858713,117.0,97.70625,205.47720133133976
0.0,0.3259259259259883,116.0,95.60053,205.47720133133976
0.0,1.3333333333333894,115.0,95.58896,205.47720133133976
0.0,0.7851851851851976,114.0,92.86218,205.47720133133976
0.0,0.4,113.0,95.66584,205.47720133133976
0.0,0.755555555555593,112.0,95.5114,205.47720133133976
0.0,0.20740740740740116,111.0,96.27106,205.47720133133976
0.0,0.07407407407418012,110.0,96.88186,205.47720133133976
0.0,0.08888888888898246,109.0,93.493454,205.47720133133976
0.0,-0.07407407407401169,108.0,92.54967,205.47720133133976
0.0,0.9481481481481918,107.0,90.58148,205.47720133133976
0.0,-0.16296296296299415,106.0,95.89606,205.47720133133976
0.0,0.355555555555593,105.0,89.94733,205.47720133133976
0.0,0.355555555555593,104.0,85.169586,205.47720133133976
0.0,-0.355555555555593,103.0,82.21907,205.47720133133976
0.0,0.5333333333333895,102.0,84.39607,205.47720133133976
0.0,0.9037037037037848,101.0,83.28462,205.47720133133976
0.0,0.29629629629638365,100.0,80.643585,205.47720133133976
0.0,0.7703703703703954,99.0,82.934135,205.47720133133976
0.0,0.5481481481481918,98.0,82.520004,205.47720133133976
0.0,0.9333333333333895,97.0,81.49747,205.47720133133976
0.0,0.37037037037039533,96.0,77.57747,205.47720133133976
0.0,0.8296296296297732,95.0,74.47044,205.47720133133976
0.0,1.0074074074075696,94.0,77.759964,205.47720133133976
0.0,0.5925925925925988,93.0,72.51744,205.47720133133976
0.0,0.355555555555593,92.0,69.114334,205.47720133133976
0.0,0.6370370370371743,91.0,66.618004,205.47720133133976
0.0,-0.7703703703703954,90.0,68.06237,205.47720133133976
0.0,0.6962962962963837,89.0,67.35062,205.47720133133976
0.0,0.3259259259259883,88.0,73.36753,205.47720133133976
0.0,0.19259259259259884,87.0,74.864845,205.47720133133976
0.0,0.355555555555593,86.0,74.19557,205.47720133133976
0.0,0.7851851851851976,85.0,71.17209,205.47720133133976
0.0,0.4148148148148023,84.0,70.62445,205.47720133133976
0.0,0.755555555555593,83.0,74.4731,205.47720133133976
0.0,1.022222222222372,82.0,73.2687,205.47720133133976
0.0,0.3259259259259883,81.0,72.42731,205.47720133133976
0.0,0.4,80.0,73.0023,205.47720133133976
0.0,1.3481481481481918,79.0,68.12669,205.47720133133976
0.0,-0.5925925925925988,78.0,69.49585,205.47720133133976
0.0,0.6222222222222035,77.0,69.11728,205.47720133133976
0.0,1.0074074074075696,76.0,67.77223,205.47720133133976
0.0,0.8592592592593777,75.0,66.56611,205.47720133133976
0.0,1.0518518518519766,74.0,64.3219,205.47720133133976
0.0,-0.02962962962960468,73.0,64.38537,205.47720133133976
0.0,0.7703703703703954,72.0,63.28347,205.47720133133976
0.0,0.7703703703703954,71.0,63.55435,205.47720133133976
0.0,-0.05925925925920936,70.0,64.11766,205.47720133133976
0.0,0.1777777777777965,69.0,68.53,205.47720133133976
0.0,1.7037037037037848,68.0,64.09446,205.47720133133976
0.0,0.3259259259259883,67.0,63.978382,205.47720133133976
0.0,2.059259259259378,66.0,61.627247,205.47720133133976
0.0,0.9481481481481918,65.0,59.687984,205.47720133133976
0.0,0.6962962962963837,64.0,56.309124,205.47720133133976
0.0,0.29629629629638365,63.0,57.569096,205.47720133133976
0.0,0.9333333333333895,62.0,52.806248,205.47720133133976
0.0,1.0370370370371742,61.0,52.204422,205.47720133133976
0.0,0.7407407407407907,60.0,51.044193,205.47720133133976
0.0,0.26666666666677896,59.0,50.717136,205.47720133133976
0.0,0.42962962962960466,58.0,54.137707,205.47720133133976
0.0,0.04444444444440702,57.0,53.71509,205.47720133133976
0.0,0.6222222222222035,56.0,49.258778,205.47720133133976
0.0,0.9925925925925988,55.0,49.263844,205.47720133133976
0.0,1.066666666666779,54.0,50.96542,205.47720133133976
0.0,1.0518518518519766,53.0,50.105427,205.47720133133976
0.0,0.5777777777777965,52.0,46.168407,205.47720133133976
0.0,1.7925925925927673,51.0,43.116753,205.47720133133976
0.0,1.2148148148149707,50.0,44.349613,205.47720133133976
0.0,1.4370370370371743,49.0,41.48434,205.47720133133976
0.0,-0.07407407407401169,48.0,38.69211,205.47720133133976
0.0,0.9925925925925988,47.0,39.589687,205.47720133133976
0.0,0.7851851851851976,46.0,35.56325,205.47720133133976
0.0,1.27407407407418,45.0,35.264267,205.47720133133976
0.0,0.8888888888889824,44.0,34.16556,205.47720133133976
0.0,1.5259259259259883,43.0,32.997074,205.47720133133976
0.0,0.9925925925925988,42.0,32.43926,205.47720133133976
0.0,0.9925925925925988,41.0,29.328678,205.47720133133976
0.0,1.6000000000001684,40.0,30.256775,205.47720133133976
0.0,0.6962962962963837,39.0,28.1282,205.47720133133976
0.0,0.8,38.0,29.124908,205.47720133133976
0.0,0.4148148148148023,50.0,59.052612,205.47720133133976
0.0,1.6000000000001684,49.0,55.859936,205.47720133133976
0.0,0.11851851851858713,48.0,53.20781,205.47720133133976
0.0,0.6814814814815813,47.0,50.362133,205.47720133133976
0.0,1.3481481481481918,46.0,49.12988,205.47720133133976
0.0,0.6222222222222035,45.0,49.972317,205.47720133133976
0.0,0.8,44.0,51.7925,205.47720133133976
0.0,0.4740740740741801,43.0,49.97607,205.47720133133976
0.0,0.8444444444445754,42.0,47.05698,205.47720133133976
0.0,1.5259259259259883,41.0,45.145634,205.47720133133976
0.0,1.2592592592593779,40.0,45.286327,205.47720133133976
0.0,1.0518518518519766,39.0,44.277916,205.47720133133976
0.0,1.6444444444445754,38.0,42.59347,205.47720133133976
0.0,0.6370370370371743,37.0,38.181915,205.47720133133976
0.0,0.48888888888898246,36.0,38.55962,205.47720133133976
0.0,0.7703703703703954,35.0,39.766216,205.47720133133976
0.0,0.4148148148148023,34.0,35.12843,205.47720133133976
0.0,1.3925925925927674,33.0,33.548054,205.47720133133976
0.0,0.6074074074074012,32.0,30.984734,205.47720133133976
0.0,0.4592592592593778,31.0,33.735653,205.47720133133976
0.0,1.3333333333333894,30.0,35.45998,205.47720133133976
0.0,1.1407407407407906,29.0,34.375645,205.47720133133976
0.0,1.0518518518519766,28.0,31.146057,205.47720133133976
0.0,1.1259259259259884,27.0,31.17464,205.47720133133976
0.0,0.8592592592593777,26.0,30.675365,205.47720133133976
0.0,0.8296296296297732,25.0,30.050108,205.47720133133976
0.0,-0.05925925925920936,24.0,30.515026,205.47720133133976
0.0,0.6518518518519766,23.0,27.7496,205.47720133133976
0.0,0.6962962962963837,22.0,25.528528,205.47720133133976
0.0,0.6370370370371743,21.0,23.140574,205.47720133133976
0.0,2.059259259259378,20.0,22.460129,205.47720133133976
0.0,-0.2518518518518082,209.0,127.92568,205.47720133133976
0.0,0.5481481481481918,208.0,126.57447,205.47720133133976
0.0,0.666666666666779,207.0,127.65184,205.47720133133976
0.0,0.3851851851851977,206.0,128.74341,205.47720133133976
0.0,-0.1777777777777965,205.0,128.6467,205.47720133133976
0.0,1.2148148148149707,204.0,128.38809,205.47720133133976
0.0,-0.6370370370370059,203.0,129.55064,205.47720133133976
0.0,0.6962962962963837,202.0,129.44789,205.47720133133976
0.0,0.9925925925925988,201.0,127.15295,205.47720133133976
0.0,0.4,200.0,124.67902,205.47720133133976
0.0,-0.4148148148148023,199.0,124.58325,205.47720133133976
0.0,0.5185185185185871,198.0,122.63945,205.47720133133976
0.0,0.29629629629638365,197.0,126.74431,205.47720133133976
0.0,0.6074074074074012,196.0,125.45813,205.47720133133976
0.0,-0.444444444444407,195.0,127.776794,205.47720133133976
0.0,0.13333333333338948,194.0,127.31,205.47720133133976
0.0,-0.11851851851858713,193.0,130.80469,205.47720133133976
0.0,1.1259259259259884,192.0,132.38376,205.47720133133976
0.0,0.5333333333333895,191.0,133.77863,205.47720133133976
0.0,0.5925925925925988,190.0,130.84262,205.47720133133976
0.0,0.08888888888898246,189.0,133.4365,205.47720133133976
0.0,0.6518518518519766,188.0,130.62204,205.47720133133976
0.0,-0.4,187.0,135.7128,205.47720133133976
0.0,-0.355555555555593,186.0,137.50443,205.47720133133976
0.0,-0.23703703703700585,185.0,139.7432,205.47720133133976
0.0,0.23703703703700585,184.0,136.81909,205.47720133133976
0.0,0.14814814814819183,183.0,134.56967,205.47720133133976
0.0,0.1777777777777965,182.0,130.83214,205.47720133133976
0.0,0.16296296296299415,181.0,132.13351,205.47720133133976
0.0,0.2518518518518082,180.0,131.83905,205.47720133133976
0.0,0.04444444444440702,179.0,133.77875,205.47720133133976
0.0,0.14814814814819183,178.0,131.41617,205.47720133133976
0.0,-0.01481481481480234,177.0,130.96219,205.47720133133976
0.0,-0.6962962962963837,176.0,133.41092,205.47720133133976
0.0,-0.04444444444440702,175.0,135.39343,205.47720133133976
0.0,-0.10370370370361637,174.0,137.75984,205.47720133133976
0.0,0.34074074074079064,173.0,140.2575,205.47720133133976
0.0,0.4,172.0,143.1399,205.47720133133976
0.0,-0.14814814814819183,171.0,144.4002,205.47720133133976
0.0,0.29629629629638365,170.0,140.17078,205.47720133133976
0.0,0.2222222222222035,169.0,143.40018,205.47720133133976
0.0,0.11851851851858713,168.0,143.4285,205.47720133133976
0.0,1.0962962962963836,167.0,140.22522,205.47720133133976
0.0,-0.08888888888881404,166.0,141.411,205.47720133133976
0.0,0.37037037037039533,165.0,141.72722,205.47720133133976
0.0,0.355555555555593,164.0,138.68546,205.47720133133976
0.0,-0.8888888888889824,163.0,143.69589,205.47720133133976
0.0,-0.16296296296299415,162.0,139.9285,205.47720133133976
0.0,0.2518518518518082,161.0,139.39072,205.47720133133976
0.0,0.42962962962960466,160.0,140.2573,205.47720133133976
0.0,-0.5777777777777965,159.0,139.02621,205.47720133133976
0.0,0.29629629629638365,158.0,136.5575,205.47720133133976
0.0,0.23703703703700585,157.0,137.14903,205.47720133133976
0.0,0.3259259259259883,156.0,139.86887,205.47720133133976
0.0,0.9037037037037848,155.0,140.8649,205.47720133133976
0.0,0.6074074074074012,154.0,138.69229,205.47720133133976
0.0,-0.08888888888881404,153.0,138.31932,205.47720133133976
0.0,-0.26666666666661054,152.0,135.50009,205.47720133133976
0.0,0.4740740740741801,151.0,132.01846,205.47720133133976
0.0,0.14814814814819183,150.0,131.39127,205.47720133133976
0.0,0.31111111111118595,149.0,132.75879,205.47720133133976
0.0,0.355555555555593,148.0,131.54825,205.47720133133976
0.0,1.2148148148149707,147.0,132.64343,205.47720133133976
0.0,-0.05925925925920936,146.0,130.73492,205.47720133133976
0.0,0.16296296296299415,145.0,126.53223,205.47720133133976
0.0,0.2518518518518082,144.0,123.298935,205.47720133133976
0.0,-0.11851851851858713,143.0,117.41495,205.47720133133976
0.0,0.2222222222222035,142.0,125.63015,205.47720133133976
0.0,1.0370370370371742,141.0,120.67262,205.47720133133976
0.0,-0.1777777777777965,140.0,126.08939,205.47720133133976
0.0,0.2222222222222035,139.0,125.87538,205.47720133133976
0.0,0.6074074074074012,138.0,127.71575,205.47720133133976
0.0,0.9185185185185871,137.0,122.44974,205.47720133133976
0.0,-0.2814814814814129,136.0,117.31101,205.47720133133976
0.0,-0.10370370370361637,135.0,124.335434,205.47720133133976
0.0,-0.7703703703703954,134.0,121.74181,205.47720133133976
0.0,0.16296296296299415,133.0,119.122475,205.47720133133976
0.0,0.07407407407418012,132.0,118.61272,205.47720133133976
0.0,0.19259259259259884,131.0,121.17511,205.47720133133976
0.0,0.9481481481481918,130.0,116.48241,205.47720133133976
0.0,-0.19259259259259884,129.0,113.51159,205.47720133133976
0.0,0.9629629629629941,128.0,109.164604,205.47720133133976
0.0,0.4148148148148023,127.0,108.71416,205.47720133133976
0.0,0.711111111111186,126.0,103.53163,205.47720133133976
0.0,0.9481481481481918,125.0,99.539734,205.47720133133976
0.0,0.16296296296299415,124.0,102.70358,205.47720133133976
0.0,0.01481481481480234,123.0,102.70863,205.47720133133976
0.0,0.4148148148148023,122.0,95.94301,205.47720133133976
0.0,-0.01481481481480234,121.0,92.363525,205.47720133133976
0.0,0.6518518518519766,120.0,90.12349,205.47720133133976
0.0,0.5185185185185871,119.0,86.15404,205.47720133133976
0.0,0.5925925925925988,118.0,80.781784,205.47720133133976
0.0,-1.1407407407407906,117.0,78.65716,205.47720133133976
0.0,0.29629629629638365,116.0,76.02551,205.47720133133976
0.0,0.9037037037037848,115.0,75.49423,205.47720133133976
0.0,0.2222222222222035,114.0,72.51782,205.47720133133976
0.0,0.4592592592593778,113.0,70.864624,205.47720133133976
0.0,0.2222222222222035,112.0,69.7795,205.47720133133976
0.0,0.6370370370371743,111.0,70.615456,205.47720133133976
0.0,0.6518518518519766,110.0,69.013985,205.47720133133976
0.0,-0.02962962962960468,109.0,72.65882,205.47720133133976
0.0,0.1037037037037848,108.0,67.93062,205.47720133133976
0.0,0.9481481481481918,107.0,65.01071,205.47720133133976
0.0,0.9777777777777965,106.0,61.60159,205.47720133133976
0.0,0.7851851851851976,105.0,60.626637,205.47720133133976
0.0,0.7407407407407907,104.0,63.117935,205.47720133133976
0.0,0.7259259259259883,103.0,59.931232,205.47720133133976
0.0,0.5333333333333895,102.0,57.67964,205.47720133133976
0.0,0.19259259259259884,101.0,57.11124,205.47720133133976
0.0,0.2518518518518082,100.0,60.004627,205.47720133133976
0.0,1.318518518518587,99.0,62.102226,205.47720133133976
0.0,0.355555555555593,98.0,59.41953,205.47720133133976
0.0,0.7703703703703954,97.0,61.945423,205.47720133133976
0.0,0.9185185185185871,96.0,58.161797,205.47720133133976
0.0,-0.07407407407401169,95.0,56.1217,205.47720133133976
0.0,0.2222222222222035,94.0,54.903233,205.47720133133976
0.0,0.8592592592593777,93.0,54.368362,205.47720133133976
0.0,0.42962962962960466,92.0,53.236645,205.47720133133976
0.0,0.37037037037039533,91.0,53.24676,205.47720133133976
0.0,0.5777777777777965,90.0,51.538654,205.47720133133976
0.0,1.8814814814815812,89.0,50.20326,205.47720133133976
0.0,-0.14814814814819183,88.0,51.052998,205.47720133133976
0.0,0.6222222222222035,87.0,48.847378,205.47720133133976
0.0,0.23703703703700585,86.0,48.243385,205.47720133133976
0.0,0.5629629629629942,85.0,49.17953,205.47720133133976
0.0,1.0962962962963836,68.0,79.253006,205.47720133133976
0.0,0.9777777777777965,67.0,76.58256,205.47720133133976
0.0,0.5925925925925988,66.0,78.404434,205.47720133133976
0.0,0.26666666666677896,65.0,80.46095,205.47720133133976
0.0,0.1037037037037848,64.0,82.16571,205.47720133133976
0.0,0.5777777777777965,63.0,80.96549,205.47720133133976
0.0,1.4074074074075695,62.0,78.72388,205.47720133133976
0.0,0.04444444444440702,61.0,79.22888,205.47720133133976
0.0,0.5777777777777965,60.0,75.94589,205.47720133133976
0.0,0.26666666666677896,59.0,74.161896,205.47720133133976
0.0,-0.05925925925920936,58.0,72.521454,205.47720133133976
0.0,0.4,57.0,65.00158,205.47720133133976
0.0,0.2222222222222035,56.0,65.214066,205.47720133133976
0.0,0.19259259259259884,55.0,61.87099,205.47720133133976
0.0,-0.6962962962963837,96.0,110.971634,205.47720133133976
0.0,-0.755555555555593,95.0,109.38988,205.47720133133976
0.0,-0.42962962962960466,94.0,108.76106,205.47720133133976
0.0,-0.5185185185185871,93.0,109.74766,205.47720133133976
0.0,0.0,92.0,111.53227,205.47720133133976
0.0,-0.45925925925920935,91.0,108.7765,205.47720133133976
0.0,-0.34074074074079064,90.0,108.2968,205.47720133133976
0.0,-0.8592592592593777,89.0,106.99391,205.47720133133976
0.0,-0.26666666666661054,88.0,106.726364,205.47720133133976
0.0,-0.711111111111186,87.0,105.40499,205.47720133133976
0.0,-0.2222222222222035,86.0,106.55533,205.47720133133976
0.0,0.34074074074079064,85.0,106.46387,205.47720133133976
0.0,-0.6518518518518082,84.0,106.511505,205.47720133133976
0.0,-0.6222222222222035,83.0,104.4652,205.47720133133976
0.0,-0.07407407407401169,82.0,96.074905,205.47720133133976
0.0,0.37037037037039533,60.0,72.831985,205.47720133133976
0.0,0.05925925925920936,59.0,72.28216,205.47720133133976
0.0,0.01481481481480234,98.0,117.11234,205.47720133133976
0.0,-0.10370370370361637,97.0,119.76052,205.47720133133976
0.0,-0.10370370370361637,96.0,119.46943,205.47720133133976
0.0,-0.14814814814819183,95.0,119.79184,205.47720133133976
0.0,0.02962962962960468,94.0,119.25025,205.47720133133976
0.0,-0.844444444444407,93.0,111.233475,205.47720133133976
0.0,-1.037037037037006,92.0,109.34091,205.47720133133976
0.0,-0.34074074074079064,91.0,107.669785,205.47720133133976
0.0,0.2814814814815813,90.0,106.044586,205.47720133133976
0.0,-0.755555555555593,89.0,101.05087,205.47720133133976
0.0,-0.8296296296296046,88.0,100.46127,205.47720133133976
0.0,-0.711111111111186,87.0,96.47252,205.47720133133976
0.0,-0.7407407407407907,86.0,91.21155,205.47720133133976
0.0,0.4592592592593778,85.0,87.97268,205.47720133133976
0.0,-0.5185185185185871,84.0,89.43439,205.47720133133976
0.0,0.08888888888898246,83.0,85.177086,205.47720133133976
0.0,-0.9777777777777965,82.0,85.25983,205.47720133133976
0.0,-0.7259259259259883,81.0,88.533226,205.47720133133976
0.0,-0.8592592592593777,80.0,85.82487,205.47720133133976
0.0,-0.31111111111118595,79.0,85.41168,205.47720133133976
0.0,0.6518518518519766,78.0,85.32986,205.47720133133976
0.0,-0.07407407407401169,77.0,83.520386,205.47720133133976
0.0,-0.08888888888881404,76.0,82.455185,205.47720133133976
0.0,-0.11851851851858713,75.0,78.66344,205.47720133133976
0.0,-0.01481481481480234,74.0,77.07912,205.47720133133976
0.0,-0.444444444444407,73.0,75.103226,205.47720133133976
0.0,-0.8740740740741801,72.0,77.10193,205.47720133133976
0.0,0.2518518518518082,71.0,75.22055,205.47720133133976
0.0,-0.3259259259259883,70.0,76.84386,205.47720133133976
0.0,-0.6222222222222035,69.0,76.81625,205.47720133133976
0.0,0.16296296296299415,68.0,71.07039,205.47720133133976
0.0,-0.14814814814819183,67.0,64.4763,205.47720133133976
0.0,0.4444444444445754,66.0,62.316265,205.47720133133976
0.0,-0.05925925925920936,65.0,67.890335,205.47720133133976
0.0,-0.02962962962960468,64.0,62.273575,205.47720133133976
0.0,-0.16296296296299415,63.0,56.898926,205.47720133133976
0.0,-0.48888888888898246,62.0,59.355732,205.47720133133976
0.0,0.20740740740740116,61.0,57.44041,205.47720133133976
0.0,-0.10370370370361637,60.0,57.60503,205.47720133133976
0.0,-0.1777777777777965,59.0,56.978565,205.47720133133976
0.0,-0.4740740740740117,58.0,56.179806,205.47720133133976
0.0,0.5333333333333895,57.0,52.267307,205.47720133133976
0.0,-0.16296296296299415,56.0,51.434456,205.47720133133976
0.0,0.5333333333333895,55.0,49.838078,205.47720133133976
0.0,0.7407407407407907,54.0,48.672436,205.47720133133976
0.0,0.37037037037039533,53.0,47.948944,205.47720133133976
0.0,-0.37037037037039533,52.0,48.19402,205.47720133133976
0.0,0.02962962962960468,51.0,44.21573,205.47720133133976
0.0,0.4444444444445754,50.0,44.832798,205.47720133133976
0.0,-0.4148148148148023,49.0,46.45801,205.47720133133976
0.0,0.08888888888898246,48.0,43.989567,205.47720133133976
0.0,0.2814814814815813,47.0,43.717426,205.47720133133976
0.0,-0.04444444444440702,46.0,44.20313,205.47720133133976
0.0,-0.11851851851858713,45.0,43.521503,205.47720133133976
0.0,0.2518518518518082,44.0,44.32118,205.47720133133976
0.0,-0.5777777777777965,43.0,45.32401,205.47720133133976
0.0,0.13333333333338948,42.0,40.489952,205.47720133133976
0.0,0.23703703703700585,41.0,39.626743,205.47720133133976
0.0,-0.4740740740740117,40.0,39.257168,205.47720133133976
0.0,-0.5037037037037848,39.0,38.634712,205.47720133133976
0.0,0.01481481481480234,38.0,36.533424,205.47720133133976
0.0,0.4444444444445754,37.0,36.911587,205.47720133133976
0.0,-0.5333333333333895,36.0,36.050743,205.47720133133976
0.0,0.20740740740740116,35.0,35.32339,205.47720133133976
0.0,-0.05925925925920936,34.0,32.81661,205.47720133133976
0.0,0.29629629629638365,33.0,32.78307,205.47720133133976
0.0,1.0962962962963836,32.0,30.753647,205.47720133133976
0.0,-0.355555555555593,31.0,30.23524,205.47720133133976
0.0,1.0518518518519766,30.0,28.913454,205.47720133133976
0.0,0.9629629629629941,29.0,26.91817,205.47720133133976
0.0,0.4592592592593778,28.0,26.149862,205.47720133133976
0.0,0.4148148148148023,27.0,25.462353,205.47720133133976
0.0,0.6074074074074012,26.0,24.33911,205.47720133133976
0.0,0.6814814814815813,25.0,23.798832,205.47720133133976
0.0,0.8888888888889824,24.0,23.06926,205.47720133133976
0.0,0.8592592592593777,23.0,21.90002,205.47720133133976
0.0,1.185185185185366,22.0,21.166481,205.47720133133976
0.0,0.9185185185185871,21.0,20.184723,205.47720133133976
0.0,0.4592592592593778,20.0,18.513367,205.47720133133976
