engine_id,cycle,true_RUL,pred
1,30,113.0,117.874985
1,31,112.0,115.8521
2,30,117.0,128.32948
2,31,116.0,126.30316
2,32,115.0,124.26408
2,33,114.0,119.69234
2,34,113.0,123.01287
2,35,112.0,126.577034
2,36,111.0,126.40492
2,37,110.0,129.671
2,38,109.0,130.19896
2,39,108.0,127.96089
2,40,107.0,124.264206
2,41,106.0,125.07938
2,42,105.0,124.36955
2,43,104.0,122.87335
2,44,103.0,120.76728
2,45,102.0,121.283005
2,46,101.0,125.6292
2,47,100.0,129.00575
2,48,99.0,130.45953
2,49,98.0,132.56071
3,30,165.0,115.37685
3,31,164.0,108.136696
3,32,163.0,109.40542
3,33,162.0,108.540436
3,34,161.0,88.80026
3,35,160.0,94.60167
3,36,159.0,95.35009
3,37,158.0,101.53824
3,38,157.0,108.7121
3,39,156.0,110.93985
3,40,155.0,110.31373
3,41,154.0,112.010284
3,42,153.0,113.33242
3,43,152.0,113.096664
3,44,151.0,106.18933
3,45,150.0,103.34476
3,46,149.0,100.74789
3,47,148.0,109.75363
3,48,147.0,115.22229
3,49,146.0,117.670364
3,50,145.0,120.07907
3,51,144.0,121.397865
3,52,143.0,122.2737
3,53,142.0,122.18888
3,54,141.0,124.82887
3,55,140.0,122.65807
3,56,139.0,129.97743
3,57,138.0,129.84972
3,58,137.0,131.43332
3,59,136.0,131.50221
3,60,135.0,129.33899
3,61,134.0,128.69827
3,62,133.0,128.65767
3,63,132.0,126.60146
3,64,131.0,125.61614
3,65,130.0,124.17128
3,66,129.0,124.75048
3,67,128.0,127.524155
3,68,127.0,128.33577
3,69,126.0,127.157005
3,70,125.0,126.39099
3,71,124.0,128.67937
3,72,123.0,126.49441
3,73,122.0,123.36064
3,74,121.0,115.39847
3,75,120.0,112.705
3,76,119.0,109.99725
3,77,118.0,113.355736
3,78,117.0,119.55321
3,79,116.0,121.4718
3,80,115.0,121.43986
3,81,114.0,122.985
3,82,113.0,126.19866
3,83,112.0,125.46129
3,84,111.0,124.45709
3,85,110.0,126.00427
3,86,109.0,125.73507
3,87,108.0,119.27873
3,88,107.0,118.37556
3,89,106.0,120.555984
3,90,105.0,120.52652
3,91,104.0,120.43643
3,92,103.0,117.34859
3,93,102.0,116.94931
3,94,101.0,115.21199
3,95,100.0,107.75343
3,96,99.0,106.6396
3,97,98.0,107.44513
3,98,97.0,108.50462
3,99,96.0,104.25688
3,100,95.0,111.61157
3,101,94.0,105.12188
3,102,93.0,99.594376
3,103,92.0,91.81048
3,104,91.0,89.40515
3,105,90.0,83.585754
3,106,89.0,97.36128
3,107,88.0,105.76412
3,108,87.0,114.421135
3,109,86.0,115.661804
3,110,85.0,116.995865
3,111,84.0,115.257355
3,112,83.0,107.3847
3,113,82.0,97.1906
3,114,81.0,86.75072
3,115,80.0,80.65313
3,116,79.0,75.359215
3,117,78.0,74.86493
3,118,77.0,70.924904
3,119,76.0,73.10657
3,120,75.0,63.077038
3,121,74.0,65.52587
3,122,73.0,58.451088
3,123,72.0,56.927727
3,124,71.0,55.433147
3,125,70.0,49.820404
3,126,69.0,51.560345
4,30,158.0,130.70216
4,31,157.0,132.49983
4,32,156.0,131.30888
4,33,155.0,131.99432
4,34,154.0,132.99887
4,35,153.0,133.23415
4,36,152.0,132.51704
4,37,151.0,133.0265
4,38,150.0,130.83983
4,39,149.0,132.3917
4,40,148.0,133.58475
4,41,147.0,133.74796
4,42,146.0,134.30408
4,43,145.0,133.68065
4,44,144.0,132.45537
4,45,143.0,128.3326
4,46,142.0,120.55726
4,47,141.0,108.89259
4,48,140.0,108.44448
4,49,139.0,113.62657
4,50,138.0,115.88248
4,51,137.0,126.72087
4,52,136.0,127.80571
4,53,135.0,121.96259
4,54,134.0,119.964966
4,55,133.0,125.85866
4,56,132.0,126.923874
4,57,131.0,127.55228
4,58,130.0,126.140076
4,59,129.0,124.9391
4,60,128.0,126.00866
4,61,127.0,127.07095
4,62,126.0,126.20973
4,63,125.0,129.17557
4,64,124.0,129.44676
4,65,123.0,131.3309
4,66,122.0,130.09756
4,67,121.0,130.34666
4,68,120.0,131.26582
4,69,119.0,131.65642
4,70,118.0,130.07341
4,71,117.0,127.67938
4,72,116.0,128.75758
4,73,115.0,124.36323
4,74,114.0,119.695305
4,75,113.0,111.32167
4,76,112.0,99.33204
4,77,111.0,102.43048
4,78,110.0,110.47716
4,79,109.0,115.00171
4,80,108.0,108.78113
4,81,107.0,108.4204
4,82,106.0,107.75319
4,83,105.0,111.84249
4,84,104.0,115.199905
4,85,103.0,111.669014
4,86,102.0,110.63199
4,87,101.0,108.88498
4,88,100.0,102.69
4,89,99.0,93.59703
4,90,98.0,110.116394
4,91,97.0,106.34277
4,92,96.0,116.99664
4,93,95.0,121.59868
4,94,94.0,124.610504
4,95,93.0,122.68207
4,96,92.0,123.62837
4,97,91.0,122.61829
4,98,90.0,117.16059
4,99,89.0,109.61908
4,100,88.0,107.3955
4,101,87.0,97.97255
4,102,86.0,94.69412
4,103,85.0,98.4037
4,104,84.0,97.46359
4,105,83.0,95.97023
4,106,82.0,91.751205
5,30,159.0,126.325
5,31,158.0,130.90518
5,32,157.0,132.87593
5,33,156.0,134.57312
5,34,155.0,135.13388
5,35,154.0,135.32191
5,36,153.0,134.6284
5,37,152.0,133.9151
5,38,151.0,132.07802
5,39,150.0,130.78067
5,40,149.0,125.40303
5,41,148.0,123.94374
5,42,147.0,123.78697
5,43,146.0,126.33922
5,44,145.0,119.48056
5,45,144.0,103.53508
5,46,143.0,116.70015
5,47,142.0,121.46727
5,48,141.0,117.91666
5,49,140.0,116.816864
5,50,139.0,113.75119
5,51,138.0,118.91225
5,52,137.0,119.06402
5,53,136.0,116.306526
5,54,135.0,116.58441
5,55,134.0,119.187164
5,56,133.0,109.41246
5,57,132.0,119.918655
5,58,131.0,123.69234
5,59,130.0,120.75743
5,60,129.0,123.334656
5,61,128.0,123.38663
5,62,127.0,127.84578
5,63,126.0,124.36989
5,64,125.0,126.894226
5,65,124.0,126.79435
5,66,123.0,129.87727
5,67,122.0,128.35896
5,68,121.0,128.40157
5,69,120.0,125.769905
5,70,119.0,124.96662
5,71,118.0,123.66651
5,72,117.0,118.47008
5,73,116.0,117.49184
5,74,115.0,111.7588
5,75,114.0,109.52277
5,76,113.0,105.9111
5,77,112.0,110.15733
5,78,111.0,115.168564
5,79,110.0,116.528244
5,80,109.0,118.55482
5,81,108.0,119.46443
5,82,107.0,122.675156
5,83,106.0,123.843124
5,84,105.0,122.421936
5,85,104.0,116.539894
5,86,103.0,119.409805
5,87,102.0,118.21734
5,88,101.0,115.27106
5,89,100.0,112.25071
5,90,99.0,119.49533
5,91,98.0,118.452896
5,92,97.0,116.044846
5,93,96.0,111.60733
5,94,95.0,106.08728
5,95,94.0,109.40009
5,96,93.0,103.821
5,97,92.0,108.57368
5,98,91.0,106.103325
6,30,168.0,130.6451
6,31,167.0,127.4438
6,32,166.0,128.79741
6,33,165.0,127.38712
6,34,164.0,125.78856
6,35,163.0,124.55358
6,36,162.0,128.44772
6,37,161.0,132.68959
6,38,160.0,134.02296
6,39,159.0,134.09215
6,40,158.0,134.05388
6,41,157.0,134.43716
6,42,156.0,133.96828
6,43,155.0,132.34096
6,44,154.0,125.50407
6,45,153.0,112.4323
6,46,152.0,117.184204
6,47,151.0,124.94409
6,48,150.0,130.33046
6,49,149.0,132.09993
6,50,148.0,133.36806
6,51,147.0,133.0829
6,52,146.0,133.60367
6,53,145.0,133.28075
6,54,144.0,133.628
6,55,143.0,133.99011
6,56,142.0,134.3892
6,57,141.0,133.21648
6,58,140.0,133.417
6,59,139.0,134.04254
6,60,138.0,133.2344
6,61,137.0,132.34825
6,62,136.0,129.93594
6,63,135.0,125.97589
6,64,134.0,125.8224
6,65,133.0,120.170395
6,66,132.0,118.81723
6,67,131.0,123.24849
6,68,130.0,127.74352
6,69,129.0,129.63603
6,70,128.0,126.47595
6,71,127.0,121.72066
6,72,126.0,122.07007
6,73,125.0,123.66179
6,74,124.0,128.3156
6,75,123.0,128.44495
6,76,122.0,131.37096
6,77,121.0,129.35614
6,78,120.0,131.52675
6,79,119.0,131.79361
6,80,118.0,131.9496
6,81,117.0,131.42589
6,82,116.0,131.44302
6,83,115.0,128.25345
6,84,114.0,130.1875
6,85,113.0,129.58897
6,86,112.0,128.341
6,87,111.0,126.89003
6,88,110.0,127.503525
6,89,109.0,125.77862
6,90,108.0,120.54392
6,91,107.0,121.0981
6,92,106.0,120.728096
6,93,105.0,118.77134
6,94,104.0,124.33238
6,95,103.0,122.77444
6,96,102.0,118.01093
6,97,101.0,114.36264
6,98,100.0,110.9146
6,99,99.0,108.797714
6,100,98.0,107.84526
6,101,97.0,102.44873
6,102,96.0,103.6554
6,103,95.0,102.45477
6,104,94.0,106.989685
6,105,93.0,109.267746
7,30,221.0,127.73282
7,31,220.0,130.10692
7,32,219.0,131.14713
7,33,218.0,134.422
7,34,217.0,129.60622
7,35,216.0,132.80876
7,36,215.0,126.77193
7,37,214.0,125.81006
7,38,213.0,123.88965
7,39,212.0,124.36401
7,40,211.0,124.88753
7,41,210.0,128.40208
7,42,209.0,123.43889
7,43,208.0,127.28746
7,44,207.0,121.63527
7,45,206.0,120.85538
7,46,205.0,125.8873
7,47,204.0,127.11655
7,48,203.0,124.730705
7,49,202.0,119.58416
7,50,201.0,120.32896
7,51,200.0,122.823425
7,52,199.0,127.609085
7,53,198.0,128.50298
7,54,197.0,132.82173
7,55,196.0,134.5386
7,56,195.0,127.26384
7,57,194.0,128.60439
7,58,193.0,129.17824
7,59,192.0,129.1612
7,60,191.0,132.76953
7,61,190.0,132.42784
7,62,189.0,135.45763
7,63,188.0,135.26128
7,64,187.0,136.13849
7,65,186.0,135.52159
7,66,185.0,131.5443
7,67,184.0,131.75725
7,68,183.0,126.766136
7,69,182.0,127.97476
7,70,181.0,125.68095
7,71,180.0,129.31984
7,72,179.0,130.47406
7,73,178.0,132.34848
7,74,177.0,126.285385
7,75,176.0,119.22453
7,76,175.0,127.06045
7,77,174.0,120.48556
7,78,173.0,124.11724
7,79,172.0,119.75607
7,80,171.0,116.74573
7,81,170.0,118.981766
7,82,169.0,120.464035
7,83,168.0,115.795296
7,84,167.0,124.81192
7,85,166.0,124.35245
7,86,165.0,124.51681
7,87,164.0,109.19118
7,88,163.0,116.00697
7,89,162.0,106.419815
7,90,161.0,111.09808
7,91,160.0,115.1752
7,92,159.0,121.415726
7,93,158.0,122.42233
7,94,157.0,125.062874
7,95,156.0,129.56752
7,96,155.0,127.00741
7,97,154.0,121.89694
7,98,153.0,117.69905
7,99,152.0,117.14975
7,100,151.0,113.134476
7,101,150.0,110.30222
7,102,149.0,115.68335
7,103,148.0,120.78134
7,104,147.0,113.41824
7,105,146.0,120.67362
7,106,145.0,129.14857
7,107,144.0,133.11375
7,108,143.0,130.56715
7,109,142.0,131.67963
7,110,141.0,125.85901
7,111,140.0,125.13022
7,112,139.0,118.75986
7,113,138.0,114.63008
7,114,137.0,118.21075
7,115,136.0,115.89399
7,116,135.0,118.17084
7,117,134.0,115.45573
7,118,133.0,117.37393
7,119,132.0,104.03653
7,120,131.0,101.34242
7,121,130.0,103.70825
7,122,129.0,104.70811
7,123,128.0,107.13744
7,124,127.0,108.79072
7,125,126.0,114.098595
7,126,125.0,106.42493
7,127,124.0,107.171
7,128,123.0,105.42029
7,129,122.0,108.17795
7,130,121.0,104.03821
7,131,120.0,108.70886
7,132,119.0,109.30522
7,133,118.0,102.10065
7,134,117.0,100.188675
7,135,116.0,107.170074
7,136,115.0,106.81944
7,137,114.0,113.977005
7,138,113.0,114.757324
7,139,112.0,119.478165
7,140,111.0,116.554214
7,141,110.0,104.695656
7,142,109.0,107.939705
7,143,108.0,104.28955
7,144,107.0,97.5765
7,145,106.0,94.55537
7,146,105.0,97.30777
7,147,104.0,97.20337
7,148,103.0,94.85297
7,149,102.0,91.28727
7,150,101.0,88.74144
7,151,100.0,92.830315
7,152,99.0,101.57364
7,153,98.0,101.99477
7,154,97.0,104.91675
7,155,96.0,105.063385
7,156,95.0,104.591995
7,157,94.0,102.80554
7,158,93.0,102.62592
7,159,92.0,102.943214
7,160,91.0,101.604095
8,30,226.0,126.82716
8,31,226.0,124.589935
8,32,226.0,111.95339
8,33,226.0,102.81027
8,34,226.0,100.69353
8,35,226.0,116.089584
8,36,225.0,108.93498
8,37,224.0,108.19899
8,38,223.0,118.79722
8,39,222.0,118.322075
8,40,221.0,122.72622
8,41,220.0,122.045204
8,42,219.0,129.49083
8,43,218.0,128.00674
8,44,217.0,126.750305
8,45,216.0,129.31342
8,46,215.0,125.76958
8,47,214.0,123.58436
8,48,213.0,120.87288
8,49,212.0,128.81816
8,50,211.0,132.51067
8,51,210.0,133.0991
8,52,209.0,131.48018
8,53,208.0,123.46019
8,54,207.0,123.05874
8,55,206.0,121.529724
8,56,205.0,122.00615
8,57,204.0,113.6925
8,58,203.0,115.868805
8,59,202.0,119.6168
8,60,201.0,112.6726
8,61,200.0,95.95717
8,62,199.0,101.4422
8,63,198.0,110.022644
8,64,197.0,108.6462
8,65,196.0,116.41405
8,66,195.0,114.411934
8,67,194.0,119.06441
8,68,193.0,126.62481
8,69,192.0,129.29619
8,70,191.0,127.021835
8,71,190.0,129.47731
8,72,189.0,131.97575
8,73,188.0,128.05205
8,74,187.0,127.84151
8,75,186.0,129.9812
8,76,185.0,129.36295
8,77,184.0,131.29216
8,78,183.0,135.75742
8,79,182.0,136.07417
8,80,181.0,133.97433
8,81,180.0,135.22008
8,82,179.0,132.45256
8,83,178.0,132.13713
8,84,177.0,132.18134
8,85,176.0,131.84122
8,86,175.0,124.0318
8,87,174.0,116.028564
8,88,173.0,117.8052
8,89,172.0,127.64093
8,90,171.0,129.4528
8,91,170.0,132.11346
8,92,169.0,133.20346
8,93,168.0,128.63957
8,94,167.0,128.65877
8,95,166.0,129.94182
8,96,165.0,130.31355
8,97,164.0,128.94167
8,98,163.0,127.05783
8,99,162.0,124.66307
8,100,161.0,119.4869
8,101,160.0,123.71543
8,102,159.0,126.49613
8,103,158.0,126.583694
8,104,157.0,127.17732
8,105,156.0,120.72121
8,106,155.0,124.144135
8,107,154.0,127.042145
8,108,153.0,124.18493
8,109,152.0,120.40498
8,110,151.0,121.02475
8,111,150.0,122.35758
8,112,149.0,119.58607
8,113,148.0,122.89313
8,114,147.0,116.930725
8,115,146.0,115.69995
8,116,145.0,100.181244
8,117,144.0,95.50109
8,118,143.0,109.4541
8,119,142.0,117.030334
8,120,141.0,125.11069
8,121,140.0,125.88432
8,122,139.0,126.6767
8,123,138.0,125.35654
8,124,137.0,125.281494
8,125,136.0,128.90903
8,126,135.0,127.501114
8,127,134.0,129.2864
8,128,133.0,129.5872
8,129,132.0,131.27896
8,130,131.0,130.55241
8,131,130.0,128.13795
8,132,129.0,126.12758
8,133,128.0,124.485275
8,134,127.0,125.44415
8,135,126.0,128.30339
8,136,125.0,128.66422
8,137,124.0,126.42674
8,138,123.0,125.5482
8,139,122.0,123.72768
8,140,121.0,120.54829
8,141,120.0,117.13573
8,142,119.0,109.70525
8,143,118.0,108.92802
8,144,117.0,108.811005
8,145,116.0,94.827446
8,146,115.0,94.89719
8,147,114.0,93.59627
8,148,113.0,108.71901
8,149,112.0,114.837
8,150,111.0,115.511154
8,151,110.0,122.168594
8,152,109.0,118.81059
8,153,108.0,114.532425
8,154,107.0,112.52603
8,155,106.0,110.83136
8,156,105.0,110.11104
8,157,104.0,114.51112
8,158,103.0,114.490974
8,159,102.0,117.775925
8,160,101.0,114.82385
8,161,100.0,111.97493
8,162,99.0,111.528656
8,163,98.0,115.58098
8,164,97.0,121.23967
8,165,96.0,126.23059
8,166,95.0,122.12191
9,30,136.0,131.68648
9,31,135.0,125.822784
9,32,134.0,126.16853
9,33,133.0,126.08284
9,34,132.0,122.91528
9,35,131.0,121.00864
9,36,130.0,117.58583
9,37,129.0,122.342834
9,38,128.0,123.337326
9,39,127.0,124.63108
9,40,126.0,124.9797
9,41,125.0,121.67368
9,42,124.0,122.88896
9,43,123.0,115.73599
9,44,122.0,105.72818
9,45,121.0,96.36062
9,46,120.0,99.56281
9,47,119.0,104.98326
9,48,118.0,108.31737
9,49,117.0,119.04015
9,50,116.0,120.71702
9,51,115.0,122.20525
9,52,114.0,122.688774
9,53,113.0,122.368225
9,54,112.0,123.13815
9,55,111.0,124.9039
10,30,226.0,130.43669
10,31,226.0,127.964294
10,32,226.0,130.2408
10,33,226.0,122.83869
10,34,226.0,117.4868
10,35,226.0,115.717285
10,36,226.0,117.08887
10,37,226.0,123.82024
10,38,226.0,123.2696
10,39,226.0,115.3692
10,40,226.0,121.81436
10,41,226.0,121.5095
10,42,226.0,122.38235
10,43,226.0,129.43181
10,44,226.0,129.75284
10,45,226.0,129.36098
10,46,226.0,126.539246
10,47,226.0,124.35156
10,48,226.0,127.39929
10,49,226.0,130.97153
10,50,226.0,123.33529
10,51,226.0,116.065674
10,52,226.0,120.06058
10,53,226.0,121.5379
10,54,226.0,129.32259
10,55,226.0,132.68173
10,56,226.0,131.24768
10,57,226.0,126.33858
10,58,226.0,122.89156
10,59,226.0,123.51901
10,60,226.0,124.5732
10,61,226.0,125.46329
10,62,226.0,124.71368
10,63,225.0,122.18405
10,64,224.0,129.98225
10,65,223.0,124.573326
10,66,222.0,123.705185
10,67,221.0,121.68672
10,68,220.0,117.808495
10,69,219.0,116.96594
10,70,218.0,116.76597
10,71,217.0,116.48552
10,72,216.0,125.855804
10,73,215.0,127.27867
10,74,214.0,124.81675
10,75,213.0,125.10419
10,76,212.0,126.891975
10,77,211.0,126.904236
10,78,210.0,129.9157
10,79,209.0,130.45634
10,80,208.0,124.43627
10,81,207.0,127.39845
10,82,206.0,124.04337
10,83,205.0,119.40811
10,84,204.0,128.56905
10,85,203.0,124.1099
10,86,202.0,128.16858
10,87,201.0,123.51245
10,88,200.0,122.3156
10,89,199.0,117.60626
10,90,198.0,125.23372
10,91,197.0,126.67406
10,92,196.0,124.59667
10,93,195.0,124.39299
10,94,194.0,123.524376
10,95,193.0,127.93114
10,96,192.0,126.91644
10,97,191.0,124.356026
10,98,190.0,118.390564
10,99,189.0,111.79596
10,100,188.0,117.65741
10,101,187.0,117.99455
10,102,186.0,116.92976
10,103,185.0,124.33905
10,104,184.0,110.8588
10,105,183.0,110.53912
10,106,182.0,112.28227
10,107,181.0,106.48552
10,108,180.0,111.52648
10,109,179.0,100.38385
10,110,178.0,108.29428
10,111,177.0,112.6072
10,112,176.0,110.729675
10,113,175.0,118.11954
10,114,174.0,114.37742
10,115,173.0,122.968124
10,116,172.0,127.19086
10,117,171.0,121.36421
10,118,170.0,119.36732
10,119,169.0,110.11519
10,120,168.0,106.07934
10,121,167.0,103.853165
10,122,166.0,106.10679
10,123,165.0,118.25813
10,124,164.0,123.42109
10,125,163.0,120.193695
10,126,162.0,119.898315
10,127,161.0,113.842476
10,128,160.0,111.113174
10,129,159.0,113.53461
10,130,158.0,111.21607
10,131,157.0,112.53207
10,132,156.0,106.06972
10,133,155.0,109.44441
10,134,154.0,99.311935
10,135,153.0,94.94495
10,136,152.0,94.270645
10,137,151.0,90.88811
10,138,150.0,93.336105
10,139,149.0,94.21523
10,140,148.0,93.54088
10,141,147.0,91.53737
10,142,146.0,85.44566
10,143,145.0,97.740776
10,144,144.0,109.16737
10,145,143.0,113.058495
10,146,142.0,117.791245
10,147,141.0,123.30298
10,148,140.0,116.00224
10,149,139.0,113.98635
10,150,138.0,105.73462
10,151,137.0,111.52463
10,152,136.0,116.659935
10,153,135.0,113.80965
10,154,134.0,120.99643
10,155,133.0,121.0323
10,156,132.0,121.02229
10,157,131.0,128.89684
10,158,130.0,121.471214
10,159,129.0,123.49299
10,160,128.0,120.27668
10,161,127.0,114.09053
10,162,126.0,110.15085
10,163,125.0,100.348656
10,164,124.0,100.4453
10,165,123.0,102.21238
10,166,122.0,100.41199
10,167,121.0,97.94716
10,168,120.0,95.94783
10,169,119.0,86.94624
10,170,118.0,87.62796
10,171,117.0,88.58818
10,172,116.0,86.47615
10,173,115.0,96.4756
10,174,114.0,94.875046
10,175,113.0,94.723145
10,176,112.0,99.2847
10,177,111.0,96.39836
10,178,110.0,102.66646
10,179,109.0,111.68739
10,180,108.0,112.828445
10,181,107.0,115.43913
10,182,106.0,115.37928
10,183,105.0,118.3851
10,184,104.0,106.251915
10,185,103.0,123.49388
10,186,102.0,126.87287
10,187,101.0,118.52497
10,188,100.0,121.594406
10,189,99.0,120.14535
10,190,98.0,125.281876
10,191,97.0,124.252525
10,192,96.0,122.036125
11,30,150.0,127.89279
11,31,149.0,123.91063
11,32,148.0,119.991554
11,33,147.0,117.0067
11,34,146.0,119.09726
11,35,145.0,119.61431
11,36,144.0,121.76327
11,37,143.0,123.690475
11,38,142.0,121.22752
11,39,141.0,120.63511
11,40,140.0,120.138405
11,41,139.0,118.160286
11,42,138.0,116.09885
11,43,137.0,111.3255
11,44,136.0,118.0777
11,45,135.0,124.24707
11,46,134.0,125.05618
11,47,133.0,123.477425
11,48,132.0,122.08807
11,49,131.0,122.08375
11,50,130.0,120.25098
11,51,129.0,114.35244
11,52,128.0,112.54631
11,53,127.0,116.67839
11,54,126.0,114.60408
11,55,125.0,118.37911
11,56,124.0,117.548584
11,57,123.0,121.209045
11,58,122.0,124.09235
11,59,121.0,125.20769
11,60,120.0,122.15917
11,61,119.0,116.05471
11,62,118.0,113.192184
11,63,117.0,110.758736
11,64,116.0,114.98131
11,65,115.0,120.426216
11,66,114.0,123.13718
11,67,113.0,127.377975
11,68,112.0,128.58289
11,69,111.0,127.89041
11,70,110.0,127.28237
11,71,109.0,125.568436
11,72,108.0,124.42638
11,73,107.0,124.26567
11,74,106.0,119.77424
11,75,105.0,114.21614
11,76,104.0,111.53669
11,77,103.0,107.81824
11,78,102.0,98.31958
11,79,101.0,88.99414
11,80,100.0,76.15092
11,81,99.0,72.70261
11,82,98.0,75.89846
11,83,97.0,66.72984
12,30,226.0,126.115906
12,31,226.0,127.26132
12,32,226.0,125.72339
12,33,226.0,130.4129
12,34,226.0,125.95276
12,35,226.0,131.5399
12,36,226.0,132.93791
12,37,226.0,132.08203
12,38,226.0,133.00877
12,39,226.0,132.6824
12,40,226.0,130.7931
12,41,226.0,132.8909
12,42,226.0,131.77225
12,43,226.0,133.6649
12,44,226.0,134.19432
12,45,226.0,133.20894
12,46,226.0,134.18997
12,47,226.0,133.12764
12,48,226.0,131.58943
12,49,226.0,135.76443
12,50,226.0,135.35939
12,51,226.0,129.4003
12,52,226.0,127.01827
12,53,226.0,127.66964
12,54,226.0,132.84169
12,55,226.0,132.8734
12,56,226.0,131.96681
12,57,226.0,133.68051
12,58,226.0,132.3574
12,59,226.0,129.29756
12,60,226.0,132.40904
12,61,226.0,126.122795
12,62,226.0,127.265724
12,63,226.0,125.645676
12,64,226.0,129.32019
12,65,226.0,124.8339
12,66,226.0,130.0389
12,67,226.0,131.9402
12,68,226.0,129.38875
12,69,226.0,127.20054
12,70,226.0,122.69227
12,71,226.0,118.33033
12,72,226.0,115.23573
12,73,226.0,114.27748
12,74,226.0,122.2652
12,75,226.0,118.83597
12,76,226.0,111.233665
12,77,226.0,114.08693
12,78,226.0,114.04796
12,79,226.0,115.71024
12,80,226.0,119.00426
12,81,226.0,120.11098
12,82,226.0,123.33925
12,83,226.0,127.350876
12,84,226.0,123.94972
12,85,226.0,116.66599
12,86,226.0,123.23245
12,87,226.0,121.72351
12,88,226.0,123.08104
12,89,226.0,119.40529
12,90,226.0,122.86193
12,91,226.0,123.592865
12,92,226.0,123.62037
12,93,226.0,120.84231
12,94,226.0,119.93387
12,95,226.0,113.04071
12,96,226.0,116.42292
12,97,226.0,121.30504
12,98,226.0,121.37722
12,99,226.0,117.59413
12,100,226.0,114.879654
12,101,226.0,118.85155
12,102,226.0,120.82739
12,103,226.0,124.099434
12,104,226.0,125.47684
12,105,226.0,123.17668
12,106,226.0,120.176476
12,107,226.0,127.31323
12,108,226.0,130.16322
12,109,226.0,130.66203
12,110,226.0,133.6072
12,111,226.0,131.03369
12,112,226.0,131.95013
12,113,226.0,125.81284
12,114,226.0,122.982956
12,115,226.0,120.87631
12,116,225.0,121.14934
12,117,224.0,121.02918
12,118,223.0,126.54486
12,119,222.0,130.47047
12,120,221.0,127.55053
12,121,220.0,124.60219
12,122,219.0,118.94127
12,123,218.0,119.56914
12,124,217.0,123.87063
12,125,216.0,120.304535
12,126,215.0,119.610825
12,127,214.0,118.40767
12,128,213.0,125.162224
12,129,212.0,123.5146
12,130,211.0,121.53281
12,131,210.0,124.948006
12,132,209.0,123.39034
12,133,208.0,119.570755
12,134,207.0,122.27159
12,135,206.0,121.383255
12,136,205.0,122.25433
12,137,204.0,120.618324
12,138,203.0,123.12915
12,139,202.0,111.11696
12,140,201.0,113.02876
12,141,200.0,114.54117
12,142,199.0,125.770836
12,143,198.0,120.22186
12,144,197.0,116.58664
12,145,196.0,112.29616
12,146,195.0,107.783646
12,147,194.0,112.747505
12,148,193.0,114.55875
12,149,192.0,113.38728
12,150,191.0,107.015396
12,151,190.0,103.93138
12,152,189.0,103.436516
12,153,188.0,98.80693
12,154,187.0,99.20625
12,155,186.0,104.16318
12,156,185.0,106.12277
12,157,184.0,109.38596
12,158,183.0,103.24059
12,159,182.0,101.90237
12,160,181.0,102.61748
12,161,180.0,101.98007
12,162,179.0,103.970406
12,163,178.0,111.5699
12,164,177.0,112.1436
12,165,176.0,112.54918
12,166,175.0,109.856735
12,167,174.0,105.10866
12,168,173.0,103.128685
12,169,172.0,105.01412
12,170,171.0,110.74831
12,171,170.0,120.423645
12,172,169.0,121.64527
12,173,168.0,129.5276
12,174,167.0,127.16547
12,175,166.0,123.64061
12,176,165.0,121.279236
12,177,164.0,120.79278
12,178,163.0,120.912506
12,179,162.0,130.86386
12,180,161.0,126.18612
12,181,160.0,127.36363
12,182,159.0,115.92597
12,183,158.0,114.43228
12,184,157.0,111.120766
12,185,156.0,110.527054
12,186,155.0,105.071915
12,187,154.0,105.84609
12,188,153.0,106.81689
12,189,152.0,96.445435
12,190,151.0,96.70911
12,191,150.0,95.27664
12,192,149.0,93.8213
12,193,148.0,91.3528
12,194,147.0,84.209854
12,195,146.0,78.49176
12,196,145.0,73.54541
12,197,144.0,79.68973
12,198,143.0,80.34424
12,199,142.0,81.55922
12,200,141.0,79.08754
12,201,140.0,87.88992
12,202,139.0,92.94083
12,203,138.0,98.88512
12,204,137.0,100.8862
12,205,136.0,91.316635
12,206,135.0,97.77751
12,207,134.0,105.621994
12,208,133.0,103.830414
12,209,132.0,114.89227
12,210,131.0,125.31029
12,211,130.0,132.57257
12,212,129.0,132.18382
12,213,128.0,130.5772
12,214,127.0,126.894455
12,215,126.0,123.21147
12,216,125.0,124.83889
12,217,124.0,118.277115
13,30,226.0,132.72737
13,31,226.0,131.87415
13,32,226.0,133.737
13,33,226.0,134.48428
13,34,226.0,134.77722
13,35,226.0,133.75435
13,36,226.0,133.10083
13,37,226.0,130.68822
13,38,226.0,128.44272
13,39,226.0,128.6782
13,40,226.0,116.5065
13,41,226.0,119.56121
13,42,226.0,118.04742
13,43,226.0,117.84569
13,44,226.0,123.1921
13,45,226.0,119.61146
13,46,226.0,121.10174
13,47,226.0,127.55548
13,48,226.0,121.986786
13,49,226.0,125.41278
13,50,226.0,126.40085
13,51,226.0,124.84234
13,52,226.0,124.03177
13,53,226.0,125.68184
13,54,226.0,130.69748
13,55,226.0,131.51929
13,56,226.0,133.42715
13,57,226.0,134.86455
13,58,226.0,130.36363
13,59,226.0,126.05643
13,60,226.0,131.17175
13,61,226.0,127.87597
13,62,226.0,119.98733
13,63,226.0,120.23349
13,64,226.0,123.814514
13,65,225.0,124.6042
13,66,224.0,121.93492
13,67,223.0,126.27951
13,68,222.0,127.840546
13,69,221.0,124.99147
13,70,220.0,120.39525
13,71,219.0,121.05778
13,72,218.0,114.60637
13,73,217.0,124.808266
13,74,216.0,121.453575
13,75,215.0,129.4449
13,76,214.0,130.43188
13,77,213.0,129.78795
13,78,212.0,131.51286
13,79,211.0,127.901764
13,80,210.0,125.0739
13,81,209.0,117.03669
13,82,208.0,116.39557
13,83,207.0,119.26423
13,84,206.0,121.15757
13,85,205.0,123.96144
13,86,204.0,124.14833
13,87,203.0,124.76219
13,88,202.0,118.65497
13,89,201.0,127.73768
13,90,200.0,120.09543
13,91,199.0,113.03514
13,92,198.0,113.91106
13,93,197.0,115.40541
13,94,196.0,115.42569
13,95,195.0,113.10352
13,96,194.0,115.526955
13,97,193.0,119.81706
13,98,192.0,119.66516
13,99,191.0,119.778625
13,100,190.0,119.20594
13,101,189.0,112.39074
13,102,188.0,107.010025
13,103,187.0,106.408165
13,104,186.0,105.75888
13,105,185.0,109.50311
13,106,184.0,116.691246
13,107,183.0,125.613625
13,108,182.0,124.81695
13,109,181.0,123.83193
13,110,180.0,121.05771
13,111,179.0,112.77235
13,112,178.0,119.91283
13,113,177.0,124.63838
13,114,176.0,122.67781
13,115,175.0,126.60553
13,116,174.0,131.6283
13,117,173.0,125.60895
13,118,172.0,121.21347
13,119,171.0,119.70038
13,120,170.0,117.47778
13,121,169.0,121.948395
13,122,168.0,112.6732
13,123,167.0,108.761856
13,124,166.0,109.37854
13,125,165.0,93.854195
13,126,164.0,92.92961
13,127,163.0,95.8404
13,128,162.0,99.59338
13,129,161.0,110.78374
13,130,160.0,107.49925
13,131,159.0,100.40527
13,132,158.0,97.630615
13,133,157.0,103.31064
13,134,156.0,107.22033
13,135,155.0,104.17415
13,136,154.0,109.14777
13,137,153.0,106.56549
13,138,152.0,108.74935
13,139,151.0,101.79997
13,140,150.0,109.35025
13,141,149.0,110.20735
13,142,148.0,113.857605
13,143,147.0,120.58914
13,144,146.0,112.03369
13,145,145.0,117.07527
13,146,144.0,118.9213
13,147,143.0,118.981125
13,148,142.0,121.18279
13,149,141.0,121.24371
13,150,140.0,121.46731
13,151,139.0,117.103485
13,152,138.0,111.96692
13,153,137.0,102.51509
13,154,136.0,98.53075
13,155,135.0,103.797134
13,156,134.0,104.05986
13,157,133.0,100.07004
13,158,132.0,99.04149
13,159,131.0,96.28436
13,160,130.0,86.03564
13,161,129.0,80.08134
13,162,128.0,96.52001
13,163,127.0,95.18068
13,164,126.0,93.522675
13,165,125.0,90.030556
13,166,124.0,93.99244
13,167,123.0,84.823814
13,168,122.0,85.01249
13,169,121.0,99.50423
13,170,120.0,115.118546
13,171,119.0,109.45561
13,172,118.0,113.95412
13,173,117.0,104.38185
13,174,116.0,101.40506
13,175,115.0,110.13997
13,176,114.0,111.00901
13,177,113.0,119.72656
13,178,112.0,122.80474
13,179,111.0,123.09924
13,180,110.0,108.56381
13,181,109.0,101.63064
13,182,108.0,113.10251
13,183,107.0,122.92325
13,184,106.0,130.35625
13,185,105.0,131.05759
13,186,104.0,130.74889
13,187,103.0,130.657
13,188,102.0,130.00145
13,189,101.0,123.76253
13,190,100.0,122.05478
13,191,99.0,119.582535
13,192,98.0,114.40358
13,193,97.0,122.16525
13,194,96.0,113.2999
13,195,95.0,101.79057
14,30,123.0,125.27096
14,31,122.0,121.40163
14,32,121.0,117.64664
14,33,120.0,115.46956
14,34,119.0,117.300964
14,35,118.0,122.51058
14,36,117.0,123.73838
14,37,116.0,119.16613
14,38,115.0,119.84392
14,39,114.0,123.15997
14,40,113.0,122.98543
14,41,112.0,120.58447
14,42,111.0,114.98176
14,43,110.0,112.42682
14,44,109.0,111.964264
14,45,108.0,105.72533
14,46,107.0,106.40883
15,30,129.0,131.03981
15,31,128.0,117.182755
15,32,127.0,115.1683
15,33,126.0,111.787544
15,34,125.0,112.516914
15,35,124.0,117.15571
15,36,123.0,120.47905
15,37,122.0,120.66208
15,38,121.0,117.0002
15,39,120.0,109.777145
15,40,119.0,114.670135
15,41,118.0,108.987625
15,42,117.0,102.65712
15,43,116.0,97.55191
15,44,115.0,105.814255
15,45,114.0,109.72554
15,46,113.0,111.41725
15,47,112.0,117.47786
15,48,111.0,112.29617
15,49,110.0,117.83551
15,50,109.0,112.22141
15,51,108.0,114.11391
15,52,107.0,112.885025
15,53,106.0,114.62811
15,54,105.0,121.79425
15,55,104.0,117.61938
15,56,103.0,120.02939
15,57,102.0,121.06921
15,58,101.0,121.71013
15,59,100.0,125.909164
15,60,99.0,122.95398
15,61,98.0,115.68057
15,62,97.0,107.48126
15,63,96.0,105.51394
15,64,95.0,115.19123
15,65,94.0,115.11792
15,66,93.0,112.36483
15,67,92.0,110.3643
15,68,91.0,105.86578
15,69,90.0,99.8217
15,70,89.0,95.9655
15,71,88.0,93.94149
15,72,87.0,94.22747
15,73,86.0,97.31882
15,74,85.0,103.663895
15,75,84.0,98.88139
15,76,83.0,96.810776
16,30,167.0,132.69272
16,31,166.0,125.981125
16,32,165.0,132.20229
16,33,164.0,130.75423
16,34,163.0,127.87677
16,35,162.0,121.22084
16,36,161.0,120.76787
16,37,160.0,115.53106
16,38,159.0,122.55067
16,39,158.0,131.6443
16,40,157.0,129.48839
16,41,156.0,131.58559
16,42,155.0,125.43922
16,43,154.0,123.39524
16,44,153.0,115.97891
16,45,152.0,117.852776
16,46,151.0,117.17465
16,47,150.0,116.93928
16,48,149.0,127.468346
16,49,148.0,123.8785
16,50,147.0,117.869026
16,51,146.0,114.73782
16,52,145.0,116.53436
16,53,144.0,117.61979
16,54,143.0,118.66431
16,55,142.0,117.40823
16,56,141.0,112.3386
16,57,140.0,116.99623
16,58,139.0,129.56363
16,59,138.0,125.07687
16,60,137.0,126.035286
16,61,136.0,131.22154
16,62,135.0,135.29964
16,63,134.0,131.39279
16,64,133.0,124.82381
16,65,132.0,121.062965
16,66,131.0,113.012115
16,67,130.0,115.5616
16,68,129.0,118.59014
16,69,128.0,117.88211
16,70,127.0,110.56888
16,71,126.0,103.781525
16,72,125.0,106.32909
16,73,124.0,108.80714
16,74,123.0,107.2899
16,75,122.0,107.77555
16,76,121.0,111.22592
16,77,120.0,111.92998
16,78,119.0,106.49438
16,79,118.0,107.45043
16,80,117.0,94.62596
16,81,116.0,95.332344
16,82,115.0,95.2294
16,83,114.0,105.8982
16,84,113.0,103.19407
16,85,112.0,103.94402
16,86,111.0,111.78019
16,87,110.0,109.31641
16,88,109.0,102.95708
16,89,108.0,97.84392
16,90,107.0,99.78726
16,91,106.0,104.92073
16,92,105.0,107.23096
16,93,104.0,105.83746
16,94,103.0,106.636154
16,95,102.0,111.03847
16,96,101.0,115.45706
16,97,100.0,117.4695
16,98,99.0,118.332275
16,99,98.0,121.9386
16,100,97.0,116.50892
16,101,96.0,113.35916
16,102,95.0,112.09065
16,103,94.0,100.62374
16,104,93.0,104.08946
16,105,92.0,101.79355
16,106,91.0,100.66414
16,107,90.0,101.087555
16,108,89.0,102.42495
16,109,88.0,100.64887
16,110,87.0,99.17684
16,111,86.0,97.98241
16,112,85.0,99.34567
16,113,84.0,90.48112
17,30,185.0,130.21819
17,31,184.0,132.16037
17,32,183.0,134.58998
17,33,182.0,130.98186
17,34,181.0,133.28786
17,35,180.0,128.71696
17,36,179.0,128.67897
17,37,178.0,128.1809
17,38,177.0,131.00398
17,39,176.0,122.13645
17,40,175.0,115.28604
17,41,174.0,115.31807
17,42,173.0,116.202545
17,43,172.0,121.44683
17,44,171.0,120.41763
17,45,170.0,122.131775
17,46,169.0,121.93181
17,47,168.0,120.89662
17,48,167.0,117.42227
17,49,166.0,114.62647
17,50,165.0,118.598885
17,51,164.0,126.961914
17,52,163.0,124.57051
17,53,162.0,118.96329
17,54,161.0,118.713974
17,55,160.0,125.46991
17,56,159.0,131.42953
17,57,158.0,131.52577
17,58,157.0,125.0737
17,59,156.0,124.23426
17,60,155.0,122.45059
17,61,154.0,125.574425
17,62,153.0,128.26105
17,63,152.0,122.665726
17,64,151.0,121.69998
17,65,150.0,125.29147
17,66,149.0,127.43729
17,67,148.0,129.03508
17,68,147.0,126.5047
17,69,146.0,126.27408
17,70,145.0,119.979095
17,71,144.0,123.04614
17,72,143.0,118.80122
17,73,142.0,115.81082
17,74,141.0,113.546265
17,75,140.0,106.37015
17,76,139.0,101.74582
17,77,138.0,102.5096
17,78,137.0,105.54261
17,79,136.0,101.03198
17,80,135.0,103.39992
17,81,134.0,111.41402
17,82,133.0,107.18328
17,83,132.0,117.28266
17,84,131.0,126.78291
17,85,130.0,125.19708
17,86,129.0,126.80303
17,87,128.0,125.86929
17,88,127.0,127.247215
17,89,126.0,125.16753
17,90,125.0,127.48402
17,91,124.0,125.653465
17,92,123.0,124.74024
17,93,122.0,125.21463
17,94,121.0,118.66247
17,95,120.0,119.184135
17,96,119.0,117.91117
17,97,118.0,106.39998
17,98,117.0,110.58562
17,99,116.0,110.561615
17,100,115.0,112.198654
17,101,114.0,107.56944
17,102,113.0,102.6708
17,103,112.0,92.029564
17,104,111.0,101.8911
17,105,110.0,96.094635
17,106,109.0,90.94013
17,107,108.0,85.096756
17,108,107.0,82.37073
17,109,106.0,79.367004
17,110,105.0,77.823364
17,111,104.0,78.709496
17,112,103.0,78.28075
17,113,102.0,86.58252
17,114,101.0,91.41809
17,115,100.0,89.63944
17,116,99.0,89.66504
17,117,98.0,87.06659
17,118,97.0,88.26404
17,119,96.0,88.53734
17,120,95.0,89.693245
17,121,94.0,91.0972
17,122,93.0,85.619095
17,123,92.0,88.585205
17,124,91.0,88.695175
17,125,90.0,88.09235
17,126,89.0,84.311745
17,127,88.0,86.06736
17,128,87.0,86.45242
17,129,86.0,84.16091
17,130,85.0,86.26466
17,131,84.0,84.05303
17,132,83.0,83.819405
17,133,82.0,84.16507
17,134,81.0,85.98169
17,135,80.0,86.399925
17,136,79.0,83.5484
17,137,78.0,84.06586
17,138,77.0,83.35396
17,139,76.0,76.837616
17,140,75.0,77.374756
17,141,74.0,77.650406
17,142,73.0,76.52774
17,143,72.0,80.42324
17,144,71.0,80.15474
17,145,70.0,82.11809
17,146,69.0,83.334335
17,147,68.0,82.542274
17,148,67.0,83.73193
17,149,66.0,83.02536
17,150,65.0,80.88038
17,151,64.0,77.25546
17,152,63.0,75.65512
17,153,62.0,76.41284
17,154,61.0,73.95145
17,155,60.0,70.22954
17,156,59.0,69.20154
17,157,58.0,66.9847
17,158,57.0,64.7434
17,159,56.0,67.61595
17,160,55.0,66.72722
17,161,54.0,62.746994
17,162,53.0,60.355667
17,163,52.0,58.15238
17,164,51.0,60.023483
17,165,50.0,56.420147
18,30,131.0,130.24208
18,31,130.0,129.25002
18,32,129.0,128.9835
18,33,128.0,127.93355
18,34,127.0,122.69113
18,35,126.0,119.65745
18,36,125.0,120.30351
18,37,124.0,117.670654
18,38,123.0,114.59535
18,39,122.0,114.3644
18,40,121.0,120.48487
18,41,120.0,118.92638
18,42,119.0,114.82355
18,43,118.0,120.90073
18,44,117.0,116.1958
18,45,116.0,116.01196
18,46,115.0,118.9921
18,47,114.0,123.199684
18,48,113.0,121.69174
18,49,112.0,125.58845
18,50,111.0,122.55819
18,51,110.0,113.130714
18,52,109.0,115.099106
18,53,108.0,119.9223
18,54,107.0,122.44382
18,55,106.0,128.15305
18,56,105.0,127.01216
18,57,104.0,124.603714
18,58,103.0,124.37856
18,59,102.0,126.40531
18,60,101.0,126.62364
18,61,100.0,125.12126
18,62,99.0,127.23758
18,63,98.0,117.627754
18,64,97.0,115.5638
18,65,96.0,110.162796
18,66,95.0,103.72015
18,67,94.0,106.46845
18,68,93.0,107.314735
18,69,92.0,114.74925
18,70,91.0,123.1427
18,71,90.0,113.31305
18,72,89.0,113.49681
18,73,88.0,113.14239
18,74,87.0,110.802895
18,75,86.0,113.29904
18,76,85.0,109.67738
18,77,84.0,114.588715
18,78,83.0,123.925705
18,79,82.0,119.4005
18,80,81.0,115.81821
18,81,80.0,111.66525
18,82,79.0,107.65381
18,83,78.0,100.81328
18,84,77.0,104.62974
18,85,76.0,104.5316
18,86,75.0,104.09607
18,87,74.0,103.04584
18,88,73.0,93.53558
18,89,72.0,87.12062
18,90,71.0,102.26858
18,91,70.0,108.935715
18,92,69.0,110.50156
18,93,68.0,103.35719
18,94,67.0,95.63464
18,95,66.0,86.50746
18,96,65.0,88.50687
18,97,64.0,93.966034
18,98,63.0,101.56126
18,99,62.0,107.03615
18,100,61.0,117.1345
18,101,60.0,128.42685
18,102,59.0,128.25119
18,103,58.0,124.08328
18,104,57.0,126.83398
18,105,56.0,122.18092
18,106,55.0,120.73717
18,107,54.0,128.00824
18,108,53.0,128.12584
18,109,52.0,127.386925
18,110,51.0,119.420906
18,111,50.0,115.07472
18,112,49.0,120.06491
18,113,48.0,98.184296
18,114,47.0,101.68503
18,115,46.0,103.609955
18,116,45.0,91.03442
18,117,44.0,82.17873
18,118,43.0,73.23164
18,119,42.0,68.96733
18,120,41.0,57.214237
18,121,40.0,52.38069
18,122,39.0,49.515427
18,123,38.0,48.70388
18,124,37.0,44.732616
18,125,36.0,43.766212
18,126,35.0,39.63282
18,127,34.0,37.109047
18,128,33.0,34.728233
18,129,32.0,34.171432
18,130,31.0,34.92669
18,131,30.0,36.458138
18,132,29.0,36.88547
18,133,28.0,35.999615
19,30,192.0,131.69179
19,31,191.0,129.90735
19,32,190.0,129.45396
19,33,189.0,127.82483
19,34,188.0,129.59727
19,35,187.0,132.31508
19,36,186.0,130.15508
19,37,185.0,126.300735
19,38,184.0,129.3145
19,39,183.0,127.567535
19,40,182.0,120.7241
19,41,181.0,124.08877
19,42,180.0,125.04913
19,43,179.0,126.88254
19,44,178.0,128.33116
19,45,177.0,128.21745
19,46,176.0,127.8335
19,47,175.0,125.03017
19,48,174.0,127.17723
19,49,173.0,128.10783
19,50,172.0,119.89296
19,51,171.0,123.09069
19,52,170.0,121.72841
19,53,169.0,128.19781
19,54,168.0,124.19876
19,55,167.0,125.320786
19,56,166.0,125.94525
19,57,165.0,128.40727
19,58,164.0,127.333916
19,59,163.0,124.62016
19,60,162.0,126.11923
19,61,161.0,123.13995
19,62,160.0,127.86919
19,63,159.0,124.660355
19,64,158.0,113.63954
19,65,157.0,115.907906
19,66,156.0,115.3533
19,67,155.0,119.40658
19,68,154.0,124.21519
19,69,153.0,120.28368
19,70,152.0,114.881
19,71,151.0,113.84874
19,72,150.0,115.88602
19,73,149.0,115.11279
19,74,148.0,99.970795
19,75,147.0,108.375534
19,76,146.0,107.5193
19,77,145.0,101.28854
19,78,144.0,106.86991
19,79,143.0,104.38956
19,80,142.0,113.17326
19,81,141.0,110.42165
19,82,140.0,112.78934
19,83,139.0,106.11948
19,84,138.0,106.24816
19,85,137.0,101.9317
19,86,136.0,107.62347
19,87,135.0,102.787544
19,88,134.0,106.10009
19,89,133.0,103.75524
19,90,132.0,105.066574
19,91,131.0,117.27073
19,92,130.0,118.164314
19,93,129.0,112.45859
19,94,128.0,118.74616
19,95,127.0,117.76262
19,96,126.0,111.94597
19,97,125.0,102.39955
19,98,124.0,105.367004
19,99,123.0,103.39287
19,100,122.0,110.54941
19,101,121.0,116.58318
19,102,120.0,121.07876
19,103,119.0,113.39734
19,104,118.0,108.44438
19,105,117.0,111.124695
19,106,116.0,111.9692
19,107,115.0,104.58734
19,108,114.0,103.97077
19,109,113.0,109.17546
19,110,112.0,111.44649
19,111,111.0,102.391846
19,112,110.0,109.087204
19,113,109.0,103.75693
19,114,108.0,103.459045
19,115,107.0,98.81392
19,116,106.0,95.495705
19,117,105.0,90.4804
19,118,104.0,94.384
19,119,103.0,96.13923
19,120,102.0,103.83909
19,121,101.0,121.43733
19,122,100.0,122.63667
19,123,99.0,128.7598
19,124,98.0,133.77763
19,125,97.0,124.768394
19,126,96.0,118.078705
19,127,95.0,112.15492
19,128,94.0,105.13103
19,129,93.0,108.430305
19,130,92.0,105.28224
19,131,91.0,112.32356
19,132,90.0,114.10379
19,133,89.0,110.52658
19,134,88.0,109.38098
19,135,87.0,95.50928
20,30,170.0,120.98923
20,31,169.0,115.30672
20,32,168.0,107.38295
20,33,167.0,111.0859
20,34,166.0,112.12262
20,35,165.0,110.4474
20,36,164.0,115.907135
20,37,163.0,122.95494
20,38,162.0,121.856316
20,39,161.0,119.60689
20,40,160.0,122.51931
20,41,159.0,123.92877
20,42,158.0,122.495544
20,43,157.0,124.25632
20,44,156.0,121.30569
20,45,155.0,122.8573
20,46,154.0,128.30632
20,47,153.0,127.009
20,48,152.0,123.21773
20,49,151.0,126.47544
20,50,150.0,121.32486
20,51,149.0,119.37477
20,52,148.0,120.341644
20,53,147.0,114.11771
20,54,146.0,112.36493
20,55,145.0,121.32652
20,56,144.0,114.56265
20,57,143.0,113.81984
20,58,142.0,114.52478
20,59,141.0,114.70945
20,60,140.0,113.757614
20,61,139.0,119.14816
20,62,138.0,117.632866
20,63,137.0,119.08618
20,64,136.0,121.32528
20,65,135.0,120.66621
20,66,134.0,122.462845
20,67,133.0,124.435936
20,68,132.0,123.41867
20,69,131.0,119.750336
20,70,130.0,121.45604
20,71,129.0,127.10616
20,72,128.0,125.182205
20,73,127.0,126.49822
20,74,126.0,126.21454
20,75,125.0,128.57318
20,76,124.0,129.50014
20,77,123.0,122.77141
20,78,122.0,121.309746
20,79,121.0,124.12546
20,80,120.0,120.339714
20,81,119.0,120.20343
20,82,118.0,125.23764
20,83,117.0,127.73244
20,84,116.0,126.01134
20,85,115.0,123.92975
20,86,114.0,126.6469
20,87,113.0,130.27682
20,88,112.0,133.20442
20,89,111.0,133.38164
20,90,110.0,130.29578
20,91,109.0,131.31001
20,92,108.0,129.69034
20,93,107.0,127.50189
20,94,106.0,124.85541
20,95,105.0,127.04579
20,96,104.0,129.93118
20,97,103.0,127.149185
20,98,102.0,125.18792
20,99,101.0,119.06198
20,100,100.0,128.69542
20,101,99.0,130.13086
20,102,98.0,126.10448
20,103,97.0,129.65785
20,104,96.0,131.15486
20,105,95.0,126.22671
20,106,94.0,121.30768
20,107,93.0,120.55284
20,108,92.0,113.31709
20,109,91.0,124.44527
20,110,90.0,122.38175
20,111,89.0,126.5269
20,112,88.0,126.07114
20,113,87.0,125.23592
20,114,86.0,123.39407
20,115,85.0,123.02684
20,116,84.0,125.078156
20,117,83.0,123.76255
20,118,82.0,122.83623
20,119,81.0,122.4249
20,120,80.0,123.18872
20,121,79.0,124.55024
20,122,78.0,126.301315
20,123,77.0,127.63778
20,124,76.0,126.57654
20,125,75.0,128.21944
20,126,74.0,126.19051
20,127,73.0,113.08837
20,128,72.0,98.359116
20,129,71.0,80.49692
20,130,70.0,70.905365
20,131,69.0,81.87218
20,132,68.0,93.59375
20,133,67.0,109.618324
20,134,66.0,101.77425
20,135,65.0,84.18085
20,136,64.0,75.71132
20,137,63.0,71.993126
20,138,62.0,89.94188
20,139,61.0,95.43114
20,140,60.0,94.75278
20,141,59.0,90.155174
20,142,58.0,92.85511
20,143,57.0,88.00529
20,144,56.0,88.58412
20,145,55.0,81.252975
20,146,54.0,82.397545
20,147,53.0,78.35239
20,148,52.0,75.96329
20,149,51.0,67.78307
20,150,50.0,64.681335
20,151,49.0,62.76937
20,152,48.0,64.02704
20,153,47.0,60.54723
20,154,46.0,63.937737
20,155,45.0,65.228386
20,156,44.0,51.27984
20,157,43.0,49.761917
20,158,42.0,44.691544
20,159,41.0,44.38127
20,160,40.0,42.943497
20,161,39.0,48.220657
20,162,38.0,50.14749
20,163,37.0,44.29096
20,164,36.0,44.340523
20,165,35.0,48.396973
20,166,34.0,46.474243
20,167,33.0,46.645775
20,168,32.0,40.32598
20,169,31.0,37.928932
20,170,30.0,40.92525
20,171,29.0,46.467773
20,172,28.0,44.89456
20,173,27.0,42.66958
20,174,26.0,42.726845
20,175,25.0,43.10225
20,176,24.0,44.658257
20,177,23.0,43.72074
20,178,22.0,39.08029
20,179,21.0,37.125298
20,180,20.0,28.712215
20,181,19.0,26.384224
20,182,18.0,22.783768
20,183,17.0,19.426636
20,184,16.0,17.62801
21,30,175.0,129.2613
21,31,174.0,131.16298
21,32,173.0,128.05797
21,33,172.0,123.8443
21,34,171.0,121.75282
21,35,170.0,121.7883
21,36,169.0,127.59822
21,37,168.0,128.06705
21,38,167.0,127.457756
21,39,166.0,129.35378
21,40,165.0,132.7083
21,41,164.0,127.84569
21,42,163.0,125.86584
21,43,162.0,131.92099
21,44,161.0,125.80346
21,45,160.0,120.36935
21,46,159.0,109.81317
21,47,158.0,115.29555
21,48,157.0,110.44674
21,49,156.0,118.16917
21,50,155.0,115.42448
21,51,154.0,123.13317
21,52,153.0,115.54608
21,53,152.0,118.03135
21,54,151.0,120.65976
21,55,150.0,112.16808
21,56,149.0,121.96091
21,57,148.0,125.928154
21,58,147.0,131.73866
21,59,146.0,127.71258
21,60,145.0,119.527954
21,61,144.0,115.22774
21,62,143.0,117.768196
21,63,142.0,112.94748
21,64,141.0,119.36979
21,65,140.0,109.45233
21,66,139.0,122.04779
21,67,138.0,123.13663
21,68,137.0,128.44882
21,69,136.0,131.51451
21,70,135.0,131.59363
21,71,134.0,123.24252
21,72,133.0,126.42493
21,73,132.0,129.85878
21,74,131.0,130.64406
21,75,130.0,129.53264
21,76,129.0,129.28746
21,77,128.0,127.192635
21,78,127.0,122.20178
21,79,126.0,126.58362
21,80,125.0,128.71313
21,81,124.0,128.8664
21,82,123.0,120.10116
21,83,122.0,117.37245
21,84,121.0,117.31659
21,85,120.0,116.56065
21,86,119.0,121.68856
21,87,118.0,128.76137
21,88,117.0,117.530075
21,89,116.0,120.93059
21,90,115.0,120.18775
21,91,114.0,120.99514
21,92,113.0,117.23488
21,93,112.0,111.57496
21,94,111.0,111.55565
21,95,110.0,106.37668
21,96,109.0,113.40898
21,97,108.0,113.167854
21,98,107.0,122.084885
21,99,106.0,119.71298
21,100,105.0,111.86885
21,101,104.0,105.88255
21,102,103.0,111.48447
21,103,102.0,113.061104
21,104,101.0,120.512314
21,105,100.0,128.96378
21,106,99.0,128.68738
21,107,98.0,120.150986
21,108,97.0,121.575745
21,109,96.0,116.81789
21,110,95.0,108.75383
21,111,94.0,110.3131
21,112,93.0,103.919395
21,113,92.0,106.22598
21,114,91.0,93.06923
21,115,90.0,101.84137
21,116,89.0,108.013115
21,117,88.0,107.50231
21,118,87.0,106.37349
21,119,86.0,102.90095
21,120,85.0,102.66409
21,121,84.0,97.035286
21,122,83.0,94.42563
21,123,82.0,95.48642
21,124,81.0,88.84614
21,125,80.0,81.13495
21,126,79.0,81.24019
21,127,78.0,80.98983
21,128,77.0,84.3488
21,129,76.0,91.33806
21,130,75.0,89.73649
21,131,74.0,89.23453
21,132,73.0,87.89038
21,133,72.0,84.93245
21,134,71.0,85.43424
21,135,70.0,87.41737
21,136,69.0,90.79256
21,137,68.0,88.60293
21,138,67.0,88.558975
21,139,66.0,88.36448
21,140,65.0,79.86583
21,141,64.0,83.59502
21,142,63.0,82.51464
21,143,62.0,72.78244
21,144,61.0,73.525734
21,145,60.0,72.70842
21,146,59.0,75.28797
21,147,58.0,71.815025
21,148,57.0,65.262344
22,30,120.0,134.83809
22,31,119.0,135.2268
22,32,118.0,131.56122
22,33,117.0,123.47426
22,34,116.0,120.913994
22,35,115.0,125.15682
22,36,114.0,124.52707
22,37,113.0,123.83421
22,38,112.0,119.70113
22,39,111.0,124.49311
23,30,213.0,130.02415
23,31,212.0,130.96628
23,32,211.0,128.60316
23,33,210.0,131.27663
23,34,209.0,131.31909
23,35,208.0,132.37456
23,36,207.0,134.54713
23,37,206.0,131.07425
23,38,205.0,134.37737
23,39,204.0,134.74161
23,40,203.0,132.54008
23,41,202.0,128.79173
23,42,201.0,129.34059
23,43,200.0,122.4977
23,44,199.0,131.1896
23,45,198.0,131.70407
23,46,197.0,135.03369
23,47,196.0,135.33305
23,48,195.0,135.49924
23,49,194.0,135.02513
23,50,193.0,132.72078
23,51,192.0,134.58578
23,52,191.0,131.69426
23,53,190.0,128.45375
23,54,189.0,131.09601
23,55,188.0,132.89308
23,56,187.0,132.61072
23,57,186.0,133.49188
23,58,185.0,136.39513
23,59,184.0,131.05879
23,60,183.0,131.55865
23,61,182.0,126.05683
23,62,181.0,123.916245
23,63,180.0,125.11131
23,64,179.0,131.63548
23,65,178.0,135.58588
23,66,177.0,134.20985
23,67,176.0,134.74992
23,68,175.0,134.532
23,69,174.0,126.863235
23,70,173.0,128.2658
23,71,172.0,127.386665
23,72,171.0,125.81127
23,73,170.0,129.92188
23,74,169.0,126.71385
23,75,168.0,129.90428
23,76,167.0,128.25316
23,77,166.0,126.8268
23,78,165.0,128.00037
23,79,164.0,124.63387
23,80,163.0,126.770615
23,81,162.0,120.9681
23,82,161.0,124.767456
23,83,160.0,126.49065
23,84,159.0,124.31475
23,85,158.0,128.1434
23,86,157.0,128.70734
23,87,156.0,125.729965
23,88,155.0,122.380745
23,89,154.0,127.3353
23,90,153.0,128.22038
23,91,152.0,128.41367
23,92,151.0,130.29805
23,93,150.0,127.9523
23,94,149.0,130.05144
23,95,148.0,129.90462
23,96,147.0,127.19657
23,97,146.0,132.50966
23,98,145.0,126.547195
23,99,144.0,129.29024
23,100,143.0,130.79794
23,101,142.0,132.75124
23,102,141.0,126.61536
23,103,140.0,117.74426
23,104,139.0,120.80929
23,105,138.0,122.031975
23,106,137.0,121.12538
23,107,136.0,114.76213
23,108,135.0,114.18083
23,109,134.0,121.03919
23,110,133.0,123.629944
23,111,132.0,119.063156
23,112,131.0,122.24162
23,113,130.0,121.599655
23,114,129.0,129.01784
23,115,128.0,123.47641
23,116,127.0,120.880875
23,117,126.0,125.194595
23,118,125.0,125.061646
23,119,124.0,130.68672
23,120,123.0,127.43405
23,121,122.0,123.35835
23,122,121.0,125.218735
23,123,120.0,121.09755
23,124,119.0,121.12839
23,125,118.0,114.45189
23,126,117.0,113.621155
23,127,116.0,111.38335
23,128,115.0,110.412186
23,129,114.0,127.5758
23,130,113.0,125.61776
24,30,176.0,128.48401
24,31,175.0,130.77861
24,32,174.0,123.37105
24,33,173.0,121.50063
24,34,172.0,124.458176
24,35,171.0,124.82541
24,36,170.0,127.50449
24,37,169.0,127.97965
24,38,168.0,132.20277
24,39,167.0,132.99188
24,40,166.0,131.76524
24,41,165.0,130.01021
24,42,164.0,132.10646
24,43,163.0,127.03737
24,44,162.0,133.47751
24,45,161.0,130.98904
24,46,160.0,129.6495
24,47,159.0,133.66925
24,48,158.0,134.3088
24,49,157.0,135.04024
24,50,156.0,133.10149
24,51,155.0,130.64893
24,52,154.0,129.17523
24,53,153.0,125.86246
24,54,152.0,130.77046
24,55,151.0,129.62108
24,56,150.0,128.8314
24,57,149.0,131.50395
24,58,148.0,132.8736
24,59,147.0,132.28685
24,60,146.0,131.08614
24,61,145.0,134.16881
24,62,144.0,131.18599
24,63,143.0,130.11073
24,64,142.0,122.48698
24,65,141.0,124.334595
24,66,140.0,126.04941
24,67,139.0,131.70345
24,68,138.0,130.34213
24,69,137.0,130.89418
24,70,136.0,124.04573
24,71,135.0,123.32202
24,72,134.0,120.8484
24,73,133.0,121.20261
24,74,132.0,126.961
24,75,131.0,124.58695
24,76,130.0,124.55297
24,77,129.0,125.22003
24,78,128.0,126.33679
24,79,127.0,126.71188
24,80,126.0,120.80584
24,81,125.0,114.09932
24,82,124.0,115.002335
24,83,123.0,117.02899
24,84,122.0,117.34717
24,85,121.0,118.76759
24,86,120.0,119.67707
24,87,119.0,113.463974
24,88,118.0,110.81673
24,89,117.0,111.91461
24,90,116.0,108.355896
24,91,115.0,114.66614
24,92,114.0,109.94947
24,93,113.0,114.41783
24,94,112.0,119.473625
24,95,111.0,118.67085
24,96,110.0,121.38289
24,97,109.0,126.0111
24,98,108.0,123.32962
24,99,107.0,118.98242
24,100,106.0,111.64978
24,101,105.0,111.62921
24,102,104.0,111.25554
24,103,103.0,114.30203
24,104,102.0,111.49817
24,105,101.0,108.96082
24,106,100.0,117.3291
24,107,99.0,118.20579
24,108,98.0,123.26185
24,109,97.0,123.76451
24,110,96.0,118.941444
24,111,95.0,121.03694
24,112,94.0,113.04615
24,113,93.0,114.83484
24,114,92.0,116.24942
24,115,91.0,107.9985
24,116,90.0,107.87892
24,117,89.0,104.96588
24,118,88.0,95.616554
24,119,87.0,93.3399
24,120,86.0,92.28291
24,121,85.0,93.132965
24,122,84.0,97.277756
24,123,83.0,99.84622
24,124,82.0,100.7665
24,125,81.0,105.57916
24,126,80.0,103.873825
24,127,79.0,96.20515
24,128,78.0,91.447296
24,129,77.0,87.374504
24,130,76.0,81.64518
24,131,75.0,78.30187
24,132,74.0,71.07521
24,133,73.0,67.291306
24,134,72.0,66.212296
24,135,71.0,62.555634
24,136,70.0,64.05685
24,137,69.0,70.50483
24,138,68.0,68.19081
24,139,67.0,60.411724
24,140,66.0,56.55168
24,141,65.0,57.141953
24,142,64.0,58.548225
24,143,63.0,60.313263
24,144,62.0,58.568184
24,145,61.0,56.518623
24,146,60.0,54.829903
24,147,59.0,56.5067
24,148,58.0,54.586
24,149,57.0,51.432106
24,150,56.0,53.0366
24,151,55.0,52.917393
24,152,54.0,53.247406
24,153,53.0,55.902767
24,154,52.0,54.51961
24,155,51.0,56.879692
24,156,50.0,56.643932
24,157,49.0,54.244045
24,158,48.0,52.574112
24,159,47.0,51.965492
24,160,46.0,50.296616
24,161,45.0,49.831734
24,162,44.0,47.53542
24,163,43.0,48.24732
24,164,42.0,48.0495
24,165,41.0,46.923508
24,166,40.0,44.559566
24,167,39.0,44.325047
24,168,38.0,45.33732
24,169,37.0,42.069405
24,170,36.0,39.51933
24,171,35.0,38.792473
24,172,34.0,36.3755
24,173,33.0,34.60363
24,174,32.0,32.191414
24,175,31.0,30.99996
24,176,30.0,30.529587
24,177,29.0,29.451162
24,178,28.0,28.485645
24,179,27.0,27.723652
24,180,26.0,26.758415
24,181,25.0,25.872631
24,182,24.0,24.880615
24,183,23.0,24.13405
24,184,22.0,23.294115
24,185,21.0,22.49153
24,186,20.0,21.971714
25,30,163.0,139.0254
25,31,162.0,138.8696
25,32,161.0,137.45828
25,33,160.0,135.76402
25,34,159.0,136.15114
25,35,158.0,135.5474
25,36,157.0,136.01732
25,37,156.0,135.16609
25,38,155.0,135.66512
25,39,154.0,133.34328
25,40,153.0,125.20041
25,41,152.0,125.24925
25,42,151.0,114.59036
25,43,150.0,119.46039
25,44,149.0,125.45349
25,45,148.0,118.282326
25,46,147.0,124.17
25,47,146.0,122.44288
25,48,145.0,115.5111
26,30,165.0,123.26813
26,31,164.0,121.976654
26,32,163.0,119.18913
26,33,162.0,126.42391
26,34,161.0,117.401474
26,35,160.0,120.46246
26,36,159.0,124.65561
26,37,158.0,124.73293
26,38,157.0,125.99161
26,39,156.0,126.605385
26,40,155.0,126.855484
26,41,154.0,126.91475
26,42,153.0,122.98388
26,43,152.0,118.05237
26,44,151.0,121.34357
26,45,150.0,116.23775
26,46,149.0,118.51701
26,47,148.0,122.11897
26,48,147.0,121.2441
26,49,146.0,116.330444
26,50,145.0,109.00128
26,51,144.0,114.381546
26,52,143.0,120.97898
26,53,142.0,119.51324
26,54,141.0,118.34756
26,55,140.0,119.45894
26,56,139.0,120.56926
26,57,138.0,120.69296
26,58,137.0,118.905655
26,59,136.0,115.67489
26,60,135.0,113.36242
26,61,134.0,112.7183
26,62,133.0,117.02283
26,63,132.0,118.71687
26,64,131.0,114.32031
26,65,130.0,119.0376
26,66,129.0,112.4444
26,67,128.0,112.9025
26,68,127.0,107.55043
26,69,126.0,108.832565
26,70,125.0,110.478485
26,71,124.0,105.98085
26,72,123.0,114.587585
26,73,122.0,117.426605
26,74,121.0,115.08841
26,75,120.0,110.723076
26,76,119.0,112.38037
27,30,176.0,132.88774
27,31,175.0,136.21797
27,32,174.0,139.24634
27,33,173.0,140.11182
27,34,172.0,137.13277
27,35,171.0,132.72661
27,36,170.0,134.57173
27,37,169.0,133.87437
27,38,168.0,133.76
27,39,167.0,133.84694
27,40,166.0,135.6155
27,41,165.0,131.34433
27,42,164.0,131.57368
27,43,163.0,131.1093
27,44,162.0,133.68259
27,45,161.0,132.41249
27,46,160.0,129.13939
27,47,159.0,126.05815
27,48,158.0,130.83603
27,49,157.0,131.74622
27,50,156.0,133.93208
27,51,155.0,130.8524
27,52,154.0,133.06128
27,53,153.0,128.16356
27,54,152.0,128.02855
27,55,151.0,129.83745
27,56,150.0,130.2021
27,57,149.0,131.62495
27,58,148.0,132.05269
27,59,147.0,132.9392
27,60,146.0,133.00652
27,61,145.0,133.56395
27,62,144.0,134.16795
27,63,143.0,133.4629
27,64,142.0,131.25389
27,65,141.0,128.1276
27,66,140.0,133.37373
27,67,139.0,134.64835
27,68,138.0,137.10814
27,69,137.0,137.20094
27,70,136.0,125.000595
27,71,135.0,120.18227
27,72,134.0,117.14661
27,73,133.0,119.32563
27,74,132.0,124.87437
27,75,131.0,117.81653
27,76,130.0,113.82776
27,77,129.0,112.2372
27,78,128.0,113.44046
27,79,127.0,112.705215
27,80,126.0,122.52899
27,81,125.0,121.096794
27,82,124.0,111.55507
27,83,123.0,107.14537
27,84,122.0,109.311745
27,85,121.0,108.582214
27,86,120.0,114.77225
27,87,119.0,108.47279
27,88,118.0,110.20257
27,89,117.0,113.312706
27,90,116.0,118.02064
27,91,115.0,124.89383
27,92,114.0,121.97924
27,93,113.0,118.86076
27,94,112.0,122.35779
27,95,111.0,119.38266
27,96,110.0,115.567
27,97,109.0,115.44885
27,98,108.0,118.57241
27,99,107.0,106.7215
27,100,106.0,109.71916
27,101,105.0,110.80587
27,102,104.0,120.73955
27,103,103.0,121.67247
27,104,102.0,115.97203
27,105,101.0,113.2007
27,106,100.0,116.11376
27,107,99.0,108.36568
27,108,98.0,116.42288
27,109,97.0,115.45064
27,110,96.0,119.56404
27,111,95.0,110.428696
27,112,94.0,101.84282
27,113,93.0,96.40144
27,114,92.0,91.72657
27,115,91.0,82.03344
27,116,90.0,78.00567
27,117,89.0,82.27036
27,118,88.0,82.47548
27,119,87.0,95.879715
27,120,86.0,100.489105
27,121,85.0,96.183304
27,122,84.0,95.647644
27,123,83.0,99.54761
27,124,82.0,91.69452
27,125,81.0,91.3599
27,126,80.0,81.14757
27,127,79.0,75.46385
27,128,78.0,69.23674
27,129,77.0,67.074326
27,130,76.0,87.36545
27,131,75.0,85.79686
27,132,74.0,88.08354
27,133,73.0,77.9894
27,134,72.0,75.236855
27,135,71.0,70.00572
27,136,70.0,63.28634
27,137,69.0,66.458664
27,138,68.0,81.59111
27,139,67.0,80.372696
27,140,66.0,100.09775
28,30,225.0,133.28319
28,31,224.0,129.20384
28,32,223.0,131.28647
28,33,222.0,133.19627
28,34,221.0,128.83751
28,35,220.0,128.68394
28,36,219.0,125.66241
28,37,218.0,128.53868
28,38,217.0,127.96869
28,39,216.0,125.60559
28,40,215.0,126.86288
28,41,214.0,132.56378
28,42,213.0,135.526
28,43,212.0,136.42601
28,44,211.0,136.23077
28,45,210.0,136.16158
28,46,209.0,137.44814
28,47,208.0,136.9081
28,48,207.0,137.03294
28,49,206.0,135.0077
28,50,205.0,135.06342
28,51,204.0,133.0046
28,52,203.0,127.45608
28,53,202.0,123.486694
28,54,201.0,125.60883
28,55,200.0,126.63578
28,56,199.0,123.86816
28,57,198.0,123.38194
28,58,197.0,125.220276
28,59,196.0,124.35663
28,60,195.0,128.93317
28,61,194.0,127.77806
28,62,193.0,128.68907
28,63,192.0,115.53238
28,64,191.0,117.77627
28,65,190.0,121.70261
28,66,189.0,124.40698
28,67,188.0,114.91623
28,68,187.0,122.80849
28,69,186.0,124.878586
28,70,185.0,123.61218
28,71,184.0,125.973785
28,72,183.0,130.38237
28,73,182.0,125.34631
28,74,181.0,125.89352
28,75,180.0,124.0382
28,76,179.0,128.37209
28,77,178.0,134.78355
28,78,177.0,135.93294
28,79,176.0,136.64366
28,80,175.0,137.68416
28,81,174.0,137.76009
28,82,173.0,135.32207
28,83,172.0,134.77693
28,84,171.0,132.7327
28,85,170.0,132.14363
28,86,169.0,135.11641
28,87,168.0,132.83801
28,88,167.0,132.08669
28,89,166.0,131.57747
28,90,165.0,131.04591
28,91,164.0,128.51157
28,92,163.0,129.59448
28,93,162.0,124.041466
28,94,161.0,126.906624
28,95,160.0,129.49739
28,96,159.0,127.027954
28,97,158.0,123.36062
28,98,157.0,134.23906
28,99,156.0,134.86183
28,100,155.0,133.59679
28,101,154.0,134.73152
28,102,153.0,134.53868
28,103,152.0,128.60661
28,104,151.0,127.35364
28,105,150.0,129.51958
28,106,149.0,132.46286
28,107,148.0,125.62672
28,108,147.0,125.1415
28,109,146.0,127.35333
28,110,145.0,127.10868
28,111,144.0,123.61294
28,112,143.0,120.62182
28,113,142.0,112.62578
28,114,141.0,116.462006
28,115,140.0,117.98371
28,116,139.0,115.79557
28,117,138.0,113.086044
28,118,137.0,117.449615
28,119,136.0,113.14606
28,120,135.0,114.711044
28,121,134.0,121.66637
28,122,133.0,117.21432
28,123,132.0,113.02749
28,124,131.0,126.387436
28,125,130.0,103.03408
28,126,129.0,80.239914
28,127,128.0,96.40303
28,128,127.0,117.95744
28,129,126.0,123.59781
28,130,125.0,122.23853
28,131,124.0,125.72104
28,132,123.0,127.17443
28,133,122.0,130.14386
28,134,121.0,129.47716
28,135,120.0,129.25163
28,136,119.0,126.56617
28,137,118.0,126.5583
28,138,117.0,128.16916
28,139,116.0,127.37209
28,140,115.0,123.244095
28,141,114.0,117.13117
28,142,113.0,109.53259
28,143,112.0,112.444145
28,144,111.0,104.169426
28,145,110.0,108.4596
28,146,109.0,102.66554
28,147,108.0,111.8266
28,148,107.0,119.89998
28,149,106.0,116.9984
28,150,105.0,124.08915
28,151,104.0,120.58197
28,152,103.0,116.72416
28,153,102.0,123.36255
28,154,101.0,126.249535
28,155,100.0,127.35023
28,156,99.0,128.00447
28,157,98.0,128.38608
28,158,97.0,127.38939
29,30,226.0,101.81616
29,31,226.0,109.29802
29,32,226.0,111.93686
29,33,226.0,118.79559
29,34,226.0,119.75954
29,35,226.0,123.19321
29,36,225.0,123.17981
29,37,224.0,125.489235
29,38,223.0,130.50427
29,39,222.0,130.40645
29,40,221.0,132.7626
29,41,220.0,131.09508
29,42,219.0,127.61481
29,43,218.0,119.70332
29,44,217.0,117.5714
29,45,216.0,121.58856
29,46,215.0,126.482056
29,47,214.0,123.59822
29,48,213.0,126.46484
29,49,212.0,121.78536
29,50,211.0,116.37112
29,51,210.0,108.68146
29,52,209.0,104.53835
29,53,208.0,109.178375
29,54,207.0,108.36131
29,55,206.0,109.35663
29,56,205.0,117.33303
29,57,204.0,108.83115
29,58,203.0,104.07109
29,59,202.0,106.06532
29,60,201.0,107.934494
29,61,200.0,114.61015
29,62,199.0,118.85392
29,63,198.0,115.61891
29,64,197.0,116.95332
29,65,196.0,123.67341
29,66,195.0,117.41013
29,67,194.0,122.02542
29,68,193.0,129.89806
29,69,192.0,132.00072
29,70,191.0,128.74794
29,71,190.0,118.2995
29,72,189.0,112.6033
29,73,188.0,117.69025
29,74,187.0,114.427536
29,75,186.0,119.5053
29,76,185.0,123.77288
29,77,184.0,122.38747
29,78,183.0,117.282455
29,79,182.0,103.65579
29,80,181.0,102.60919
29,81,180.0,95.97065
29,82,179.0,104.38645
29,83,178.0,103.75709
29,84,177.0,111.69801
29,85,176.0,108.93031
29,86,175.0,103.58273
29,87,174.0,102.17861
29,88,173.0,96.87721
29,89,172.0,105.36467
29,90,171.0,106.06471
29,91,170.0,100.70947
29,92,169.0,96.32382
29,93,168.0,105.867645
29,94,167.0,116.44498
29,95,166.0,114.22223
29,96,165.0,114.3842
29,97,164.0,118.45955
29,98,163.0,120.57204
29,99,162.0,122.9404
29,100,161.0,123.2093
29,101,160.0,116.96852
29,102,159.0,119.35428
29,103,158.0,121.86927
29,104,157.0,127.85945
29,105,156.0,133.85909
29,106,155.0,134.56923
29,107,154.0,130.70201
29,108,153.0,122.92136
29,109,152.0,117.01985
29,110,151.0,123.46277
29,111,150.0,122.6958
29,112,149.0,127.85358
29,113,148.0,127.320496
29,114,147.0,123.89585
29,115,146.0,117.01908
29,116,145.0,124.50554
29,117,144.0,126.247826
29,118,143.0,123.63315
29,119,142.0,121.80241
29,120,141.0,120.84425
29,121,140.0,117.002686
29,122,139.0,120.02494
29,123,138.0,117.42207
29,124,137.0,125.726974
29,125,136.0,124.35662
29,126,135.0,115.99448
29,127,134.0,123.6506
29,128,133.0,122.496185
29,129,132.0,124.010544
29,130,131.0,110.385864
29,131,130.0,98.347885
29,132,129.0,98.25821
29,133,128.0,99.291084
29,134,127.0,88.52235
29,135,126.0,98.99185
29,136,125.0,90.773026
29,137,124.0,99.52513
29,138,123.0,101.97002
29,139,122.0,103.640274
29,140,121.0,104.55068
29,141,120.0,99.78769
29,142,119.0,116.36595
29,143,118.0,127.340256
29,144,117.0,129.7766
29,145,116.0,128.7002
29,146,115.0,127.976265
29,147,114.0,130.15787
29,148,113.0,125.67967
29,149,112.0,128.01262
29,150,111.0,125.607056
29,151,110.0,127.03302
29,152,109.0,124.55568
29,153,108.0,124.48059
29,154,107.0,124.90022
29,155,106.0,126.43174
29,156,105.0,127.605606
29,157,104.0,129.3219
29,158,103.0,132.92601
29,159,102.0,134.02422
29,160,101.0,133.52681
29,161,100.0,132.31319
29,162,99.0,126.21883
29,163,98.0,120.117065
29,164,97.0,118.27289
29,165,96.0,107.76921
29,166,95.0,105.531525
29,167,94.0,101.93515
29,168,93.0,104.525055
29,169,92.0,100.56949
29,170,91.0,99.96669
29,171,90.0,105.867165
30,30,226.0,135.11852
30,31,226.0,135.13048
30,32,226.0,135.9306
30,33,225.0,135.08455
30,34,224.0,135.21172
30,35,223.0,134.15938
30,36,222.0,135.82616
30,37,221.0,134.58942
30,38,220.0,133.4342
30,39,219.0,132.42575
30,40,218.0,130.34889
30,41,217.0,133.02736
30,42,216.0,133.26183
30,43,215.0,134.79036
30,44,214.0,135.39708
30,45,213.0,132.51329
30,46,212.0,128.12216
30,47,211.0,128.8386
30,48,210.0,128.51625
30,49,209.0,124.50878
30,50,208.0,127.99374
30,51,207.0,119.93876
30,52,206.0,113.62956
30,53,205.0,110.6991
30,54,204.0,112.10791
30,55,203.0,118.93769
30,56,202.0,121.87526
30,57,201.0,123.29393
30,58,200.0,127.13135
30,59,199.0,131.8219
30,60,198.0,132.95354
30,61,197.0,128.07436
30,62,196.0,122.19173
30,63,195.0,121.67395
30,64,194.0,119.83084
30,65,193.0,119.656876
30,66,192.0,124.51309
30,67,191.0,123.75719
30,68,190.0,126.75906
30,69,189.0,124.68035
30,70,188.0,125.66136
30,71,187.0,130.03267
30,72,186.0,133.8214
30,73,185.0,135.23506
30,74,184.0,135.03374
30,75,183.0,134.65436
30,76,182.0,133.00136
30,77,181.0,133.68758
30,78,180.0,133.44014
30,79,179.0,135.11082
30,80,178.0,136.45891
30,81,177.0,136.27165
30,82,176.0,133.24251
30,83,175.0,132.69493
30,84,174.0,131.5111
30,85,173.0,130.40163
30,86,172.0,130.4331
30,87,171.0,126.3749
30,88,170.0,126.08505
30,89,169.0,129.99536
30,90,168.0,126.86258
30,91,167.0,127.44636
30,92,166.0,126.47645
30,93,165.0,123.27004
30,94,164.0,121.96408
30,95,163.0,124.67745
30,96,162.0,125.79187
30,97,161.0,125.39067
30,98,160.0,125.408966
30,99,159.0,128.618
30,100,158.0,127.99453
30,101,157.0,127.018555
30,102,156.0,128.99565
30,103,155.0,129.90851
30,104,154.0,131.06439
30,105,153.0,131.54018
30,106,152.0,129.093
30,107,151.0,127.158875
30,108,150.0,124.446335
30,109,149.0,129.46611
30,110,148.0,127.105194
30,111,147.0,118.653244
30,112,146.0,98.36616
30,113,145.0,88.63579
30,114,144.0,80.72908
30,115,143.0,76.10697
30,116,142.0,79.44047
30,117,141.0,78.565735
30,118,140.0,80.78281
30,119,139.0,90.6736
30,120,138.0,83.708405
30,121,137.0,78.355865
30,122,136.0,79.26099
30,123,135.0,78.973755
30,124,134.0,83.311226
30,125,133.0,86.81108
30,126,132.0,88.87253
30,127,131.0,90.08925
30,128,130.0,90.30349
30,129,129.0,89.68962
30,130,128.0,93.496994
30,131,127.0,84.140205
30,132,126.0,93.245285
30,133,125.0,109.57983
30,134,124.0,113.351776
30,135,123.0,114.05211
30,136,122.0,120.68715
30,137,121.0,121.70015
30,138,120.0,120.99774
30,139,119.0,121.1352
30,140,118.0,120.91653
30,141,117.0,115.19751
30,142,116.0,109.5562
30,143,115.0,113.643875
31,30,174.0,121.8555
31,31,173.0,127.16698
31,32,172.0,121.574615
31,33,171.0,118.263565
31,34,170.0,115.80592
31,35,169.0,120.40223
31,36,168.0,118.82367
31,37,167.0,117.40251
31,38,166.0,121.636826
31,39,165.0,124.69689
31,40,164.0,126.24302
31,41,163.0,117.892784
31,42,162.0,113.213745
31,43,161.0,114.61177
31,44,160.0,115.09993
31,45,159.0,115.23724
31,46,158.0,115.75959
31,47,157.0,117.35957
31,48,156.0,116.11499
31,49,155.0,114.006424
31,50,154.0,117.78603
31,51,153.0,126.41362
31,52,152.0,128.69427
31,53,151.0,128.98964
31,54,150.0,118.73346
31,55,149.0,115.791405
31,56,148.0,117.63562
31,57,147.0,110.81813
31,58,146.0,109.36694
31,59,145.0,106.57951
31,60,144.0,101.97514
31,61,143.0,105.541565
31,62,142.0,111.447624
31,63,141.0,111.54372
31,64,140.0,106.0417
31,65,139.0,101.10543
31,66,138.0,105.13072
31,67,137.0,108.99922
31,68,136.0,109.20297
31,69,135.0,113.10773
31,70,134.0,102.88745
31,71,133.0,104.674286
31,72,132.0,111.100876
31,73,131.0,115.10343
31,74,130.0,117.2835
31,75,129.0,119.65891
31,76,128.0,120.767944
31,77,127.0,126.12665
31,78,126.0,120.49421
31,79,125.0,125.254196
31,80,124.0,122.48146
31,81,123.0,127.73689
31,82,122.0,128.83171
31,83,121.0,130.42262
31,84,120.0,129.9593
31,85,119.0,130.26323
31,86,118.0,129.63274
31,87,117.0,131.21484
31,88,116.0,127.700386
31,89,115.0,125.70071
31,90,114.0,123.79984
31,91,113.0,119.515785
31,92,112.0,122.984985
31,93,111.0,115.965485
31,94,110.0,112.021484
31,95,109.0,111.41792
31,96,108.0,110.65779
31,97,107.0,104.40088
31,98,106.0,104.842026
31,99,105.0,91.38936
31,100,104.0,92.27557
31,101,103.0,94.56017
31,102,102.0,82.87108
31,103,101.0,74.09713
31,104,100.0,67.39669
31,105,99.0,78.14974
31,106,98.0,80.16434
31,107,97.0,78.365036
31,108,96.0,76.67136
31,109,95.0,82.4902
31,110,94.0,88.78526
31,111,93.0,96.36022
31,112,92.0,102.859116
31,113,91.0,104.203445
31,114,90.0,109.99347
31,115,89.0,111.32953
31,116,88.0,115.8459
31,117,87.0,110.45386
31,118,86.0,104.58432
31,119,85.0,104.245544
31,120,84.0,98.755714
31,121,83.0,87.73605
31,122,82.0,92.893364
31,123,81.0,91.51253
31,124,80.0,97.290054
31,125,79.0,91.35812
31,126,78.0,84.214836
31,127,77.0,89.1781
31,128,76.0,89.19555
31,129,75.0,83.591225
31,130,74.0,86.63898
31,131,73.0,81.16046
31,132,72.0,75.9459
31,133,71.0,67.71359
31,134,70.0,74.97743
31,135,69.0,77.80698
31,136,68.0,75.49132
31,137,67.0,70.60029
31,138,66.0,75.53811
31,139,65.0,79.16733
31,140,64.0,83.513916
31,141,63.0,91.00457
31,142,62.0,88.89495
31,143,61.0,101.43124
31,144,60.0,108.55998
31,145,59.0,104.39082
31,146,58.0,108.92279
31,147,57.0,109.25453
31,148,56.0,99.392044
31,149,55.0,90.34842
31,150,54.0,85.74461
31,151,53.0,86.13514
31,152,52.0,84.259445
31,153,51.0,81.27037
31,154,50.0,62.59009
31,155,49.0,63.13071
31,156,48.0,70.752304
31,157,47.0,62.775166
31,158,46.0,65.0532
31,159,45.0,65.91291
31,160,44.0,56.697372
31,161,43.0,55.631332
31,162,42.0,51.215057
31,163,41.0,44.944096
31,164,40.0,44.228897
31,165,39.0,40.94873
31,166,38.0,42.83571
31,167,37.0,40.85444
31,168,36.0,39.87241
31,169,35.0,41.221542
31,170,34.0,44.12308
31,171,33.0,40.559196
31,172,32.0,38.21414
31,173,31.0,41.407173
31,174,30.0,40.294056
31,175,29.0,39.22306
31,176,28.0,34.298153
31,177,27.0,32.56295
31,178,26.0,27.074793
31,179,25.0,22.893957
31,180,24.0,20.506008
31,181,23.0,19.480783
31,182,22.0,17.354607
31,183,21.0,16.55913
31,184,20.0,15.975685
31,185,19.0,16.650585
31,186,18.0,16.515266
31,187,17.0,15.092119
31,188,16.0,14.036797
31,189,15.0,14.04224
31,190,14.0,13.898369
31,191,13.0,12.471331
31,192,12.0,9.533144
31,193,11.0,6.99454
31,194,10.0,6.410954
31,195,9.0,6.53123
31,196,8.0,7.0987463
32,30,163.0,127.01109
32,31,162.0,131.46327
32,32,161.0,134.20753
32,33,160.0,135.90297
32,34,159.0,134.3109
32,35,158.0,135.3729
32,36,157.0,135.665
32,37,156.0,134.544
32,38,155.0,134.13303
32,39,154.0,133.95883
32,40,153.0,133.75485
32,41,152.0,129.3191
32,42,151.0,132.20848
32,43,150.0,133.28873
32,44,149.0,131.13759
32,45,148.0,133.14351
32,46,147.0,131.14362
32,47,146.0,132.06624
32,48,145.0,128.76353
32,49,144.0,128.3875
32,50,143.0,131.63559
32,51,142.0,132.42125
32,52,141.0,131.34615
32,53,140.0,131.85426
32,54,139.0,131.38083
32,55,138.0,132.64076
32,56,137.0,129.76933
32,57,136.0,130.90298
32,58,135.0,133.68265
32,59,134.0,124.10405
32,60,133.0,120.124214
32,61,132.0,126.2657
32,62,131.0,125.80532
32,63,130.0,126.36447
32,64,129.0,129.5511
32,65,128.0,129.9582
32,66,127.0,127.45913
32,67,126.0,124.3988
32,68,125.0,125.40431
32,69,124.0,126.73642
32,70,123.0,123.65859
32,71,122.0,126.10191
32,72,121.0,127.983475
32,73,120.0,120.90725
32,74,119.0,120.52016
32,75,118.0,119.60882
32,76,117.0,117.07798
32,77,116.0,114.14607
32,78,115.0,115.10755
32,79,114.0,122.5945
32,80,113.0,126.03847
32,81,112.0,120.932365
32,82,111.0,120.72976
32,83,110.0,117.6227
32,84,109.0,119.56138
32,85,108.0,118.680954
32,86,107.0,121.59758
32,87,106.0,125.240555
32,88,105.0,126.46325
32,89,104.0,126.586685
32,90,103.0,128.93848
32,91,102.0,118.67408
32,92,101.0,120.39937
32,93,100.0,107.36304
32,94,99.0,111.18387
32,95,98.0,107.92796
32,96,97.0,100.98709
32,97,96.0,104.23891
32,98,95.0,97.21346
32,99,94.0,99.07204
32,100,93.0,102.91855
32,101,92.0,98.84507
32,102,91.0,95.88573
32,103,90.0,90.26834
32,104,89.0,86.600845
32,105,88.0,85.44852
32,106,87.0,85.45654
32,107,86.0,83.914734
32,108,85.0,88.58565
32,109,84.0,84.022385
32,110,83.0,94.48225
32,111,82.0,91.38107
32,112,81.0,91.3533
32,113,80.0,90.82297
32,114,79.0,96.32829
32,115,78.0,105.4036
32,116,77.0,109.67914
32,117,76.0,115.14235
32,118,75.0,117.80611
32,119,74.0,108.208626
32,120,73.0,99.124504
32,121,72.0,97.241
32,122,71.0,99.913536
32,123,70.0,94.192375
32,124,69.0,93.32437
32,125,68.0,88.69072
32,126,67.0,94.86746
32,127,66.0,91.60469
32,128,65.0,92.39418
32,129,64.0,84.8014
32,130,63.0,81.48784
32,131,62.0,79.677895
32,132,61.0,78.652374
32,133,60.0,74.490326
32,134,59.0,75.55473
32,135,58.0,72.10004
32,136,57.0,59.595337
32,137,56.0,59.70022
32,138,55.0,59.264
32,139,54.0,63.24817
32,140,53.0,65.09389
32,141,52.0,62.467804
32,142,51.0,57.62638
32,143,50.0,57.869053
32,144,49.0,56.32608
32,145,48.0,57.846592
33,30,126.0,131.03035
33,31,125.0,126.39699
33,32,124.0,125.61544
33,33,123.0,125.03642
33,34,122.0,121.88446
33,35,121.0,122.676056
33,36,120.0,122.659424
33,37,119.0,120.10014
33,38,118.0,118.90489
33,39,117.0,117.441536
33,40,116.0,110.742386
33,41,115.0,109.022705
33,42,114.0,109.969505
33,43,113.0,111.08481
33,44,112.0,112.87082
33,45,111.0,113.567825
33,46,110.0,116.50758
33,47,109.0,120.849075
33,48,108.0,119.02362
33,49,107.0,119.11246
33,50,106.0,119.36952
34,30,180.0,132.40166
34,31,179.0,133.09424
34,32,178.0,133.72212
34,33,177.0,130.79892
34,34,176.0,129.66743
34,35,175.0,131.06976
34,36,174.0,132.30788
34,37,173.0,131.65991
34,38,172.0,131.99051
34,39,171.0,131.84767
34,40,170.0,129.99084
34,41,169.0,126.3073
34,42,168.0,127.14507
34,43,167.0,129.7313
34,44,166.0,134.42622
34,45,165.0,134.31468
34,46,164.0,133.05801
34,47,163.0,131.85455
34,48,162.0,128.26624
34,49,161.0,127.52261
34,50,160.0,124.85649
34,51,159.0,125.24313
34,52,158.0,131.2278
34,53,157.0,128.0248
34,54,156.0,129.89351
34,55,155.0,131.07433
34,56,154.0,128.7369
34,57,153.0,131.56924
34,58,152.0,127.15051
34,59,151.0,129.94286
34,60,150.0,123.36346
34,61,149.0,128.66287
34,62,148.0,121.54138
34,63,147.0,115.8074
34,64,146.0,119.12221
34,65,145.0,124.10154
34,66,144.0,129.40448
34,67,143.0,126.55023
34,68,142.0,126.253876
34,69,141.0,122.63449
34,70,140.0,120.13777
34,71,139.0,123.43948
34,72,138.0,119.927284
34,73,137.0,120.15844
34,74,136.0,125.9028
34,75,135.0,129.50865
34,76,134.0,128.06754
34,77,133.0,129.54814
34,78,132.0,127.30832
34,79,131.0,127.93912
34,80,130.0,129.63905
34,81,129.0,128.115
34,82,128.0,129.52467
34,83,127.0,129.44432
34,84,126.0,133.62146
34,85,125.0,131.60037
34,86,124.0,131.29851
34,87,123.0,132.64287
34,88,122.0,132.25163
34,89,121.0,130.82306
34,90,120.0,132.0011
34,91,119.0,127.39819
34,92,118.0,120.8733
34,93,117.0,125.415276
34,94,116.0,119.75352
34,95,115.0,118.7021
34,96,114.0,116.298355
34,97,113.0,113.36977
34,98,112.0,116.31152
34,99,111.0,110.51441
34,100,110.0,113.268776
34,101,109.0,108.39569
34,102,108.0,106.11462
34,103,107.0,109.68565
34,104,106.0,110.88846
34,105,105.0,106.74634
34,106,104.0,104.84588
34,107,103.0,104.81401
34,108,102.0,103.43463
34,109,101.0,100.51843
34,110,100.0,101.83154
34,111,99.0,96.95851
34,112,98.0,98.77109
34,113,97.0,98.05243
34,114,96.0,95.6842
34,115,95.0,97.2404
34,116,94.0,98.84218
34,117,93.0,97.414474
34,118,92.0,99.26361
34,119,91.0,103.41848
34,120,90.0,96.64048
34,121,89.0,96.16309
34,122,88.0,95.97989
34,123,87.0,99.65541
34,124,86.0,102.79765
34,125,85.0,100.93695
34,126,84.0,103.28506
34,127,83.0,102.617874
34,128,82.0,96.98354
34,129,81.0,105.345
34,130,80.0,101.04042
34,131,79.0,95.12474
34,132,78.0,95.39518
34,133,77.0,96.201675
34,134,76.0,101.96097
34,135,75.0,92.85231
34,136,74.0,92.94163
34,137,73.0,89.91542
34,138,72.0,83.07195
34,139,71.0,100.58769
34,140,70.0,103.70004
34,141,69.0,95.14995
34,142,68.0,92.241104
34,143,67.0,94.22931
34,144,66.0,100.072815
34,145,65.0,92.286766
34,146,64.0,90.100006
34,147,63.0,78.77962
34,148,62.0,88.287315
34,149,61.0,85.49811
34,150,60.0,74.3714
34,151,59.0,77.16889
34,152,58.0,69.75572
34,153,57.0,66.46894
34,154,56.0,62.961864
34,155,55.0,55.823887
34,156,54.0,55.977707
34,157,53.0,54.924103
34,158,52.0,53.10927
34,159,51.0,51.794838
34,160,50.0,49.435467
34,161,49.0,50.612682
34,162,48.0,50.461662
34,163,47.0,54.05224
34,164,46.0,53.1494
34,165,45.0,52.19924
34,166,44.0,48.02759
34,167,43.0,47.189
34,168,42.0,47.257065
34,169,41.0,41.722813
34,170,40.0,41.61499
34,171,39.0,36.338142
34,172,38.0,32.186943
34,173,37.0,36.044533
34,174,36.0,41.746113
34,175,35.0,40.90955
34,176,34.0,45.946636
34,177,33.0,42.420414
34,178,32.0,46.843952
34,179,31.0,49.496265
34,180,30.0,43.65981
34,181,29.0,41.45188
34,182,28.0,37.03749
34,183,27.0,35.040886
34,184,26.0,28.726383
34,185,25.0,26.530327
34,186,24.0,26.102072
34,187,23.0,24.272373
34,188,22.0,21.748287
34,189,21.0,20.281631
34,190,20.0,18.594316
34,191,19.0,17.96334
34,192,18.0,17.627287
34,193,17.0,17.852333
34,194,16.0,18.211016
34,195,15.0,17.678944
34,196,14.0,17.055576
34,197,13.0,16.626616
34,198,12.0,14.710625
34,199,11.0,11.915595
34,200,10.0,9.02311
34,201,9.0,6.800702
34,202,8.0,6.0526695
34,203,7.0,5.788508
35,30,179.0,132.8955
35,31,178.0,131.50371
35,32,177.0,130.80463
35,33,176.0,130.40392
35,34,175.0,129.5519
35,35,174.0,129.0926
35,36,173.0,129.49614
35,37,172.0,128.19246
35,38,171.0,129.8654
35,39,170.0,125.503426
35,40,169.0,119.38023
35,41,168.0,116.8872
35,42,167.0,116.52583
35,43,166.0,114.31296
35,44,165.0,112.711975
35,45,164.0,111.04267
35,46,163.0,107.723816
35,47,162.0,108.68155
35,48,161.0,110.41519
35,49,160.0,113.25754
35,50,159.0,115.152336
35,51,158.0,116.10887
35,52,157.0,115.094406
35,53,156.0,112.26042
35,54,155.0,114.48261
35,55,154.0,114.10146
35,56,153.0,116.66586
35,57,152.0,109.72613
35,58,151.0,108.8866
35,59,150.0,107.59236
35,60,149.0,108.35876
35,61,148.0,114.42287
35,62,147.0,118.00528
35,63,146.0,120.042755
35,64,145.0,117.49947
35,65,144.0,122.10835
35,66,143.0,126.13172
35,67,142.0,125.8804
35,68,141.0,124.560104
35,69,140.0,123.08665
35,70,139.0,120.77008
35,71,138.0,124.583725
35,72,137.0,125.99417
35,73,136.0,124.592804
35,74,135.0,126.48749
35,75,134.0,123.51477
35,76,133.0,122.294
35,77,132.0,127.28646
35,78,131.0,125.58811
35,79,130.0,124.76109
35,80,129.0,126.760895
35,81,128.0,127.83946
35,82,127.0,124.496315
35,83,126.0,121.76509
35,84,125.0,118.65722
35,85,124.0,113.65831
35,86,123.0,110.19701
35,87,122.0,105.76706
35,88,121.0,107.763855
35,89,120.0,114.31004
35,90,119.0,111.41032
35,91,118.0,108.055115
35,92,117.0,99.27025
35,93,116.0,94.41017
35,94,115.0,102.43277
35,95,114.0,113.48441
35,96,113.0,108.59307
35,97,112.0,106.43183
35,98,111.0,108.48978
35,99,110.0,103.04928
35,100,109.0,94.50557
35,101,108.0,99.28399
35,102,107.0,101.512436
35,103,106.0,100.3082
35,104,105.0,109.79687
35,105,104.0,105.51073
35,106,103.0,111.82046
35,107,102.0,114.33635
35,108,101.0,112.92436
35,109,100.0,118.80552
35,110,99.0,123.67204
35,111,98.0,124.13139
35,112,97.0,122.82314
35,113,96.0,119.6012
35,114,95.0,106.6778
35,115,94.0,104.684425
35,116,93.0,107.26726
35,117,92.0,108.40715
35,118,91.0,103.395996
35,119,90.0,103.50026
35,120,89.0,104.484406
35,121,88.0,105.903
35,122,87.0,98.30191
35,123,86.0,100.15051
35,124,85.0,98.418465
35,125,84.0,97.336494
35,126,83.0,105.92622
35,127,82.0,107.56473
35,128,81.0,98.1647
35,129,80.0,87.12218
35,130,79.0,80.693344
35,131,78.0,79.5716
35,132,77.0,66.20928
35,133,76.0,59.307873
35,134,75.0,58.329315
35,135,74.0,59.6221
35,136,73.0,55.352688
35,137,72.0,64.22063
35,138,71.0,75.857185
35,139,70.0,82.51574
35,140,69.0,81.25439
35,141,68.0,79.88112
35,142,67.0,82.397705
35,143,66.0,74.48268
35,144,65.0,77.45639
35,145,64.0,82.540726
35,146,63.0,80.02237
35,147,62.0,71.96887
35,148,61.0,65.180664
35,149,60.0,69.99862
35,150,59.0,84.39892
35,151,58.0,81.40024
35,152,57.0,78.264725
35,153,56.0,77.35684
35,154,55.0,73.683334
35,155,54.0,82.581215
35,156,53.0,81.4483
35,157,52.0,72.774055
35,158,51.0,71.02183
35,159,50.0,71.45772
35,160,49.0,68.203865
35,161,48.0,60.020172
35,162,47.0,60.512444
35,163,46.0,56.09017
35,164,45.0,55.680275
35,165,44.0,52.540306
35,166,43.0,53.293156
35,167,42.0,53.320606
35,168,41.0,44.143044
35,169,40.0,38.817345
35,170,39.0,44.222256
35,171,38.0,47.4271
35,172,37.0,46.893547
35,173,36.0,43.43315
35,174,35.0,40.994843
35,175,34.0,36.179047
35,176,33.0,28.780548
35,177,32.0,22.966778
35,178,31.0,22.675514
35,179,30.0,23.358067
35,180,29.0,23.767307
35,181,28.0,23.36163
35,182,27.0,22.974419
35,183,26.0,22.074993
35,184,25.0,22.534592
35,185,24.0,22.565163
35,186,23.0,22.037575
35,187,22.0,19.233345
35,188,21.0,17.533443
35,189,20.0,18.372547
35,190,19.0,17.13189
35,191,18.0,18.88374
35,192,17.0,18.547161
35,193,16.0,17.547213
35,194,15.0,18.39478
35,195,14.0,17.80252
35,196,13.0,17.567375
35,197,12.0,16.048944
35,198,11.0,14.257764
36,30,115.0,120.46327
36,31,114.0,121.031075
36,32,113.0,117.6586
36,33,112.0,116.34196
36,34,111.0,111.58621
36,35,110.0,111.86911
36,36,109.0,113.05722
36,37,108.0,113.90809
36,38,107.0,111.996506
36,39,106.0,110.78984
36,40,105.0,104.86217
36,41,104.0,110.23584
36,42,103.0,107.605896
36,43,102.0,102.959045
36,44,101.0,110.33551
36,45,100.0,108.18814
36,46,99.0,109.56703
36,47,98.0,114.85101
36,48,97.0,110.27412
36,49,96.0,102.486694
36,50,95.0,103.57855
36,51,94.0,111.162384
36,52,93.0,108.64132
36,53,92.0,102.55059
36,54,91.0,100.782715
36,55,90.0,100.1431
36,56,89.0,108.37414
36,57,88.0,117.30594
36,58,87.0,122.97533
36,59,86.0,125.46378
36,60,85.0,127.52768
36,61,84.0,125.483894
36,62,83.0,126.12295
36,63,82.0,122.13695
36,64,81.0,124.23587
36,65,80.0,124.901955
36,66,79.0,123.46801
36,67,78.0,123.68203
36,68,77.0,124.236824
36,69,76.0,123.46286
36,70,75.0,120.89806
36,71,74.0,121.66965
36,72,73.0,117.96852
36,73,72.0,119.455986
36,74,71.0,111.39925
36,75,70.0,104.46672
36,76,69.0,104.43247
36,77,68.0,98.467606
36,78,67.0,86.48041
36,79,66.0,87.45031
36,80,65.0,97.00937
36,81,64.0,90.2624
36,82,63.0,80.54146
36,83,62.0,75.00215
36,84,61.0,75.25374
36,85,60.0,62.529663
36,86,59.0,64.02476
36,87,58.0,61.92672
36,88,57.0,68.51993
36,89,56.0,70.0603
36,90,55.0,54.203636
36,91,54.0,55.45128
36,92,53.0,57.692444
36,93,52.0,61.106644
36,94,51.0,55.762833
36,95,50.0,56.65452
36,96,49.0,50.76574
36,97,48.0,62.772415
36,98,47.0,68.29517
36,99,46.0,75.71466
36,100,45.0,81.5978
36,101,44.0,72.00547
36,102,43.0,78.78146
36,103,42.0,72.75247
36,104,41.0,71.75495
36,105,40.0,68.0323
36,106,39.0,68.672104
36,107,38.0,66.33266
36,108,37.0,62.753235
36,109,36.0,63.353874
36,110,35.0,58.740437
36,111,34.0,56.826794
36,112,33.0,60.478775
36,113,32.0,54.280533
36,114,31.0,47.27379
36,115,30.0,44.123737
36,116,29.0,43.343506
36,117,28.0,41.72217
36,118,27.0,39.54866
36,119,26.0,38.90462
36,120,25.0,40.256836
36,121,24.0,36.763023
36,122,23.0,31.789234
36,123,22.0,30.777946
36,124,21.0,25.94896
36,125,20.0,21.468967
36,126,19.0,19.695354
37,30,112.0,127.58264
37,31,111.0,129.60678
37,32,110.0,119.96484
37,33,109.0,125.07418
37,34,108.0,128.32854
37,35,107.0,131.96843
37,36,106.0,130.75389
37,37,105.0,127.485565
37,38,104.0,124.758484
37,39,103.0,120.789825
37,40,102.0,106.387566
37,41,101.0,114.678116
37,42,100.0,122.41969
37,43,99.0,122.04845
37,44,98.0,121.450134
37,45,97.0,121.50697
37,46,96.0,121.92917
37,47,95.0,119.72054
37,48,94.0,118.53292
37,49,93.0,114.08089
37,50,92.0,114.84237
37,51,91.0,117.567154
37,52,90.0,117.78853
37,53,89.0,113.62727
37,54,88.0,107.1012
37,55,87.0,115.9733
37,56,86.0,111.722
37,57,85.0,113.98004
37,58,84.0,114.139946
37,59,83.0,128.04167
37,60,82.0,122.01585
37,61,81.0,122.1725
37,62,80.0,121.94324
37,63,79.0,115.42493
37,64,78.0,115.783844
37,65,77.0,104.49877
37,66,76.0,109.92464
37,67,75.0,117.92767
37,68,74.0,121.62323
37,69,73.0,104.06741
37,70,72.0,109.81658
37,71,71.0,106.83612
37,72,70.0,105.59346
37,73,69.0,109.755974
37,74,68.0,104.65886
37,75,67.0,106.309906
37,76,66.0,104.771576
37,77,65.0,108.575424
37,78,64.0,101.83249
37,79,63.0,89.58406
37,80,62.0,95.59975
37,81,61.0,89.75783
37,82,60.0,90.44952
37,83,59.0,85.89719
37,84,58.0,80.280205
37,85,57.0,80.73792
37,86,56.0,77.46541
37,87,55.0,80.410995
37,88,54.0,83.05003
37,89,53.0,77.49646
37,90,52.0,69.182816
37,91,51.0,67.04704
37,92,50.0,66.01195
37,93,49.0,59.619755
37,94,48.0,57.559925
37,95,47.0,57.396553
37,96,46.0,60.33197
37,97,45.0,59.19642
37,98,44.0,59.621254
37,99,43.0,59.53029
37,100,42.0,59.878883
37,101,41.0,59.231842
37,102,40.0,56.803566
37,103,39.0,58.71941
37,104,38.0,55.945305
37,105,37.0,55.26811
37,106,36.0,53.65916
37,107,35.0,54.24903
37,108,34.0,50.152992
37,109,33.0,47.3367
37,110,32.0,42.559025
37,111,31.0,39.736755
37,112,30.0,36.30844
37,113,29.0,33.11515
37,114,28.0,30.867624
37,115,27.0,31.427036
37,116,26.0,32.170216
37,117,25.0,31.079247
37,118,24.0,31.383385
37,119,23.0,30.16286
37,120,22.0,30.579422
37,121,21.0,29.008202
38,30,145.0,129.4561
38,31,144.0,129.37592
38,32,143.0,128.92535
38,33,142.0,127.29962
38,34,141.0,124.26904
38,35,140.0,119.022385
38,36,139.0,112.6322
38,37,138.0,112.11065
38,38,137.0,115.86041
38,39,136.0,111.600975
38,40,135.0,112.65363
38,41,134.0,116.73578
38,42,133.0,121.33436
38,43,132.0,119.44961
38,44,131.0,117.73949
38,45,130.0,112.25685
38,46,129.0,105.56649
38,47,128.0,103.662636
38,48,127.0,105.16661
38,49,126.0,91.49027
38,50,125.0,87.56169
38,51,124.0,92.58383
38,52,123.0,90.93068
38,53,122.0,101.74464
38,54,121.0,95.60334
38,55,120.0,90.25387
38,56,119.0,95.28464
38,57,118.0,96.81526
38,58,117.0,94.31848
38,59,116.0,91.14264
38,60,115.0,98.37148
38,61,114.0,99.08735
38,62,113.0,96.7245
38,63,112.0,103.78493
38,64,111.0,100.62015
38,65,110.0,98.69
38,66,109.0,105.63382
38,67,108.0,100.68523
38,68,107.0,98.20649
38,69,106.0,108.78778
38,70,105.0,116.903946
38,71,104.0,120.35305
38,72,103.0,119.14314
38,73,102.0,120.06595
38,74,101.0,120.46776
38,75,100.0,125.286644
38,76,99.0,128.26924
38,77,98.0,128.04352
38,78,97.0,125.39474
38,79,96.0,125.3583
38,80,95.0,125.85162
38,81,94.0,127.51473
38,82,93.0,127.68864
38,83,92.0,127.96248
38,84,91.0,128.0908
38,85,90.0,127.39699
38,86,89.0,126.190445
38,87,88.0,126.699036
38,88,87.0,127.313866
38,89,86.0,127.65637
38,90,85.0,128.62296
38,91,84.0,127.63133
38,92,83.0,126.83206
38,93,82.0,126.769035
38,94,81.0,126.28737
38,95,80.0,123.93278
38,96,79.0,123.39992
38,97,78.0,125.79037
38,98,77.0,128.21223
38,99,76.0,127.53821
38,100,75.0,123.66758
38,101,74.0,115.1047
38,102,73.0,109.78041
38,103,72.0,101.30101
38,104,71.0,101.96464
38,105,70.0,95.72827
38,106,69.0,84.78027
38,107,68.0,87.29343
38,108,67.0,102.37662
38,109,66.0,100.28702
38,110,65.0,102.41661
38,111,64.0,96.234024
38,112,63.0,85.903145
38,113,62.0,85.4407
38,114,61.0,80.20879
38,115,60.0,82.149765
38,116,59.0,78.96658
38,117,58.0,78.20899
38,118,57.0,84.0961
38,119,56.0,83.11702
38,120,55.0,83.08878
38,121,54.0,77.42558
38,122,53.0,75.42399
38,123,52.0,71.92268
38,124,51.0,62.72564
38,125,50.0,64.28473
39,30,149.0,126.64099
39,31,148.0,129.7405
39,32,147.0,127.45174
39,33,146.0,132.22073
39,34,145.0,132.08983
39,35,144.0,125.868744
39,36,143.0,125.06852
39,37,142.0,117.70461
40,30,131.0,121.20065
40,31,130.0,123.73312
40,32,129.0,122.02584
40,33,128.0,121.883675
40,34,127.0,121.64441
40,35,126.0,117.48133
40,36,125.0,113.127594
40,37,124.0,110.477234
40,38,123.0,112.10983
40,39,122.0,108.70817
40,40,121.0,106.637245
40,41,120.0,105.98421
40,42,119.0,107.21434
40,43,118.0,110.05389
40,44,117.0,107.65181
40,45,116.0,113.90013
40,46,115.0,114.66696
40,47,114.0,112.44467
40,48,113.0,109.86278
40,49,112.0,106.72366
40,50,111.0,114.789
40,51,110.0,118.74784
40,52,109.0,119.167175
40,53,108.0,118.38359
40,54,107.0,109.735916
40,55,106.0,109.836685
40,56,105.0,112.515274
40,57,104.0,115.384636
40,58,103.0,117.621925
40,59,102.0,119.89668
40,60,101.0,124.751625
40,61,100.0,126.24295
40,62,99.0,129.43524
40,63,98.0,128.34346
40,64,97.0,127.82504
40,65,96.0,125.677704
40,66,95.0,118.32584
40,67,94.0,124.56903
40,68,93.0,126.141846
40,69,92.0,123.36365
40,70,91.0,116.58325
40,71,90.0,113.014984
40,72,89.0,115.39287
40,73,88.0,113.941925
40,74,87.0,118.697754
40,75,86.0,118.53493
40,76,85.0,121.40167
40,77,84.0,116.66784
40,78,83.0,113.83946
40,79,82.0,116.22575
40,80,81.0,118.99313
40,81,80.0,121.5558
40,82,79.0,121.46405
40,83,78.0,121.988655
40,84,77.0,121.54168
40,85,76.0,121.97174
40,86,75.0,119.839676
40,87,74.0,112.15523
40,88,73.0,106.67011
40,89,72.0,115.88054
40,90,71.0,117.1918
40,91,70.0,117.42018
40,92,69.0,115.550804
40,93,68.0,102.384964
40,94,67.0,104.80205
40,95,66.0,104.007
40,96,65.0,92.04042
40,97,64.0,91.08999
40,98,63.0,100.61919
40,99,62.0,90.41115
40,100,61.0,95.647285
40,101,60.0,90.00434
40,102,59.0,83.353
40,103,58.0,79.19484
40,104,57.0,74.18022
40,105,56.0,68.33217
40,106,55.0,66.228745
40,107,54.0,67.24325
40,108,53.0,61.586823
40,109,52.0,60.675404
40,110,51.0,62.94202
40,111,50.0,60.377136
40,112,49.0,70.87408
40,113,48.0,75.63139
40,114,47.0,73.53874
40,115,46.0,72.488815
40,116,45.0,69.15317
40,117,44.0,60.683586
40,118,43.0,58.782684
40,119,42.0,60.762512
40,120,41.0,62.25489
40,121,40.0,53.267708
40,122,39.0,50.627495
40,123,38.0,51.949196
40,124,37.0,55.425983
40,125,36.0,45.415894
40,126,35.0,42.196648
40,127,34.0,39.859177
40,128,33.0,40.57099
40,129,32.0,42.18569
40,130,31.0,39.70047
40,131,30.0,39.845356
40,132,29.0,41.497066
40,133,28.0,38.277954
41,30,111.0,130.97414
41,31,110.0,134.60542
41,32,109.0,133.13042
41,33,108.0,132.95253
41,34,107.0,131.92142
41,35,106.0,134.03726
41,36,105.0,132.06061
41,37,104.0,135.58153
41,38,103.0,133.54022
41,39,102.0,132.61702
41,40,101.0,129.4214
41,41,100.0,133.37321
41,42,99.0,132.73317
41,43,98.0,129.0797
41,44,97.0,129.3971
41,45,96.0,121.61157
41,46,95.0,124.14959
41,47,94.0,123.83172
41,48,93.0,117.45051
41,49,92.0,118.74228
41,50,91.0,119.447014
41,51,90.0,125.051216
41,52,89.0,128.08556
41,53,88.0,126.27328
41,54,87.0,128.31148
41,55,86.0,127.46015
41,56,85.0,131.10774
41,57,84.0,128.1293
41,58,83.0,127.13739
41,59,82.0,121.99785
41,60,81.0,122.54143
41,61,80.0,110.9439
41,62,79.0,106.98036
41,63,78.0,104.742165
41,64,77.0,114.45877
41,65,76.0,119.70065
41,66,75.0,122.5514
41,67,74.0,114.96669
41,68,73.0,116.58197
41,69,72.0,122.7769
41,70,71.0,123.04957
41,71,70.0,111.87732
41,72,69.0,111.95369
41,73,68.0,103.273026
41,74,67.0,112.85173
41,75,66.0,107.182526
41,76,65.0,102.556046
41,77,64.0,99.130196
41,78,63.0,96.15684
41,79,62.0,87.7393
41,80,61.0,91.474594
41,81,60.0,94.89672
41,82,59.0,96.84558
41,83,58.0,89.82802
41,84,57.0,85.67119
41,85,56.0,79.70595
41,86,55.0,78.49095
41,87,54.0,81.429
41,88,53.0,86.15817
41,89,52.0,76.63608
41,90,51.0,76.99811
41,91,50.0,73.51871
41,92,49.0,73.99293
41,93,48.0,102.6829
41,94,47.0,103.06912
41,95,46.0,96.587204
41,96,45.0,99.51332
41,97,44.0,91.64615
41,98,43.0,86.56045
41,99,42.0,74.37437
41,100,41.0,73.379745
41,101,40.0,70.8455
41,102,39.0,64.956436
41,103,38.0,60.2556
41,104,37.0,59.022915
41,105,36.0,54.498085
41,106,35.0,49.91015
41,107,34.0,46.732773
41,108,33.0,41.933384
41,109,32.0,39.97487
41,110,31.0,38.957825
41,111,30.0,37.34951
41,112,29.0,37.01444
41,113,28.0,34.779453
41,114,27.0,32.006344
41,115,26.0,31.421867
41,116,25.0,32.522476
41,117,24.0,31.95378
41,118,23.0,29.203026
41,119,22.0,28.410397
41,120,21.0,27.545212
41,121,20.0,26.025394
41,122,19.0,26.681133
41,123,18.0,25.47218
42,30,136.0,135.7097
42,31,135.0,137.34436
42,32,134.0,137.01389
42,33,133.0,136.60321
42,34,132.0,137.68211
42,35,131.0,136.86244
42,36,130.0,134.33879
42,37,129.0,135.7342
42,38,128.0,135.0005
42,39,127.0,136.09012
42,40,126.0,135.92078
42,41,125.0,133.96848
42,42,124.0,131.47958
42,43,123.0,129.44836
42,44,122.0,130.01675
42,45,121.0,126.731384
42,46,120.0,123.43793
42,47,119.0,126.573
42,48,118.0,125.05333
42,49,117.0,130.71645
42,50,116.0,131.85011
42,51,115.0,132.85039
42,52,114.0,132.87456
42,53,113.0,135.41664
42,54,112.0,134.72478
42,55,111.0,133.97466
42,56,110.0,129.47209
42,57,109.0,128.61134
42,58,108.0,129.95235
42,59,107.0,123.2132
42,60,106.0,116.47498
42,61,105.0,122.24132
42,62,104.0,128.29468
42,63,103.0,126.51004
42,64,102.0,130.52982
42,65,101.0,126.21077
42,66,100.0,121.42073
42,67,99.0,124.63992
42,68,98.0,125.60515
42,69,97.0,126.46124
42,70,96.0,127.395065
42,71,95.0,128.73705
42,72,94.0,124.07995
42,73,93.0,127.77431
42,74,92.0,121.146065
42,75,91.0,116.74864
42,76,90.0,118.739105
42,77,89.0,112.73671
42,78,88.0,99.142715
42,79,87.0,100.09852
42,80,86.0,93.91774
42,81,85.0,97.1199
42,82,84.0,92.11899
42,83,83.0,90.32041
42,84,82.0,91.65892
42,85,81.0,91.74556
42,86,80.0,88.83026
42,87,79.0,89.70006
42,88,78.0,93.77591
42,89,77.0,97.97356
42,90,76.0,96.95874
42,91,75.0,99.55286
42,92,74.0,95.29017
42,93,73.0,95.13878
42,94,72.0,97.802986
42,95,71.0,98.05437
42,96,70.0,105.87929
42,97,69.0,103.88786
42,98,68.0,102.16612
42,99,67.0,116.244255
42,100,66.0,105.64144
42,101,65.0,114.67427
42,102,64.0,119.45975
42,103,63.0,122.69827
42,104,62.0,120.690125
42,105,61.0,123.921265
42,106,60.0,125.21719
42,107,59.0,112.94184
42,108,58.0,110.454636
42,109,57.0,94.46368
42,110,56.0,99.42326
42,111,55.0,91.09491
42,112,54.0,89.77931
42,113,53.0,86.54577
42,114,52.0,77.18437
42,115,51.0,65.214676
42,116,50.0,63.629906
42,117,49.0,60.99794
42,118,48.0,63.099743
42,119,47.0,63.112144
42,120,46.0,61.49664
42,121,45.0,61.50643
42,122,44.0,57.751022
42,123,43.0,54.561974
42,124,42.0,54.431282
42,125,41.0,51.202538
42,126,40.0,51.453682
42,127,39.0,54.773075
42,128,38.0,52.243813
42,129,37.0,48.601967
42,130,36.0,43.04167
42,131,35.0,39.422634
42,132,34.0,39.110123
42,133,33.0,37.69612
42,134,32.0,34.18924
42,135,31.0,31.926622
42,136,30.0,33.792267
42,137,29.0,33.224197
42,138,28.0,31.175602
42,139,27.0,30.781837
42,140,26.0,30.993364
42,141,25.0,31.347687
42,142,24.0,28.82272
42,143,23.0,27.535385
42,144,22.0,25.83952
42,145,21.0,25.895561
42,146,20.0,25.586842
42,147,19.0,25.3736
42,148,18.0,24.220467
42,149,17.0,21.932617
42,150,16.0,19.479715
42,151,15.0,17.42994
42,152,14.0,16.359386
42,153,13.0,15.426093
42,154,12.0,14.438524
42,155,11.0,12.735512
42,156,10.0,12.241617
43,30,201.0,103.98103
43,31,200.0,122.97887
43,32,199.0,123.07491
43,33,198.0,127.03173
43,34,197.0,126.36927
43,35,196.0,126.58896
43,36,195.0,125.264114
43,37,194.0,125.41972
43,38,193.0,131.44229
43,39,192.0,131.38972
43,40,191.0,131.82994
43,41,190.0,131.3174
43,42,189.0,134.22794
43,43,188.0,135.85028
43,44,187.0,137.16072
43,45,186.0,132.40637
43,46,185.0,122.99373
43,47,184.0,130.35576
43,48,183.0,133.25272
43,49,182.0,135.34177
43,50,181.0,134.25278
43,51,180.0,131.26945
43,52,179.0,123.18498
43,53,178.0,120.74794
43,54,177.0,119.01315
43,55,176.0,119.50279
43,56,175.0,117.8192
43,57,174.0,115.82054
43,58,173.0,121.29375
43,59,172.0,124.75037
43,60,171.0,131.46312
43,61,170.0,133.62283
43,62,169.0,134.94075
43,63,168.0,131.27177
43,64,167.0,132.20302
43,65,166.0,127.29087
43,66,165.0,131.33488
43,67,164.0,130.98761
43,68,163.0,133.90569
43,69,162.0,131.7803
43,70,161.0,131.16708
43,71,160.0,128.17679
43,72,159.0,129.25267
43,73,158.0,124.54688
43,74,157.0,106.83259
43,75,156.0,108.83539
43,76,155.0,114.30555
43,77,154.0,121.69204
43,78,153.0,134.857
43,79,152.0,134.48433
43,80,151.0,132.25743
43,81,150.0,130.04579
43,82,149.0,126.90839
43,83,148.0,129.55513
43,84,147.0,130.4608
43,85,146.0,134.11021
43,86,145.0,132.87059
43,87,144.0,133.78444
43,88,143.0,133.83824
43,89,142.0,133.68587
43,90,141.0,133.54576
43,91,140.0,131.17226
43,92,139.0,126.50841
43,93,138.0,120.018456
43,94,137.0,115.366776
43,95,136.0,108.68559
43,96,135.0,106.94299
43,97,134.0,110.65175
43,98,133.0,114.04736
43,99,132.0,121.4159
43,100,131.0,122.53043
43,101,130.0,110.067276
43,102,129.0,95.59422
43,103,128.0,79.46764
43,104,127.0,75.54259
43,105,126.0,68.20438
43,106,125.0,67.36881
43,107,124.0,65.61029
43,108,123.0,67.76132
43,109,122.0,76.07184
43,110,121.0,72.721954
43,111,120.0,76.34999
43,112,119.0,74.848495
43,113,118.0,75.77286
43,114,117.0,79.83276
43,115,116.0,93.39999
43,116,115.0,102.45497
43,117,114.0,104.71713
43,118,113.0,124.12902
43,119,112.0,126.62355
43,120,111.0,123.71431
43,121,110.0,116.313354
43,122,109.0,121.10998
43,123,108.0,128.03352
43,124,107.0,129.10661
43,125,106.0,130.78598
43,126,105.0,130.81702
43,127,104.0,131.74098
43,128,103.0,132.60324
43,129,102.0,131.45169
43,130,101.0,128.47191
43,131,100.0,127.994194
43,132,99.0,126.72278
43,133,98.0,127.40705
43,134,97.0,126.05421
43,135,96.0,123.62975
43,136,95.0,119.86952
43,137,94.0,117.38364
43,138,93.0,122.96683
43,139,92.0,114.03249
43,140,91.0,117.4385
43,141,90.0,114.375725
43,142,89.0,115.21352
43,143,88.0,117.505356
43,144,87.0,117.289795
43,145,86.0,117.73162
43,146,85.0,115.59325
43,147,84.0,110.33351
43,148,83.0,99.31415
43,149,82.0,89.31923
43,150,81.0,104.17877
43,151,80.0,95.40567
43,152,79.0,96.20177
43,153,78.0,112.83342
43,154,77.0,108.17363
43,155,76.0,111.56471
43,156,75.0,105.040085
43,157,74.0,100.57547
43,158,73.0,99.80821
43,159,72.0,95.51546
43,160,71.0,88.052284
43,161,70.0,101.32033
43,162,69.0,98.071754
43,163,68.0,93.2854
43,164,67.0,80.95773
43,165,66.0,76.5647
43,166,65.0,78.05997
43,167,64.0,76.30379
43,168,63.0,75.05728
43,169,62.0,73.07252
43,170,61.0,70.393166
43,171,60.0,70.93715
43,172,59.0,69.09208
44,30,133.0,132.49516
44,31,132.0,131.92903
44,32,131.0,134.15117
44,33,130.0,132.13663
44,34,129.0,134.64372
44,35,128.0,134.20537
44,36,127.0,133.23628
44,37,126.0,135.41728
44,38,125.0,134.00262
44,39,124.0,132.92252
44,40,123.0,125.802
44,41,122.0,121.44828
44,42,121.0,113.44178
44,43,120.0,120.104866
44,44,119.0,132.14214
44,45,118.0,129.78922
44,46,117.0,121.59315
44,47,116.0,115.57031
44,48,115.0,114.077736
44,49,114.0,107.597046
44,50,113.0,116.80229
44,51,112.0,112.71672
44,52,111.0,107.55667
44,53,110.0,108.59976
44,54,109.0,109.89334
45,30,226.0,129.1738
45,31,226.0,129.03741
45,32,226.0,128.11923
45,33,226.0,126.60076
45,34,226.0,125.65204
45,35,226.0,126.82641
45,36,226.0,127.84738
45,37,226.0,126.12892
45,38,226.0,127.65411
45,39,226.0,127.459564
45,40,226.0,128.52867
45,41,225.0,126.24128
45,42,224.0,124.823944
45,43,223.0,127.862625
45,44,222.0,127.91687
45,45,221.0,128.53847
45,46,220.0,128.59392
45,47,219.0,127.68831
45,48,218.0,127.855804
45,49,217.0,128.73236
45,50,216.0,130.18523
45,51,215.0,128.75578
45,52,214.0,128.55171
45,53,213.0,130.16011
45,54,212.0,130.42015
45,55,211.0,129.91681
45,56,210.0,129.30595
45,57,209.0,129.46396
45,58,208.0,128.29756
45,59,207.0,129.98961
45,60,206.0,131.09196
45,61,205.0,130.49673
45,62,204.0,130.2349
45,63,203.0,129.34122
45,64,202.0,127.98711
45,65,201.0,125.153366
45,66,200.0,123.35272
45,67,199.0,122.122795
45,68,198.0,122.81836
45,69,197.0,125.318886
45,70,196.0,124.10777
45,71,195.0,123.258835
45,72,194.0,122.684296
45,73,193.0,125.48815
45,74,192.0,126.16266
45,75,191.0,128.395
45,76,190.0,128.99776
45,77,189.0,128.54196
45,78,188.0,127.77041
45,79,187.0,127.035675
45,80,186.0,128.17128
45,81,185.0,126.82537
45,82,184.0,124.11069
45,83,183.0,123.48561
45,84,182.0,122.95166
45,85,181.0,122.133446
45,86,180.0,121.76036
45,87,179.0,120.26213
45,88,178.0,122.22724
45,89,177.0,123.28194
45,90,176.0,121.82883
45,91,175.0,123.034424
45,92,174.0,123.166695
45,93,173.0,120.73917
45,94,172.0,115.72752
45,95,171.0,117.141
45,96,170.0,112.9478
45,97,169.0,114.9521
45,98,168.0,104.53567
45,99,167.0,111.48894
45,100,166.0,112.26949
45,101,165.0,110.16918
45,102,164.0,115.18863
45,103,163.0,117.81676
45,104,162.0,117.11659
45,105,161.0,115.865326
45,106,160.0,114.29895
45,107,159.0,113.70496
45,108,158.0,111.465836
45,109,157.0,109.87054
45,110,156.0,110.83481
45,111,155.0,109.056984
45,112,154.0,109.56026
45,113,153.0,114.066666
45,114,152.0,117.56439
45,115,151.0,113.994255
45,116,150.0,113.4563
45,117,149.0,113.05698
45,118,148.0,109.38655
45,119,147.0,112.55296
45,120,146.0,110.343925
45,121,145.0,105.0121
45,122,144.0,108.49396
45,123,143.0,110.568474
45,124,142.0,105.188126
45,125,141.0,107.5559
45,126,140.0,108.962234
45,127,139.0,111.62634
45,128,138.0,111.4487
45,129,137.0,106.072815
45,130,136.0,109.03464
45,131,135.0,110.08113
45,132,134.0,111.22804
45,133,133.0,111.4014
45,134,132.0,109.5569
45,135,131.0,110.17673
45,136,130.0,105.778336
45,137,129.0,100.40936
45,138,128.0,91.999405
45,139,127.0,85.71838
45,140,126.0,94.02152
45,141,125.0,88.90398
45,142,124.0,97.924706
45,143,123.0,107.157196
45,144,122.0,107.72414
45,145,121.0,110.66492
45,146,120.0,110.1431
45,147,119.0,109.147644
45,148,118.0,98.15898
45,149,117.0,97.473236
45,150,116.0,90.0316
45,151,115.0,92.15741
45,152,114.0,95.955124
46,30,163.0,134.35312
46,31,162.0,135.60735
46,32,161.0,135.82811
46,33,160.0,135.16948
46,34,159.0,134.80553
46,35,158.0,133.63124
46,36,157.0,130.69887
46,37,156.0,125.13272
46,38,155.0,121.27451
46,39,154.0,127.35446
46,40,153.0,124.659645
46,41,152.0,121.76816
46,42,151.0,124.45493
46,43,150.0,123.98762
46,44,149.0,121.77098
46,45,148.0,120.167206
46,46,147.0,123.69253
46,47,146.0,126.85309
46,48,145.0,126.2274
46,49,144.0,126.58282
46,50,143.0,126.34155
46,51,142.0,122.32038
46,52,141.0,121.44087
46,53,140.0,123.67643
46,54,139.0,120.999916
46,55,138.0,122.83259
46,56,137.0,121.68258
46,57,136.0,120.57536
46,58,135.0,125.69585
46,59,134.0,128.09985
46,60,133.0,131.68489
46,61,132.0,131.45332
46,62,131.0,131.27187
46,63,130.0,130.6083
46,64,129.0,130.23329
46,65,128.0,130.49043
46,66,127.0,129.53185
46,67,126.0,129.68066
46,68,125.0,129.33696
46,69,124.0,131.04414
46,70,123.0,130.52953
46,71,122.0,129.54756
46,72,121.0,129.37178
46,73,120.0,127.73097
46,74,119.0,128.9055
46,75,118.0,128.77676
46,76,117.0,129.60039
46,77,116.0,130.74219
46,78,115.0,128.7084
46,79,114.0,127.12731
46,80,113.0,126.03417
46,81,112.0,127.9314
46,82,111.0,127.06113
46,83,110.0,128.48906
46,84,109.0,128.29117
46,85,108.0,126.6485
46,86,107.0,124.013245
46,87,106.0,121.39953
46,88,105.0,124.3353
46,89,104.0,114.45686
46,90,103.0,120.35975
46,91,102.0,109.64811
46,92,101.0,108.53168
46,93,100.0,101.741974
46,94,99.0,104.76466
46,95,98.0,103.097725
46,96,97.0,109.297455
46,97,96.0,99.36466
46,98,95.0,104.79648
46,99,94.0,105.50815
46,100,93.0,94.53625
46,101,92.0,95.37077
46,102,91.0,94.926
46,103,90.0,96.84175
46,104,89.0,104.25578
46,105,88.0,110.62457
46,106,87.0,111.839935
46,107,86.0,106.684105
46,108,85.0,100.5613
46,109,84.0,92.89261
46,110,83.0,91.27884
46,111,82.0,88.968796
46,112,81.0,98.78262
46,113,80.0,101.49608
46,114,79.0,96.576614
46,115,78.0,94.316826
46,116,77.0,96.31902
46,117,76.0,92.309746
46,118,75.0,91.16033
46,119,74.0,91.94888
46,120,73.0,90.05177
46,121,72.0,83.31242
46,122,71.0,82.53218
46,123,70.0,76.93103
46,124,69.0,80.2287
46,125,68.0,77.70062
46,126,67.0,73.66715
46,127,66.0,78.67685
46,128,65.0,73.27682
46,129,64.0,73.26778
46,130,63.0,68.15812
46,131,62.0,65.44723
46,132,61.0,62.06463
46,133,60.0,58.912483
46,134,59.0,62.839355
46,135,58.0,67.12769
46,136,57.0,60.45032
46,137,56.0,59.3107
46,138,55.0,58.533195
46,139,54.0,56.89182
46,140,53.0,54.67411
46,141,52.0,53.965614
46,142,51.0,49.19784
46,143,50.0,48.78292
46,144,49.0,47.798576
46,145,48.0,42.53981
46,146,47.0,42.651802
47,30,178.0,122.55513
47,31,177.0,121.78796
47,32,176.0,119.187164
47,33,175.0,114.17865
47,34,174.0,111.596275
47,35,173.0,112.781876
47,36,172.0,118.911804
47,37,171.0,121.02485
47,38,170.0,123.05722
47,39,169.0,125.61882
47,40,168.0,124.176315
47,41,167.0,126.13335
47,42,166.0,127.98648
47,43,165.0,126.61073
47,44,164.0,123.96493
47,45,163.0,124.271
47,46,162.0,121.49
47,47,161.0,120.67396
47,48,160.0,125.0302
47,49,159.0,123.88597
47,50,158.0,123.5054
47,51,157.0,122.288
47,52,156.0,124.208755
47,53,155.0,124.07167
47,54,154.0,126.840996
47,55,153.0,129.2917
47,56,152.0,129.36543
47,57,151.0,125.468056
47,58,150.0,118.86546
47,59,149.0,120.56099
47,60,148.0,119.167274
47,61,147.0,118.04006
47,62,146.0,116.02861
47,63,145.0,117.370605
47,64,144.0,113.52701
47,65,143.0,116.45308
47,66,142.0,115.12204
47,67,141.0,111.5801
47,68,140.0,116.33957
47,69,139.0,122.162895
47,70,138.0,123.90135
47,71,137.0,122.00074
47,72,136.0,113.39552
47,73,135.0,113.544525
48,30,140.0,130.22047
48,31,139.0,130.37175
48,32,138.0,128.1592
48,33,137.0,128.83316
48,34,136.0,126.848404
48,35,135.0,126.923615
48,36,134.0,124.41783
48,37,133.0,122.58365
48,38,132.0,127.41931
48,39,131.0,122.61322
48,40,130.0,126.56
48,41,129.0,122.40561
48,42,128.0,129.16283
48,43,127.0,131.40117
48,44,126.0,131.83948
48,45,125.0,131.85283
48,46,124.0,133.2832
48,47,123.0,134.76994
48,48,122.0,135.1292
48,49,121.0,134.51004
48,50,120.0,133.35881
48,51,119.0,132.5461
48,52,118.0,132.95573
48,53,117.0,133.21355
48,54,116.0,134.401
48,55,115.0,134.78435
48,56,114.0,133.86426
48,57,113.0,133.99834
48,58,112.0,134.08339
48,59,111.0,133.36322
48,60,110.0,132.8624
48,61,109.0,134.27469
48,62,108.0,132.52821
48,63,107.0,129.19736
48,64,106.0,127.57707
48,65,105.0,121.98958
48,66,104.0,116.2863
48,67,103.0,126.44789
48,68,102.0,125.96746
48,69,101.0,123.46532
48,70,100.0,126.29988
48,71,99.0,125.29297
48,72,98.0,123.42956
48,73,97.0,108.64142
48,74,96.0,96.90614
48,75,95.0,92.43245
48,76,94.0,109.23366
48,77,93.0,111.488075
48,78,92.0,98.32257
49,30,226.0,126.5831
49,31,226.0,124.31438
49,32,226.0,129.93053
49,33,226.0,132.688
49,34,226.0,132.36852
49,35,226.0,130.70111
49,36,226.0,131.78423
49,37,226.0,128.74577
49,38,226.0,128.10553
49,39,226.0,125.944176
49,40,226.0,131.19765
49,41,226.0,131.92342
49,42,226.0,129.00368
49,43,226.0,130.2945
49,44,226.0,120.68441
49,45,226.0,117.169106
49,46,226.0,115.995636
49,47,226.0,107.39335
49,48,226.0,110.43392
49,49,226.0,114.73942
49,50,226.0,118.8263
49,51,226.0,124.1808
49,52,226.0,120.14028
49,53,226.0,123.145706
49,54,226.0,124.465836
49,55,226.0,117.096016
49,56,226.0,119.08666
49,57,226.0,126.7684
49,58,226.0,125.41902
49,59,226.0,126.894485
49,60,226.0,129.55675
49,61,226.0,135.81163
49,62,226.0,133.78131
49,63,226.0,134.21355
49,64,226.0,133.51161
49,65,226.0,134.6266
49,66,226.0,132.80005
49,67,226.0,134.26108
49,68,226.0,133.09378
49,69,226.0,129.91219
49,70,226.0,129.45195
49,71,226.0,132.90895
49,72,226.0,134.26991
49,73,226.0,135.74132
49,74,226.0,136.40166
49,75,226.0,135.85233
49,76,226.0,129.56952
49,77,226.0,131.12627
49,78,226.0,132.74603
49,79,226.0,132.03705
49,80,226.0,131.45009
49,81,226.0,129.3441
49,82,226.0,125.9468
49,83,226.0,121.184
49,84,226.0,128.12291
49,85,226.0,129.83882
49,86,226.0,132.88966
49,87,226.0,132.56749
49,88,226.0,126.98483
49,89,226.0,115.08345
49,90,226.0,115.748795
49,91,226.0,122.36515
49,92,226.0,129.16159
49,93,226.0,126.96358
49,94,226.0,122.7314
49,95,226.0,117.19466
49,96,226.0,117.61641
49,97,226.0,125.27179
49,98,226.0,126.7303
49,99,225.0,122.75743
49,100,224.0,121.22979
49,101,223.0,124.29395
49,102,222.0,123.76418
49,103,221.0,114.93213
49,104,220.0,122.00023
49,105,219.0,118.88639
49,106,218.0,122.96835
49,107,217.0,125.64438
49,108,216.0,123.83737
49,109,215.0,124.94571
49,110,214.0,126.17987
49,111,213.0,130.30583
49,112,212.0,124.261734
49,113,211.0,110.46606
49,114,210.0,116.95535
49,115,209.0,125.7193
49,116,208.0,133.1742
49,117,207.0,127.20629
49,118,206.0,126.18559
49,119,205.0,123.582016
49,120,204.0,122.205124
49,121,203.0,123.260956
49,122,202.0,118.66417
49,123,201.0,107.31733
49,124,200.0,105.79742
49,125,199.0,104.90016
49,126,198.0,109.8071
49,127,197.0,121.45518
49,128,196.0,117.50753
49,129,195.0,117.203224
49,130,194.0,110.35654
49,131,193.0,110.89547
49,132,192.0,108.683586
49,133,191.0,121.22194
49,134,190.0,112.16326
49,135,189.0,117.65313
49,136,188.0,119.172516
49,137,187.0,123.54072
49,138,186.0,117.148056
49,139,185.0,120.68221
49,140,184.0,119.81494
49,141,183.0,122.27467
49,142,182.0,110.12473
49,143,181.0,108.52986
49,144,180.0,119.030624
49,145,179.0,114.76544
49,146,178.0,116.20432
49,147,177.0,118.3135
49,148,176.0,123.79504
49,149,175.0,124.30275
49,150,174.0,124.167816
49,151,173.0,120.54036
49,152,172.0,119.78702
49,153,171.0,114.24396
49,154,170.0,115.45907
49,155,169.0,117.042465
49,156,168.0,123.75091
49,157,167.0,127.86917
49,158,166.0,127.611145
49,159,165.0,122.44759
49,160,164.0,123.596695
49,161,163.0,120.96628
49,162,162.0,122.36587
49,163,161.0,122.13153
49,164,160.0,120.21965
49,165,159.0,112.463425
49,166,158.0,109.101105
49,167,157.0,111.81672
49,168,156.0,105.10121
49,169,155.0,99.67436
49,170,154.0,94.492676
49,171,153.0,97.52867
49,172,152.0,99.88596
49,173,151.0,100.178375
49,174,150.0,103.08574
49,175,149.0,97.70128
49,176,148.0,100.82867
49,177,147.0,101.00911
49,178,146.0,96.46325
49,179,145.0,103.089645
49,180,144.0,104.13159
49,181,143.0,105.28485
49,182,142.0,106.328896
49,183,141.0,105.07623
49,184,140.0,99.52495
49,185,139.0,98.79295
49,186,138.0,99.81098
49,187,137.0,95.83209
49,188,136.0,98.826515
49,189,135.0,106.87483
49,190,134.0,111.30808
49,191,133.0,113.45421
49,192,132.0,117.17221
49,193,131.0,122.44849
49,194,130.0,106.90776
49,195,129.0,101.03528
49,196,128.0,104.42163
49,197,127.0,106.82008
49,198,126.0,108.05667
49,199,125.0,105.03653
49,200,124.0,107.04824
49,201,123.0,116.00801
49,202,122.0,112.06614
49,203,121.0,99.51546
49,204,120.0,88.89374
49,205,119.0,96.643005
49,206,118.0,90.882614
49,207,117.0,93.02188
49,208,116.0,105.24922
49,209,115.0,98.10889
49,210,114.0,101.134415
49,211,113.0,95.53012
49,212,112.0,86.09776
49,213,111.0,86.92461
49,214,110.0,79.0963
49,215,109.0,77.03864
49,216,108.0,85.42811
49,217,107.0,88.540985
49,218,106.0,99.53735
49,219,105.0,98.98364
49,220,104.0,109.742
49,221,103.0,116.25369
49,222,102.0,112.98835
49,223,101.0,114.06534
49,224,100.0,120.15837
49,225,99.0,121.8423
49,226,98.0,119.028824
49,227,97.0,115.895355
49,228,96.0,115.05221
49,229,95.0,117.44474
49,230,94.0,123.51831
49,231,93.0,122.9979
49,232,92.0,124.09322
49,233,91.0,125.66692
49,234,90.0,121.35295
49,235,89.0,115.20474
49,236,88.0,117.44763
49,237,87.0,116.30148
49,238,86.0,116.146454
49,239,85.0,109.125114
49,240,84.0,105.38731
49,241,83.0,96.366806
49,242,82.0,91.18435
49,243,81.0,76.00597
49,244,80.0,65.33192
49,245,79.0,65.82611
49,246,78.0,64.08207
49,247,77.0,61.259094
49,248,76.0,69.02439
49,249,75.0,80.40372
49,250,74.0,87.39697
49,251,73.0,77.99529
49,252,72.0,83.06705
49,253,71.0,86.50312
49,254,70.0,83.70283
49,255,69.0,79.98435
49,256,68.0,84.374535
49,257,67.0,82.42032
49,258,66.0,71.50753
49,259,65.0,72.370155
49,260,64.0,78.4783
49,261,63.0,88.1703
49,262,62.0,93.92058
49,263,61.0,86.34085
49,264,60.0,95.880646
49,265,59.0,99.62773
49,266,58.0,96.262184
49,267,57.0,86.93611
49,268,56.0,80.75664
49,269,55.0,79.120636
49,270,54.0,65.35373
49,271,53.0,59.645523
49,272,52.0,59.030693
49,273,51.0,50.58355
49,274,50.0,53.833183
49,275,49.0,52.755287
49,276,48.0,51.87213
49,277,47.0,48.614513
49,278,46.0,48.033333
49,279,45.0,40.86039
49,280,44.0,41.902084
49,281,43.0,42.932453
49,282,42.0,41.392124
49,283,41.0,40.76152
49,284,40.0,44.197346
49,285,39.0,46.89823
49,286,38.0,43.464966
49,287,37.0,39.782665
49,288,36.0,35.98034
49,289,35.0,29.581175
49,290,34.0,26.568481
49,291,33.0,28.748142
49,292,32.0,28.60002
49,293,31.0,28.374119
49,294,30.0,23.269958
49,295,29.0,22.387184
49,296,28.0,21.7416
49,297,27.0,21.027542
49,298,26.0,19.449165
49,299,25.0,17.923717
49,300,24.0,15.652071
49,301,23.0,15.114854
49,302,22.0,14.737413
49,303,21.0,13.956444
50,30,123.0,121.31952
50,31,122.0,122.56676
50,32,121.0,121.02271
50,33,120.0,123.94641
50,34,119.0,128.49583
50,35,118.0,124.09781
50,36,117.0,123.31958
50,37,116.0,125.587875
50,38,115.0,125.13718
50,39,114.0,127.94931
50,40,113.0,125.96483
50,41,112.0,125.78664
50,42,111.0,121.25751
50,43,110.0,121.96796
50,44,109.0,118.65535
50,45,108.0,113.329575
50,46,107.0,111.13454
50,47,106.0,102.033104
50,48,105.0,101.5513
50,49,104.0,95.96424
50,50,103.0,101.60908
50,51,102.0,102.59459
50,52,101.0,108.2115
50,53,100.0,102.982285
50,54,99.0,113.16755
50,55,98.0,117.43566
50,56,97.0,123.82446
50,57,96.0,119.16135
50,58,95.0,116.0676
50,59,94.0,112.41803
50,60,93.0,104.622665
50,61,92.0,99.92609
50,62,91.0,90.7421
50,63,90.0,97.72266
50,64,89.0,99.03749
50,65,88.0,102.511055
50,66,87.0,95.84306
50,67,86.0,109.266525
50,68,85.0,112.418846
50,69,84.0,114.20856
50,70,83.0,106.57588
50,71,82.0,103.33255
50,72,81.0,103.370705
50,73,80.0,101.30993
50,74,79.0,96.70792
51,30,226.0,126.83415
51,31,226.0,122.69241
51,32,226.0,113.67396
51,33,225.0,103.051575
51,34,224.0,106.79069
51,35,223.0,112.65188
51,36,222.0,117.767044
51,37,221.0,127.55013
51,38,220.0,129.80992
51,39,219.0,131.33429
51,40,218.0,131.65776
51,41,217.0,130.41452
51,42,216.0,125.78499
51,43,215.0,126.56413
51,44,214.0,115.92854
51,45,213.0,108.196304
51,46,212.0,99.83325
51,47,211.0,110.6069
51,48,210.0,115.35316
51,49,209.0,124.3429
51,50,208.0,129.8814
51,51,207.0,132.92882
51,52,206.0,135.48442
51,53,205.0,134.03395
51,54,204.0,135.44995
51,55,203.0,133.23984
51,56,202.0,132.88646
51,57,201.0,133.66368
51,58,200.0,133.86617
51,59,199.0,135.36192
51,60,198.0,134.0738
51,61,197.0,135.06041
51,62,196.0,133.50186
51,63,195.0,132.4833
51,64,194.0,134.92789
51,65,193.0,134.77824
51,66,192.0,136.5066
51,67,191.0,135.0125
51,68,190.0,134.8845
51,69,189.0,135.59145
51,70,188.0,133.6739
51,71,187.0,133.94724
51,72,186.0,134.24373
51,73,185.0,132.45
51,74,184.0,131.83037
51,75,183.0,121.8322
51,76,182.0,118.55214
51,77,181.0,124.39883
51,78,180.0,126.866196
51,79,179.0,114.312584
51,80,178.0,118.325424
51,81,177.0,111.11386
51,82,176.0,115.92186
51,83,175.0,121.50052
51,84,174.0,126.142395
51,85,173.0,127.033394
51,86,172.0,129.42152
51,87,171.0,131.01074
51,88,170.0,128.47182
51,89,169.0,120.99462
51,90,168.0,110.50209
51,91,167.0,110.469376
51,92,166.0,107.170654
51,93,165.0,91.57381
51,94,164.0,94.15149
51,95,163.0,84.50624
51,96,162.0,79.85664
51,97,161.0,73.02211
51,98,160.0,70.134384
51,99,159.0,69.46467
51,100,158.0,78.68848
51,101,157.0,91.68881
51,102,156.0,103.71861
51,103,155.0,103.76228
51,104,154.0,113.27948
51,105,153.0,111.39802
51,106,152.0,114.232765
51,107,151.0,120.80846
51,108,150.0,129.27423
51,109,149.0,132.26659
51,110,148.0,132.51213
51,111,147.0,133.097
51,112,146.0,133.05147
51,113,145.0,133.62346
51,114,144.0,133.76065
51,115,143.0,134.4682
51,116,142.0,135.98387
51,117,141.0,137.12952
51,118,140.0,137.0456
51,119,139.0,136.18993
51,120,138.0,135.47797
51,121,137.0,135.49808
51,122,136.0,132.73863
51,123,135.0,130.85867
51,124,134.0,128.67104
51,125,133.0,114.80956
51,126,132.0,108.842735
51,127,131.0,110.557594
51,128,130.0,112.7865
51,129,129.0,105.81188
51,130,128.0,103.786316
51,131,127.0,91.97958
51,132,126.0,88.8172
51,133,125.0,106.31761
51,134,124.0,101.070244
51,135,123.0,93.04094
51,136,122.0,79.680214
51,137,121.0,85.13803
51,138,120.0,101.990845
51,139,119.0,109.64151
51,140,118.0,112.84988
51,141,117.0,114.20069
51,142,116.0,107.90251
51,143,115.0,115.69423
51,144,114.0,116.679474
52,30,188.0,139.31352
52,31,187.0,139.19644
52,32,186.0,140.13216
52,33,185.0,139.61266
52,34,184.0,138.76138
52,35,183.0,138.59839
52,36,182.0,138.62714
52,37,181.0,140.22166
52,38,180.0,139.12791
52,39,179.0,139.50261
52,40,178.0,139.20523
52,41,177.0,138.05861
52,42,176.0,139.01085
52,43,175.0,138.84538
52,44,174.0,138.949
52,45,173.0,139.16652
52,46,172.0,138.08917
52,47,171.0,134.7562
52,48,170.0,137.0742
52,49,169.0,134.43655
52,50,168.0,137.93489
52,51,167.0,136.15639
52,52,166.0,134.70433
52,53,165.0,132.83357
52,54,164.0,135.02823
52,55,163.0,132.4906
52,56,162.0,135.60837
52,57,161.0,137.23169
52,58,160.0,132.74324
52,59,159.0,130.8779
52,60,158.0,133.96025
52,61,157.0,134.27766
52,62,156.0,135.1048
52,63,155.0,134.21638
52,64,154.0,132.19223
52,65,153.0,130.8186
52,66,152.0,132.1269
52,67,151.0,131.94118
52,68,150.0,133.42088
52,69,149.0,134.16507
52,70,148.0,134.52206
52,71,147.0,134.648
52,72,146.0,131.55937
52,73,145.0,132.92943
52,74,144.0,130.42598
52,75,143.0,131.5736
52,76,142.0,134.1306
52,77,141.0,131.35245
52,78,140.0,134.44238
52,79,139.0,133.38426
52,80,138.0,130.81564
52,81,137.0,129.43742
52,82,136.0,129.91745
52,83,135.0,132.57964
52,84,134.0,135.23024
52,85,133.0,134.80928
52,86,132.0,134.27467
52,87,131.0,133.83734
52,88,130.0,134.17252
52,89,129.0,135.21242
52,90,128.0,131.46077
52,91,127.0,134.70622
52,92,126.0,129.5231
52,93,125.0,128.18665
52,94,124.0,127.83769
52,95,123.0,128.68169
52,96,122.0,124.81133
52,97,121.0,125.86071
52,98,120.0,129.13052
52,99,119.0,124.8927
52,100,118.0,124.685646
52,101,117.0,118.24849
52,102,116.0,120.231544
52,103,115.0,126.3973
52,104,114.0,127.890274
52,105,113.0,130.18497
52,106,112.0,132.26266
52,107,111.0,127.7189
52,108,110.0,124.50594
52,109,109.0,121.39867
52,110,108.0,118.92707
52,111,107.0,118.85831
52,112,106.0,118.069595
52,113,105.0,112.18268
52,114,104.0,123.335236
52,115,103.0,117.94943
52,116,102.0,118.74458
52,117,101.0,115.211685
52,118,100.0,115.757195
52,119,99.0,118.44173
52,120,98.0,117.72518
52,121,97.0,113.6552
52,122,96.0,108.794
52,123,95.0,108.96446
52,124,94.0,108.87588
52,125,93.0,118.00084
52,126,92.0,121.59991
52,127,91.0,121.81207
52,128,90.0,119.26295
52,129,89.0,117.64417
52,130,88.0,118.95202
52,131,87.0,123.53524
52,132,86.0,118.00668
52,133,85.0,116.27254
52,134,84.0,120.07532
52,135,83.0,109.290146
52,136,82.0,111.46245
52,137,81.0,96.93766
52,138,80.0,98.14769
52,139,79.0,93.54724
52,140,78.0,88.1083
52,141,77.0,83.49965
52,142,76.0,78.68091
52,143,75.0,80.534805
52,144,74.0,82.63782
52,145,73.0,84.27316
52,146,72.0,89.27619
52,147,71.0,82.21909
52,148,70.0,82.305984
52,149,69.0,86.36225
52,150,68.0,79.76956
52,151,67.0,80.24217
52,152,66.0,79.332726
52,153,65.0,73.92069
52,154,64.0,71.444824
52,155,63.0,68.56902
52,156,62.0,63.659035
52,157,61.0,70.63174
52,158,60.0,70.68887
52,159,59.0,68.44229
52,160,58.0,73.983826
52,161,57.0,73.33412
52,162,56.0,70.466415
52,163,55.0,72.97386
52,164,54.0,72.7274
52,165,53.0,65.8454
52,166,52.0,67.530304
52,167,51.0,68.255325
52,168,50.0,71.58902
52,169,49.0,70.83774
52,170,48.0,63.535065
52,171,47.0,59.33857
52,172,46.0,55.852768
52,173,45.0,55.079155
52,174,44.0,52.78602
52,175,43.0,51.89354
52,176,42.0,52.860203
52,177,41.0,54.73147
52,178,40.0,50.871372
52,179,39.0,52.184746
52,180,38.0,56.364098
52,181,37.0,51.84848
52,182,36.0,48.834
52,183,35.0,48.67534
52,184,34.0,46.378647
52,185,33.0,46.2312
52,186,32.0,46.235443
52,187,31.0,43.845757
52,188,30.0,42.82532
52,189,29.0,38.780792
53,30,160.0,124.54178
53,31,159.0,129.5417
53,32,158.0,130.95277
53,33,157.0,132.80179
53,34,156.0,128.77295
53,35,155.0,130.57906
53,36,154.0,131.49998
53,37,153.0,126.630135
53,38,152.0,122.012726
53,39,151.0,120.7393
53,40,150.0,127.5991
53,41,149.0,127.802505
53,42,148.0,123.49725
53,43,147.0,123.56369
53,44,146.0,126.95046
53,45,145.0,131.67989
53,46,144.0,129.27113
53,47,143.0,128.98341
53,48,142.0,127.56945
53,49,141.0,123.61269
53,50,140.0,105.93674
53,51,139.0,108.837326
53,52,138.0,106.746414
53,53,137.0,106.29454
53,54,136.0,97.69165
53,55,135.0,95.92894
53,56,134.0,93.88274
53,57,133.0,100.32082
53,58,132.0,98.26369
53,59,131.0,98.977325
53,60,130.0,98.891205
53,61,129.0,102.25792
53,62,128.0,107.00999
53,63,127.0,100.757645
53,64,126.0,100.53828
53,65,125.0,105.58745
53,66,124.0,100.1559
53,67,123.0,95.55232
53,68,122.0,92.32172
53,69,121.0,94.12259
53,70,120.0,94.80674
53,71,119.0,90.04158
53,72,118.0,99.17361
53,73,117.0,97.73538
53,74,116.0,108.4845
53,75,115.0,119.42141
53,76,114.0,122.254196
53,77,113.0,115.7436
53,78,112.0,117.20938
53,79,111.0,112.884346
53,80,110.0,121.046875
53,81,109.0,128.14795
53,82,108.0,127.112366
53,83,107.0,125.67932
53,84,106.0,124.59234
53,85,105.0,123.004364
53,86,104.0,125.92182
53,87,103.0,128.50804
53,88,102.0,127.08593
53,89,101.0,126.7544
53,90,100.0,127.26186
53,91,99.0,128.18056
53,92,98.0,130.1434
53,93,97.0,127.69687
53,94,96.0,131.64384
53,95,95.0,126.07739
53,96,94.0,123.6402
53,97,93.0,121.18259
53,98,92.0,114.94149
53,99,91.0,119.33946
53,100,90.0,113.28802
53,101,89.0,121.51035
53,102,88.0,116.8353
53,103,87.0,122.564575
53,104,86.0,125.08425
53,105,85.0,126.87175
53,106,84.0,126.21605
53,107,83.0,124.166336
53,108,82.0,127.02372
53,109,81.0,123.92369
53,110,80.0,127.295906
53,111,79.0,128.91982
53,112,78.0,130.94618
53,113,77.0,130.74481
53,114,76.0,126.10172
53,115,75.0,125.509125
53,116,74.0,124.483734
53,117,73.0,125.89244
53,118,72.0,120.13173
53,119,71.0,118.96547
53,120,70.0,94.26629
53,121,69.0,86.647064
53,122,68.0,91.64371
53,123,67.0,82.41042
53,124,66.0,72.79848
53,125,65.0,68.39055
53,126,64.0,62.092216
53,127,63.0,59.78361
53,128,62.0,57.321968
53,129,61.0,61.13855
53,130,60.0,60.64511
53,131,59.0,66.85245
53,132,58.0,68.27576
53,133,57.0,68.12073
53,134,56.0,70.26326
53,135,55.0,65.096954
53,136,54.0,67.2215
53,137,53.0,65.75734
53,138,52.0,63.133125
53,139,51.0,71.930046
53,140,50.0,66.840164
53,141,49.0,62.12936
53,142,48.0,70.016556
53,143,47.0,70.317894
53,144,46.0,72.829506
53,145,45.0,70.24916
53,146,44.0,77.612785
53,147,43.0,73.62959
53,148,42.0,66.0468
53,149,41.0,61.21257
53,150,40.0,61.465862
53,151,39.0,59.639072
53,152,38.0,55.989017
53,153,37.0,55.53039
53,154,36.0,51.06492
53,155,35.0,51.00312
53,156,34.0,49.103447
53,157,33.0,47.032253
53,158,32.0,46.019596
53,159,31.0,44.345406
53,160,30.0,45.965637
53,161,29.0,41.2159
53,162,28.0,40.351067
53,163,27.0,40.42003
53,164,26.0,38.16651
54,30,188.0,134.9621
54,31,187.0,136.1168
54,32,186.0,135.43326
54,33,185.0,136.12215
54,34,184.0,137.65974
54,35,183.0,136.30072
54,36,182.0,134.06194
54,37,181.0,129.74359
54,38,180.0,131.3879
54,39,179.0,133.13774
54,40,178.0,134.17314
54,41,177.0,134.94485
54,42,176.0,134.00664
54,43,175.0,133.08665
54,44,174.0,133.00876
54,45,173.0,133.71268
54,46,172.0,135.93652
54,47,171.0,134.19421
54,48,170.0,136.05167
54,49,169.0,136.12776
54,50,168.0,134.57649
54,51,167.0,130.98875
54,52,166.0,130.86713
54,53,165.0,129.72316
54,54,164.0,132.10703
54,55,163.0,134.91321
54,56,162.0,133.40765
54,57,161.0,135.54263
54,58,160.0,135.47258
54,59,159.0,134.19487
54,60,158.0,132.16936
54,61,157.0,132.67291
54,62,156.0,133.82402
54,63,155.0,134.23723
54,64,154.0,135.22807
54,65,153.0,136.34764
54,66,152.0,132.01375
54,67,151.0,132.915
54,68,150.0,134.27138
54,69,149.0,134.28052
54,70,148.0,133.2889
54,71,147.0,132.3862
54,72,146.0,130.8032
54,73,145.0,133.75735
54,74,144.0,129.45589
54,75,143.0,128.58139
54,76,142.0,131.43674
54,77,141.0,131.73068
54,78,140.0,125.67766
54,79,139.0,125.6326
54,80,138.0,130.45195
54,81,137.0,133.78935
54,82,136.0,135.78922
54,83,135.0,134.67503
54,84,134.0,135.40004
54,85,133.0,131.29399
54,86,132.0,130.96458
54,87,131.0,132.02599
54,88,130.0,133.83287
54,89,129.0,134.56142
54,90,128.0,130.64435
54,91,127.0,131.18515
54,92,126.0,130.88771
54,93,125.0,131.70148
54,94,124.0,130.03658
54,95,123.0,130.3733
54,96,122.0,130.6017
54,97,121.0,132.0413
54,98,120.0,133.72368
54,99,119.0,133.60814
54,100,118.0,130.96367
54,101,117.0,122.18062
54,102,116.0,121.10037
54,103,115.0,114.5997
54,104,114.0,121.57578
54,105,113.0,122.39384
54,106,112.0,115.92944
54,107,111.0,110.65556
54,108,110.0,118.421394
54,109,109.0,111.09245
54,110,108.0,108.74118
54,111,107.0,101.5809
54,112,106.0,102.844666
54,113,105.0,107.37894
54,114,104.0,103.451645
54,115,103.0,109.87448
54,116,102.0,119.53403
54,117,101.0,120.434525
54,118,100.0,115.44178
54,119,99.0,110.87624
54,120,98.0,107.36621
54,121,97.0,111.928215
55,30,220.0,118.7617
55,31,219.0,116.80536
55,32,218.0,120.98765
55,33,217.0,114.58401
55,34,216.0,114.80997
55,35,215.0,121.30951
55,36,214.0,116.2043
55,37,213.0,114.269394
55,38,212.0,117.63784
55,39,211.0,116.548584
55,40,210.0,114.123566
55,41,209.0,106.283455
55,42,208.0,98.998245
55,43,207.0,99.2001
55,44,206.0,101.53991
55,45,205.0,103.74231
55,46,204.0,115.13019
55,47,203.0,109.11427
55,48,202.0,109.54198
55,49,201.0,108.22058
55,50,200.0,106.257706
55,51,199.0,111.9205
55,52,198.0,105.59836
55,53,197.0,102.12154
55,54,196.0,108.276146
55,55,195.0,114.28041
55,56,194.0,107.61462
55,57,193.0,115.42771
55,58,192.0,108.447556
55,59,191.0,119.22703
55,60,190.0,123.385284
55,61,189.0,123.52759
55,62,188.0,124.65156
55,63,187.0,118.65673
55,64,186.0,127.28987
55,65,185.0,129.51665
55,66,184.0,122.86997
55,67,183.0,129.99275
55,68,182.0,133.8513
55,69,181.0,128.09288
55,70,180.0,119.83932
55,71,179.0,102.96607
55,72,178.0,104.45569
55,73,177.0,105.76293
55,74,176.0,111.131294
55,75,175.0,102.55675
55,76,174.0,105.466446
55,77,173.0,110.693634
55,78,172.0,118.345856
55,79,171.0,129.03398
55,80,170.0,131.47325
55,81,169.0,124.46907
55,82,168.0,117.76393
55,83,167.0,117.12414
55,84,166.0,122.4099
55,85,165.0,121.443665
55,86,164.0,123.3251
55,87,163.0,124.26797
55,88,162.0,124.43608
55,89,161.0,123.48653
55,90,160.0,121.418365
55,91,159.0,112.7648
55,92,158.0,108.79014
55,93,157.0,115.32941
55,94,156.0,117.17456
55,95,155.0,120.452835
55,96,154.0,128.79483
55,97,153.0,134.88704
55,98,152.0,132.51552
55,99,151.0,133.41998
55,100,150.0,135.41887
55,101,149.0,133.91104
55,102,148.0,130.35948
55,103,147.0,129.66628
55,104,146.0,127.829605
55,105,145.0,126.40392
55,106,144.0,124.49115
55,107,143.0,129.79636
55,108,142.0,134.2273
55,109,141.0,137.13316
55,110,140.0,134.79453
55,111,139.0,133.24274
55,112,138.0,129.6943
55,113,137.0,128.28285
56,30,121.0,120.38936
56,31,120.0,120.95437
56,32,119.0,119.49806
56,33,118.0,122.16008
56,34,117.0,116.45984
56,35,116.0,113.685196
56,36,115.0,115.7785
56,37,114.0,118.99344
56,38,113.0,119.35244
56,39,112.0,119.966255
56,40,111.0,110.28792
56,41,110.0,110.29622
56,42,109.0,109.60223
56,43,108.0,112.324295
56,44,107.0,103.723724
56,45,106.0,101.474884
56,46,105.0,100.19001
56,47,104.0,102.72565
56,48,103.0,107.72803
56,49,102.0,102.73353
56,50,101.0,90.13934
56,51,100.0,84.22838
56,52,99.0,90.19151
56,53,98.0,101.59511
56,54,97.0,100.99499
56,55,96.0,91.87731
56,56,95.0,87.07597
56,57,94.0,81.84239
56,58,93.0,78.25473
56,59,92.0,81.962944
56,60,91.0,92.473175
56,61,90.0,103.63749
56,62,89.0,107.41089
56,63,88.0,94.104095
56,64,87.0,84.12031
56,65,86.0,92.725044
56,66,85.0,102.99433
56,67,84.0,103.339165
56,68,83.0,99.81128
56,69,82.0,95.49233
56,70,81.0,96.625626
56,71,80.0,102.67458
56,72,79.0,89.364944
56,73,78.0,83.2193
56,74,77.0,71.4221
56,75,76.0,71.062004
56,76,75.0,71.732376
56,77,74.0,79.25046
56,78,73.0,80.598755
56,79,72.0,77.81035
56,80,71.0,70.50638
56,81,70.0,80.314125
56,82,69.0,84.58417
56,83,68.0,79.88698
56,84,67.0,74.06926
56,85,66.0,69.87628
56,86,65.0,68.31695
56,87,64.0,63.182243
56,88,63.0,67.22043
56,89,62.0,71.60615
56,90,61.0,75.477844
56,91,60.0,79.29289
56,92,59.0,77.574135
56,93,58.0,77.2708
56,94,57.0,81.48836
56,95,56.0,73.060555
56,96,55.0,69.37424
56,97,54.0,69.97972
56,98,53.0,67.36209
56,99,52.0,75.97556
56,100,51.0,75.38486
56,101,50.0,71.9291
56,102,49.0,73.18647
56,103,48.0,67.12755
56,104,47.0,67.39715
56,105,46.0,64.91655
56,106,45.0,68.780205
56,107,44.0,66.93056
56,108,43.0,59.612007
56,109,42.0,50.876495
56,110,41.0,48.827564
56,111,40.0,45.60983
56,112,39.0,39.823753
56,113,38.0,38.98845
56,114,37.0,32.243553
56,115,36.0,26.95502
56,116,35.0,25.838596
56,117,34.0,27.199427
56,118,33.0,26.84219
56,119,32.0,26.017727
56,120,31.0,26.102116
56,121,30.0,23.030266
56,122,29.0,22.27696
56,123,28.0,20.136108
56,124,27.0,19.759937
56,125,26.0,19.394926
56,126,25.0,18.442352
56,127,24.0,16.87884
56,128,23.0,17.374832
56,129,22.0,17.633577
56,130,21.0,17.213604
56,131,20.0,17.2606
56,132,19.0,16.036459
56,133,18.0,16.496576
56,134,17.0,17.063026
56,135,16.0,16.792816
56,136,15.0,16.708797
57,30,226.0,135.42252
57,31,226.0,136.56462
57,32,226.0,134.89558
57,33,226.0,133.13145
57,34,226.0,128.47011
57,35,226.0,126.42161
57,36,226.0,121.49395
57,37,226.0,117.541176
57,38,225.0,115.51633
57,39,224.0,115.024956
57,40,223.0,98.24524
57,41,222.0,99.49707
57,42,221.0,103.00058
57,43,220.0,103.53565
57,44,219.0,111.272385
57,45,218.0,114.59395
57,46,217.0,112.73755
57,47,216.0,113.10487
57,48,215.0,104.90933
57,49,214.0,102.4581
57,50,213.0,109.94479
57,51,212.0,110.11086
57,52,211.0,114.78066
57,53,210.0,122.62652
57,54,209.0,126.70481
57,55,208.0,126.02106
57,56,207.0,127.64779
57,57,206.0,127.55815
57,58,205.0,126.649605
57,59,204.0,132.31425
57,60,203.0,133.85158
57,61,202.0,134.66554
57,62,201.0,135.62022
57,63,200.0,134.69142
57,64,199.0,131.00864
57,65,198.0,129.30771
57,66,197.0,126.53027
57,67,196.0,127.49984
57,68,195.0,131.47969
57,69,194.0,130.75354
57,70,193.0,130.11833
57,71,192.0,133.85748
57,72,191.0,133.93509
57,73,190.0,135.03044
57,74,189.0,135.63539
57,75,188.0,135.05734
57,76,187.0,134.77791
57,77,186.0,134.71844
57,78,185.0,137.01236
57,79,184.0,136.64793
57,80,183.0,135.59319
57,81,182.0,134.73244
57,82,181.0,133.78593
57,83,180.0,134.10492
57,84,179.0,133.80577
57,85,178.0,132.26003
57,86,177.0,134.00166
57,87,176.0,128.38675
57,88,175.0,130.72275
57,89,174.0,131.30809
57,90,173.0,132.02365
57,91,172.0,130.1816
57,92,171.0,131.26509
57,93,170.0,122.227554
57,94,169.0,112.18553
57,95,168.0,106.02479
57,96,167.0,114.861084
57,97,166.0,109.606674
57,98,165.0,114.175446
57,99,164.0,110.50932
57,100,163.0,107.82745
57,101,162.0,110.65166
57,102,161.0,111.62956
57,103,160.0,120.23213
57,104,159.0,125.69803
57,105,158.0,119.28932
57,106,157.0,118.20784
57,107,156.0,123.72262
57,108,155.0,125.12627
57,109,154.0,125.43459
57,110,153.0,126.93615
57,111,152.0,127.08271
57,112,151.0,125.261444
57,113,150.0,124.08564
57,114,149.0,120.17874
57,115,148.0,117.89029
57,116,147.0,115.980194
57,117,146.0,113.405136
57,118,145.0,116.03761
57,119,144.0,121.14294
57,120,143.0,121.94382
57,121,142.0,125.16684
57,122,141.0,126.5506
57,123,140.0,124.16297
57,124,139.0,124.28999
57,125,138.0,125.970406
57,126,137.0,124.16727
57,127,136.0,120.31633
57,128,135.0,119.7224
57,129,134.0,117.97945
57,130,133.0,115.91208
57,131,132.0,116.863144
57,132,131.0,120.92987
57,133,130.0,113.82962
57,134,129.0,108.93332
57,135,128.0,107.808235
57,136,127.0,110.35892
57,137,126.0,107.67428
57,138,125.0,106.04765
57,139,124.0,110.857544
57,140,123.0,104.49426
57,141,122.0,111.608894
57,142,121.0,111.00866
57,143,120.0,102.4156
57,144,119.0,94.09087
57,145,118.0,88.094955
57,146,117.0,89.521835
57,147,116.0,91.075806
57,148,115.0,91.34389
57,149,114.0,96.37905
57,150,113.0,100.700165
57,151,112.0,108.8976
57,152,111.0,111.087906
57,153,110.0,113.62822
57,154,109.0,122.47425
57,155,108.0,120.68357
57,156,107.0,121.55912
57,157,106.0,124.19347
57,158,105.0,122.89888
57,159,104.0,124.9313
57,160,103.0,126.060135
58,30,183.0,120.626434
58,31,182.0,128.88512
58,32,181.0,131.18568
58,33,180.0,125.75304
58,34,179.0,128.50865
58,35,178.0,118.35994
58,36,177.0,119.79062
58,37,176.0,119.52229
58,38,175.0,127.02325
58,39,174.0,126.63727
58,40,173.0,126.36946
58,41,172.0,120.97209
58,42,171.0,122.59804
58,43,170.0,126.53849
58,44,169.0,132.33647
58,45,168.0,131.8495
58,46,167.0,133.41142
58,47,166.0,129.75288
58,48,165.0,113.499535
58,49,164.0,120.90342
58,50,163.0,110.140366
58,51,162.0,105.45125
58,52,161.0,103.48587
58,53,160.0,105.875656
58,54,159.0,114.10109
58,55,158.0,116.90208
58,56,157.0,110.754105
58,57,156.0,113.60343
58,58,155.0,103.85559
58,59,154.0,103.29805
58,60,153.0,104.72268
58,61,152.0,106.8264
58,62,151.0,108.36842
58,63,150.0,118.65329
58,64,149.0,124.8396
58,65,148.0,126.56413
58,66,147.0,111.69585
58,67,146.0,115.720695
58,68,145.0,110.62132
58,69,144.0,108.72772
58,70,143.0,103.82224
58,71,142.0,105.12706
58,72,141.0,102.984955
58,73,140.0,106.43988
58,74,139.0,108.96399
58,75,138.0,116.15464
58,76,137.0,114.515274
58,77,136.0,111.10712
58,78,135.0,117.723015
58,79,134.0,119.57271
58,80,133.0,114.18364
58,81,132.0,118.80288
58,82,131.0,124.73793
58,83,130.0,133.11742
58,84,129.0,120.4786
58,85,128.0,123.45804
58,86,127.0,113.237915
58,87,126.0,113.31021
58,88,125.0,118.60799
58,89,124.0,113.65234
58,90,123.0,128.85304
58,91,122.0,122.30856
58,92,121.0,120.85508
58,93,120.0,125.817986
58,94,119.0,121.62774
58,95,118.0,126.00091
58,96,117.0,128.36665
58,97,116.0,129.2862
58,98,115.0,125.229996
58,99,114.0,120.58647
58,100,113.0,118.96448
58,101,112.0,121.575806
58,102,111.0,119.58675
58,103,110.0,120.28902
58,104,109.0,112.41135
58,105,108.0,117.12248
58,106,107.0,111.79503
58,107,106.0,111.263824
58,108,105.0,106.90466
58,109,104.0,103.051346
58,110,103.0,91.07446
58,111,102.0,95.28035
58,112,101.0,100.9487
58,113,100.0,88.16565
58,114,99.0,93.070435
58,115,98.0,92.93396
58,116,97.0,87.21183
58,117,96.0,88.509415
58,118,95.0,79.923294
58,119,94.0,76.45668
58,120,93.0,69.427086
58,121,92.0,71.77588
58,122,91.0,72.51814
58,123,90.0,85.45752
58,124,89.0,98.23724
58,125,88.0,103.53117
58,126,87.0,106.9859
58,127,86.0,109.1358
58,128,85.0,103.70514
58,129,84.0,108.96445
58,130,83.0,108.61034
58,131,82.0,114.255264
58,132,81.0,102.086075
58,133,80.0,85.84653
58,134,79.0,102.75366
58,135,78.0,107.86236
58,136,77.0,118.23735
58,137,76.0,109.94722
58,138,75.0,105.641914
58,139,74.0,104.83766
58,140,73.0,95.05553
58,141,72.0,76.864204
58,142,71.0,84.673355
58,143,70.0,94.53439
58,144,69.0,101.27034
58,145,68.0,93.51784
58,146,67.0,83.23365
58,147,66.0,76.57239
58,148,65.0,58.185143
58,149,64.0,61.452118
58,150,63.0,62.869
58,151,62.0,57.2706
58,152,61.0,60.603283
58,153,60.0,62.408333
58,154,59.0,63.80494
58,155,58.0,68.90799
58,156,57.0,76.77443
58,157,56.0,69.05873
58,158,55.0,65.993355
58,159,54.0,69.45181
58,160,53.0,69.9429
58,161,52.0,74.92784
58,162,51.0,75.24128
58,163,50.0,70.30039
58,164,49.0,78.59764
58,165,48.0,82.004944
58,166,47.0,81.11771
58,167,46.0,73.896675
58,168,45.0,73.104416
58,169,44.0,68.32729
58,170,43.0,66.86069
58,171,42.0,67.19575
58,172,41.0,72.39733
58,173,40.0,63.676525
58,174,39.0,65.38505
58,175,38.0,55.93123
58,176,37.0,48.300705
59,30,178.0,130.0948
59,31,177.0,125.31286
59,32,176.0,129.28226
59,33,175.0,131.18361
59,34,174.0,131.96129
59,35,173.0,133.18599
59,36,172.0,130.12665
59,37,171.0,131.03954
59,38,170.0,133.07835
59,39,169.0,125.24168
59,40,168.0,122.7346
59,41,167.0,125.94379
59,42,166.0,120.67287
59,43,165.0,129.22899
59,44,164.0,128.02193
59,45,163.0,131.94292
59,46,162.0,128.78293
59,47,161.0,130.7925
59,48,160.0,134.8661
59,49,159.0,134.65599
59,50,158.0,132.47511
59,51,157.0,131.76459
59,52,156.0,123.61082
59,53,155.0,128.59526
59,54,154.0,128.25633
59,55,153.0,130.6747
59,56,152.0,129.9653
59,57,151.0,132.92583
59,58,150.0,131.5317
59,59,149.0,131.20703
59,60,148.0,127.21949
59,61,147.0,126.867386
59,62,146.0,128.73169
59,63,145.0,122.3978
59,64,144.0,122.91809
59,65,143.0,129.5944
59,66,142.0,129.43465
59,67,141.0,129.89468
59,68,140.0,129.28703
59,69,139.0,121.72255
59,70,138.0,128.77998
59,71,137.0,127.52356
59,72,136.0,126.509964
59,73,135.0,124.9639
59,74,134.0,119.648926
59,75,133.0,122.888
59,76,132.0,120.976776
59,77,131.0,117.311264
59,78,130.0,122.94582
59,79,129.0,123.74057
59,80,128.0,119.82145
59,81,127.0,115.489716
59,82,126.0,115.44771
59,83,125.0,116.19684
59,84,124.0,118.153145
59,85,123.0,112.40274
59,86,122.0,108.08319
59,87,121.0,113.31517
59,88,120.0,106.11835
59,89,119.0,97.15765
59,90,118.0,103.813324
59,91,117.0,103.71483
59,92,116.0,108.41283
59,93,115.0,105.75548
59,94,114.0,105.50522
60,30,217.0,104.15175
60,31,216.0,106.710464
60,32,215.0,115.91506
60,33,214.0,128.52571
60,34,213.0,128.97719
60,35,212.0,133.32573
60,36,211.0,134.3196
60,37,210.0,135.95023
60,38,209.0,135.46204
60,39,208.0,135.73457
60,40,207.0,134.79207
60,41,206.0,134.52011
60,42,205.0,134.49101
60,43,204.0,131.69041
60,44,203.0,130.15337
60,45,202.0,126.710815
60,46,201.0,126.058426
60,47,200.0,122.53575
60,48,199.0,126.831436
60,49,198.0,128.5813
60,50,197.0,128.05818
60,51,196.0,126.45371
60,52,195.0,121.59684
60,53,194.0,111.37781
60,54,193.0,97.14024
60,55,192.0,93.13406
60,56,191.0,94.62714
60,57,190.0,110.14272
60,58,189.0,120.62164
60,59,188.0,122.63684
60,60,187.0,125.761246
60,61,186.0,128.07825
60,62,185.0,130.49538
60,63,184.0,131.63338
60,64,183.0,133.30244
60,65,182.0,133.55428
60,66,181.0,134.79808
60,67,180.0,134.27034
60,68,179.0,134.90042
60,69,178.0,134.41278
60,70,177.0,134.93494
60,71,176.0,134.01039
60,72,175.0,132.67429
60,73,174.0,125.07172
60,74,173.0,126.33678
60,75,172.0,123.494774
60,76,171.0,126.25623
60,77,170.0,126.78735
60,78,169.0,131.95926
60,79,168.0,135.22285
60,80,167.0,134.97047
60,81,166.0,135.13695
60,82,165.0,133.9243
60,83,164.0,133.88014
60,84,163.0,133.54836
60,85,162.0,133.18883
60,86,161.0,133.7996
60,87,160.0,134.12059
60,88,159.0,133.5991
60,89,158.0,131.24759
60,90,157.0,131.8943
60,91,156.0,127.785225
60,92,155.0,129.87042
60,93,154.0,130.24313
60,94,153.0,128.2741
60,95,152.0,129.06544
60,96,151.0,123.92353
60,97,150.0,116.04045
60,98,149.0,121.18067
60,99,148.0,124.30942
60,100,147.0,116.170105
60,101,146.0,106.144005
60,102,145.0,85.41287
60,103,144.0,75.76032
60,104,143.0,73.44839
60,105,142.0,78.2158
60,106,141.0,84.790184
60,107,140.0,86.45725
60,108,139.0,83.89917
60,109,138.0,80.27301
60,110,137.0,88.20288
60,111,136.0,82.59482
60,112,135.0,95.21054
60,113,134.0,108.675705
60,114,133.0,119.50972
60,115,132.0,119.75562
60,116,131.0,126.52734
60,117,130.0,128.68369
60,118,129.0,129.87561
60,119,128.0,129.9692
60,120,127.0,130.89105
60,121,126.0,132.4458
60,122,125.0,132.62254
60,123,124.0,130.91455
60,124,123.0,130.35677
60,125,122.0,127.12439
60,126,121.0,125.85879
60,127,120.0,120.40262
60,128,119.0,121.49505
60,129,118.0,122.959
60,130,117.0,121.19753
60,131,116.0,120.596725
60,132,115.0,121.37134
60,133,114.0,121.49791
60,134,113.0,121.598816
60,135,112.0,121.00429
60,136,111.0,120.70613
60,137,110.0,117.606155
60,138,109.0,109.44532
60,139,108.0,97.25666
60,140,107.0,100.340164
60,141,106.0,109.41646
60,142,105.0,115.503136
60,143,104.0,109.247314
60,144,103.0,110.55505
60,145,102.0,116.08101
60,146,101.0,114.51932
60,147,100.0,114.88927
61,30,150.0,114.278366
61,31,149.0,115.481476
61,32,148.0,122.81852
61,33,147.0,122.03358
61,34,146.0,118.60594
61,35,145.0,125.81176
61,36,144.0,124.9661
61,37,143.0,122.31878
61,38,142.0,123.34682
61,39,141.0,119.14676
61,40,140.0,125.311195
61,41,139.0,120.013016
61,42,138.0,129.46855
61,43,137.0,132.5893
61,44,136.0,132.59984
61,45,135.0,134.15118
61,46,134.0,133.68895
61,47,133.0,133.15666
61,48,132.0,135.28864
61,49,131.0,135.60591
61,50,130.0,136.94376
61,51,129.0,137.5576
61,52,128.0,134.54228
61,53,127.0,134.72923
61,54,126.0,130.21875
61,55,125.0,128.7619
61,56,124.0,128.37656
61,57,123.0,131.4253
61,58,122.0,130.1838
61,59,121.0,127.09342
61,60,120.0,124.91381
61,61,119.0,119.02669
61,62,118.0,120.6466
61,63,117.0,115.36479
61,64,116.0,107.84163
61,65,115.0,111.56823
61,66,114.0,105.69854
61,67,113.0,107.12834
61,68,112.0,113.50434
61,69,111.0,108.44347
61,70,110.0,101.51102
61,71,109.0,108.52925
61,72,108.0,114.49168
61,73,107.0,114.40181
61,74,106.0,105.30646
61,75,105.0,110.31929
61,76,104.0,110.09276
61,77,103.0,103.57316
61,78,102.0,107.60254
61,79,101.0,101.16852
61,80,100.0,116.76405
61,81,99.0,120.15011
61,82,98.0,116.453125
61,83,97.0,110.055
61,84,96.0,103.84247
61,85,95.0,107.15189
61,86,94.0,109.6707
61,87,93.0,104.56984
61,88,92.0,107.51602
61,89,91.0,103.602806
61,90,90.0,97.51837
61,91,89.0,100.288376
61,92,88.0,108.59155
61,93,87.0,100.96831
61,94,86.0,95.75462
61,95,85.0,94.24036
61,96,84.0,99.99251
61,97,83.0,100.66466
61,98,82.0,98.28519
61,99,81.0,92.83264
61,100,80.0,91.18746
61,101,79.0,99.24824
61,102,78.0,105.1098
61,103,77.0,103.049416
61,104,76.0,108.63747
61,105,75.0,101.421394
61,106,74.0,108.894
61,107,73.0,99.8535
61,108,72.0,90.56254
61,109,71.0,93.234604
61,110,70.0,96.44386
61,111,69.0,89.56975
61,112,68.0,92.1874
61,113,67.0,92.852
61,114,66.0,85.66327
61,115,65.0,75.01048
61,116,64.0,70.56903
61,117,63.0,66.71694
61,118,62.0,64.15787
61,119,61.0,67.00909
61,120,60.0,61.133957
61,121,59.0,60.534187
61,122,58.0,63.211533
61,123,57.0,64.03439
61,124,56.0,61.983543
61,125,55.0,68.179756
61,126,54.0,73.57325
61,127,53.0,76.412445
61,128,52.0,69.238495
61,129,51.0,68.86098
61,130,50.0,70.27048
61,131,49.0,63.863686
61,132,48.0,68.119286
61,133,47.0,78.1432
61,134,46.0,78.54373
61,135,45.0,90.94984
61,136,44.0,97.71062
61,137,43.0,82.61937
61,138,42.0,86.07072
61,139,41.0,93.975716
61,140,40.0,94.55711
61,141,39.0,97.6683
61,142,38.0,101.04823
61,143,37.0,93.61255
61,144,36.0,84.29433
61,145,35.0,68.20842
61,146,34.0,65.68477
61,147,33.0,54.756348
61,148,32.0,51.466934
61,149,31.0,45.683487
61,150,30.0,42.795555
61,151,29.0,38.382164
61,152,28.0,39.81991
61,153,27.0,39.58333
61,154,26.0,33.829033
61,155,25.0,31.41411
61,156,24.0,26.68716
61,157,23.0,25.253862
61,158,22.0,23.670528
61,159,21.0,21.821394
62,30,226.0,136.78175
62,31,226.0,137.71185
62,32,226.0,135.02707
62,33,226.0,134.18896
62,34,226.0,133.59175
62,35,226.0,134.36977
62,36,226.0,134.9405
62,37,226.0,136.71529
62,38,226.0,135.55327
62,39,226.0,134.74086
62,40,226.0,133.77943
62,41,226.0,135.42792
62,42,226.0,135.8947
62,43,226.0,134.61316
62,44,226.0,135.82285
62,45,226.0,136.15897
62,46,226.0,134.80818
62,47,226.0,133.5771
62,48,226.0,136.48201
62,49,226.0,136.055
62,50,226.0,136.95296
62,51,226.0,138.65872
62,52,226.0,137.19699
62,53,226.0,137.5171
62,54,226.0,137.91347
62,55,226.0,138.07654
62,56,226.0,137.87006
62,57,226.0,132.62135
62,58,226.0,132.83853
62,59,226.0,135.61258
62,60,226.0,131.68869
62,61,225.0,130.58716
62,62,224.0,132.2086
62,63,223.0,132.029
62,64,222.0,128.78944
62,65,221.0,129.2633
62,66,220.0,131.51418
62,67,219.0,133.54393
62,68,218.0,132.74623
62,69,217.0,132.06717
62,70,216.0,133.04851
62,71,215.0,133.46416
62,72,214.0,131.9026
62,73,213.0,130.57588
62,74,212.0,132.07495
62,75,211.0,131.09354
62,76,210.0,131.51204
62,77,209.0,131.36234
62,78,208.0,133.35605
62,79,207.0,135.34457
62,80,206.0,135.91646
62,81,205.0,136.33281
62,82,204.0,133.9522
62,83,203.0,134.06792
62,84,202.0,136.37057
62,85,201.0,133.54741
62,86,200.0,133.04506
62,87,199.0,136.06342
62,88,198.0,132.58305
62,89,197.0,131.40645
62,90,196.0,132.01125
62,91,195.0,133.1798
62,92,194.0,134.09311
62,93,193.0,133.8527
62,94,192.0,134.11853
62,95,191.0,130.27502
62,96,190.0,132.46663
62,97,189.0,130.13066
62,98,188.0,126.526344
62,99,187.0,129.02989
62,100,186.0,129.27519
62,101,185.0,129.59091
62,102,184.0,131.78636
62,103,183.0,130.09132
62,104,182.0,129.25134
62,105,181.0,126.732445
62,106,180.0,124.635124
62,107,179.0,122.0108
62,108,178.0,128.0334
62,109,177.0,128.54742
62,110,176.0,131.69023
62,111,175.0,130.96613
62,112,174.0,121.81827
62,113,173.0,120.7596
62,114,172.0,111.241646
62,115,171.0,113.93434
62,116,170.0,116.39256
62,117,169.0,122.59744
62,118,168.0,126.58966
62,119,167.0,129.34274
62,120,166.0,130.33038
62,121,165.0,130.9186
62,122,164.0,130.9474
62,123,163.0,132.35045
62,124,162.0,132.84898
62,125,161.0,132.97179
62,126,160.0,134.64415
62,127,159.0,133.36852
62,128,158.0,128.60562
62,129,157.0,127.82687
62,130,156.0,131.56071
62,131,155.0,131.38943
62,132,154.0,127.30184
62,133,153.0,123.093155
62,134,152.0,125.31296
62,135,151.0,127.62283
62,136,150.0,125.690895
62,137,149.0,128.24294
62,138,148.0,128.34785
62,139,147.0,127.41048
62,140,146.0,130.03032
62,141,145.0,123.77335
62,142,144.0,117.29533
62,143,143.0,122.329704
62,144,142.0,118.49862
62,145,141.0,117.855865
62,146,140.0,116.824554
62,147,139.0,107.64224
62,148,138.0,108.60828
62,149,137.0,108.020004
62,150,136.0,109.59328
62,151,135.0,116.309135
62,152,134.0,107.80457
62,153,133.0,110.86436
62,154,132.0,112.45713
62,155,131.0,117.79222
62,156,130.0,113.20231
62,157,129.0,111.79166
62,158,128.0,102.87218
62,159,127.0,102.24647
62,160,126.0,99.13544
62,161,125.0,107.14517
62,162,124.0,104.189964
62,163,123.0,103.03137
62,164,122.0,112.28097
62,165,121.0,113.796616
62,166,120.0,112.54828
62,167,119.0,108.654526
62,168,118.0,105.82207
62,169,117.0,105.11107
62,170,116.0,106.41713
62,171,115.0,99.90202
62,172,114.0,99.079636
62,173,113.0,93.204056
62,174,112.0,96.859406
62,175,111.0,89.36008
62,176,110.0,97.569824
62,177,109.0,94.22627
62,178,108.0,101.63214
62,179,107.0,107.20795
62,180,106.0,100.18739
62,181,105.0,96.7672
62,182,104.0,95.08926
62,183,103.0,91.72939
62,184,102.0,88.64037
62,185,101.0,96.538956
62,186,100.0,92.716125
62,187,99.0,89.198975
62,188,98.0,87.23987
62,189,97.0,79.5994
62,190,96.0,80.505936
62,191,95.0,74.24447
62,192,94.0,74.74213
62,193,93.0,77.06407
62,194,92.0,88.14613
62,195,91.0,90.1432
62,196,90.0,90.548325
62,197,89.0,92.64639
62,198,88.0,97.977844
62,199,87.0,90.01831
62,200,86.0,85.09526
62,201,85.0,84.86739
62,202,84.0,80.951584
62,203,83.0,83.76036
62,204,82.0,80.80533
62,205,81.0,82.56575
62,206,80.0,78.83315
62,207,79.0,80.9026
62,208,78.0,82.12735
62,209,77.0,83.714294
62,210,76.0,79.3624
62,211,75.0,72.73193
62,212,74.0,66.728096
62,213,73.0,71.960724
62,214,72.0,68.15519
62,215,71.0,66.499825
62,216,70.0,63.886612
62,217,69.0,60.90129
62,218,68.0,60.236237
62,219,67.0,60.690495
62,220,66.0,56.73282
62,221,65.0,61.16169
62,222,64.0,57.84368
62,223,63.0,59.401005
62,224,62.0,59.369602
62,225,61.0,55.59034
62,226,60.0,54.56035
62,227,59.0,56.41496
62,228,58.0,54.58458
62,229,57.0,55.363403
62,230,56.0,55.82817
62,231,55.0,52.693
62,232,54.0,51.203598
63,30,197.0,135.09212
63,31,196.0,132.64967
63,32,195.0,131.1051
63,33,194.0,132.79036
63,34,193.0,128.66693
63,35,192.0,119.555176
63,36,191.0,105.62941
63,37,190.0,106.95537
63,38,189.0,111.744
63,39,188.0,115.27991
63,40,187.0,125.52178
63,41,186.0,127.929695
63,42,185.0,132.97488
63,43,184.0,134.94458
63,44,183.0,134.73451
63,45,182.0,133.36443
63,46,181.0,132.89127
63,47,180.0,132.19395
63,48,179.0,134.34676
63,49,178.0,136.02692
63,50,177.0,133.46918
63,51,176.0,131.50629
63,52,175.0,133.63524
63,53,174.0,133.38287
63,54,173.0,133.32356
63,55,172.0,133.54933
63,56,171.0,135.2781
63,57,170.0,134.0221
63,58,169.0,134.40773
63,59,168.0,132.10829
63,60,167.0,129.79498
63,61,166.0,130.6939
63,62,165.0,129.50008
63,63,164.0,123.179855
63,64,163.0,119.57083
63,65,162.0,101.17475
63,66,161.0,112.80568
63,67,160.0,124.06845
63,68,159.0,122.9324
63,69,158.0,115.987564
63,70,157.0,107.64314
63,71,156.0,99.92096
63,72,155.0,113.17524
63,73,154.0,119.38794
63,74,153.0,122.00944
63,75,152.0,123.70909
63,76,151.0,123.54561
63,77,150.0,124.479065
63,78,149.0,124.045425
63,79,148.0,128.1033
63,80,147.0,128.75894
63,81,146.0,131.24843
63,82,145.0,132.85637
63,83,144.0,132.67659
63,84,143.0,132.50545
63,85,142.0,131.7076
63,86,141.0,132.04369
63,87,140.0,130.9233
63,88,139.0,129.74146
63,89,138.0,125.97767
63,90,137.0,126.36817
63,91,136.0,120.7554
63,92,135.0,115.539
63,93,134.0,111.02106
63,94,133.0,116.75528
63,95,132.0,117.68015
63,96,131.0,117.13997
63,97,130.0,121.77445
63,98,129.0,121.62439
63,99,128.0,120.78465
63,100,127.0,121.34406
63,101,126.0,120.23923
63,102,125.0,117.54465
63,103,124.0,122.65213
63,104,123.0,119.60613
63,105,122.0,115.88291
63,106,121.0,119.6467
63,107,120.0,124.175896
63,108,119.0,130.72597
63,109,118.0,130.6296
63,110,117.0,128.674
63,111,116.0,129.84953
63,112,115.0,130.42575
63,113,114.0,131.56282
63,114,113.0,130.4091
63,115,112.0,132.21996
63,116,111.0,131.3843
63,117,110.0,128.26611
63,118,109.0,123.14394
63,119,108.0,119.52887
63,120,107.0,113.30022
63,121,106.0,104.28197
63,122,105.0,102.48491
63,123,104.0,104.564095
63,124,103.0,105.25632
63,125,102.0,97.42965
63,126,101.0,89.32451
63,127,100.0,88.09802
63,128,99.0,87.78029
63,129,98.0,82.96834
63,130,97.0,79.00069
63,131,96.0,81.36856
63,132,95.0,87.12265
63,133,94.0,91.07562
63,134,93.0,89.39974
63,135,92.0,85.87951
63,136,91.0,84.17412
63,137,90.0,76.736244
63,138,89.0,68.217064
63,139,88.0,59.72818
63,140,87.0,51.45799
63,141,86.0,52.83377
63,142,85.0,52.78389
63,143,84.0,51.42768
63,144,83.0,57.83896
63,145,82.0,66.118095
63,146,81.0,77.79573
63,147,80.0,71.92644
63,148,79.0,75.5297
63,149,78.0,77.97139
63,150,77.0,82.14521
63,151,76.0,77.56716
63,152,75.0,81.90238
63,153,74.0,86.302155
63,154,73.0,89.39157
63,155,72.0,83.96037
64,30,166.0,132.78914
64,31,165.0,133.47682
64,32,164.0,135.36046
64,33,163.0,132.48567
64,34,162.0,130.80223
64,35,161.0,129.80072
64,36,160.0,132.36862
64,37,159.0,132.48776
64,38,158.0,129.44923
64,39,157.0,131.14993
64,40,156.0,130.7177
64,41,155.0,133.56401
64,42,154.0,128.0283
64,43,153.0,131.1158
64,44,152.0,130.15201
64,45,151.0,128.14882
64,46,150.0,131.28795
64,47,149.0,127.93467
64,48,148.0,132.1223
64,49,147.0,132.17372
64,50,146.0,125.46219
64,51,145.0,130.85405
64,52,144.0,126.20213
64,53,143.0,116.86021
64,54,142.0,120.96969
64,55,141.0,127.472946
64,56,140.0,122.144424
64,57,139.0,121.4161
64,58,138.0,126.8714
64,59,137.0,131.04561
64,60,136.0,133.59483
64,61,135.0,131.4143
64,62,134.0,124.84671
64,63,133.0,121.39827
64,64,132.0,122.60923
64,65,131.0,123.76892
64,66,130.0,124.67073
64,67,129.0,121.84018
64,68,128.0,122.8855
64,69,127.0,123.614784
64,70,126.0,125.35186
64,71,125.0,121.24773
64,72,124.0,127.2203
64,73,123.0,131.45644
64,74,122.0,134.03871
64,75,121.0,131.41074
64,76,120.0,129.63498
64,77,119.0,121.83638
64,78,118.0,110.3392
64,79,117.0,100.00181
64,80,116.0,101.65247
64,81,115.0,106.166824
64,82,114.0,96.604996
64,83,113.0,113.74844
64,84,112.0,110.32748
64,85,111.0,103.505646
64,86,110.0,107.03668
64,87,109.0,106.0518
64,88,108.0,116.23609
64,89,107.0,122.33362
64,90,106.0,116.48839
64,91,105.0,103.99356
64,92,104.0,96.694534
64,93,103.0,113.11962
64,94,102.0,106.91797
64,95,101.0,107.729065
64,96,100.0,101.48475
64,97,99.0,111.59056
64,98,98.0,118.35283
64,99,97.0,117.66911
64,100,96.0,117.483116
64,101,95.0,122.998566
64,102,94.0,128.54843
64,103,93.0,130.61961
64,104,92.0,130.76736
64,105,91.0,128.4029
64,106,90.0,124.52058
64,107,89.0,124.95091
64,108,88.0,120.25347
64,109,87.0,123.413895
64,110,86.0,121.65146
64,111,85.0,120.528275
64,112,84.0,119.73432
64,113,83.0,120.617645
64,114,82.0,124.85046
64,115,81.0,124.398605
64,116,80.0,120.73152
64,117,79.0,119.08423
64,118,78.0,120.06743
64,119,77.0,111.3268
64,120,76.0,116.6525
64,121,75.0,107.66348
64,122,74.0,106.41114
64,123,73.0,114.900696
64,124,72.0,110.703094
64,125,71.0,110.76637
64,126,70.0,112.22844
64,127,69.0,112.827576
64,128,68.0,96.78636
64,129,67.0,73.58836
64,130,66.0,76.08625
64,131,65.0,90.28922
64,132,64.0,99.78957
64,133,63.0,85.18056
64,134,62.0,79.12223
64,135,61.0,68.873215
64,136,60.0,71.704155
64,137,59.0,75.13858
64,138,58.0,69.9103
64,139,57.0,90.04141
64,140,56.0,89.104065
64,141,55.0,90.12693
64,142,54.0,88.4773
64,143,53.0,90.59291
64,144,52.0,79.6743
64,145,51.0,64.43097
64,146,50.0,55.128426
64,147,49.0,65.99262
64,148,48.0,74.66574
64,149,47.0,66.816376
64,150,46.0,56.978737
64,151,45.0,56.992878
64,152,44.0,52.269947
64,153,43.0,51.293114
64,154,42.0,52.659096
64,155,41.0,57.140083
64,156,40.0,66.38693
64,157,39.0,53.18121
64,158,38.0,46.31057
64,159,37.0,42.71859
64,160,36.0,41.74378
64,161,35.0,40.322784
64,162,34.0,37.71054
64,163,33.0,36.49819
64,164,32.0,33.79945
64,165,31.0,30.676767
64,166,30.0,29.475517
64,167,29.0,26.67878
64,168,28.0,31.043427
65,30,169.0,131.36868
65,31,168.0,132.83447
65,32,167.0,131.57208
65,33,166.0,130.42921
65,34,165.0,127.52701
65,35,164.0,127.41156
65,36,163.0,129.33934
65,37,162.0,129.45923
65,38,161.0,128.59328
65,39,160.0,127.91515
65,40,159.0,127.012184
65,41,158.0,121.441086
65,42,157.0,125.55567
65,43,156.0,130.27892
65,44,155.0,129.3933
65,45,154.0,128.61377
65,46,153.0,132.30891
65,47,152.0,130.48035
65,48,151.0,132.3484
65,49,150.0,130.66309
65,50,149.0,131.66609
65,51,148.0,126.03708
65,52,147.0,128.71188
65,53,146.0,125.50366
65,54,145.0,126.41571
65,55,144.0,130.04094
65,56,143.0,125.24345
65,57,142.0,130.53307
65,58,141.0,128.25166
65,59,140.0,125.74179
65,60,139.0,127.97276
65,61,138.0,129.14166
65,62,137.0,129.24171
65,63,136.0,129.50964
65,64,135.0,121.82578
65,65,134.0,124.914925
65,66,133.0,128.92366
65,67,132.0,125.732925
65,68,131.0,121.9089
65,69,130.0,120.15195
65,70,129.0,119.40423
65,71,128.0,115.89876
66,30,131.0,117.12366
66,31,130.0,108.45088
66,32,129.0,112.1581
66,33,128.0,119.83971
66,34,127.0,128.66835
66,35,126.0,129.53375
66,36,125.0,128.59549
66,37,124.0,126.6008
66,38,123.0,126.37007
66,39,122.0,128.23665
66,40,121.0,126.81405
66,41,120.0,129.40456
66,42,119.0,131.5186
66,43,118.0,132.29362
66,44,117.0,131.87538
66,45,116.0,131.06071
66,46,115.0,131.02165
66,47,114.0,129.3029
66,48,113.0,131.0489
66,49,112.0,131.11679
66,50,111.0,129.30368
66,51,110.0,128.64478
66,52,109.0,130.93275
66,53,108.0,130.37816
66,54,107.0,128.50099
66,55,106.0,128.2455
66,56,105.0,125.31
66,57,104.0,125.888596
66,58,103.0,124.74957
66,59,102.0,119.870544
66,60,101.0,116.96293
66,61,100.0,121.35751
66,62,99.0,116.1653
66,63,98.0,120.91817
66,64,97.0,122.359474
66,65,96.0,120.910225
66,66,95.0,120.53449
66,67,94.0,105.87958
66,68,93.0,113.59004
66,69,92.0,109.66088
66,70,91.0,113.00723
66,71,90.0,118.17322
66,72,89.0,118.907
66,73,88.0,120.20199
66,74,87.0,118.052895
66,75,86.0,113.906555
66,76,85.0,115.50803
66,77,84.0,117.72882
66,78,83.0,120.755035
66,79,82.0,119.09834
66,80,81.0,112.82507
66,81,80.0,110.520035
66,82,79.0,106.79851
66,83,78.0,100.973724
66,84,77.0,103.36319
66,85,76.0,101.72026
66,86,75.0,104.28863
66,87,74.0,110.11116
66,88,73.0,108.590004
66,89,72.0,103.83041
66,90,71.0,96.36071
66,91,70.0,98.74056
66,92,69.0,87.976746
66,93,68.0,78.29469
66,94,67.0,73.30742
66,95,66.0,77.961235
66,96,65.0,77.14069
66,97,64.0,76.46556
66,98,63.0,71.58822
66,99,62.0,90.692184
66,100,61.0,90.00473
66,101,60.0,94.22392
66,102,59.0,83.99154
66,103,58.0,86.639404
66,104,57.0,89.4169
66,105,56.0,88.27668
66,106,55.0,86.23592
66,107,54.0,88.9457
66,108,53.0,87.85835
66,109,52.0,89.36928
66,110,51.0,88.03058
66,111,50.0,85.739174
66,112,49.0,84.93285
66,113,48.0,74.87604
66,114,47.0,70.16112
66,115,46.0,69.75854
66,116,45.0,71.0515
66,117,44.0,69.39581
66,118,43.0,63.412865
66,119,42.0,62.905815
66,120,41.0,55.995674
66,121,40.0,51.343784
66,122,39.0,48.583874
66,123,38.0,48.64112
66,124,37.0,48.254124
66,125,36.0,49.63765
66,126,35.0,48.412144
66,127,34.0,45.27366
66,128,33.0,45.90172
66,129,32.0,43.776886
66,130,31.0,43.454254
66,131,30.0,43.73362
66,132,29.0,42.916473
66,133,28.0,41.823395
66,134,27.0,37.94052
66,135,26.0,37.33821
66,136,25.0,35.567142
66,137,24.0,33.577965
66,138,23.0,30.983139
66,139,22.0,28.170906
66,140,21.0,27.8306
66,141,20.0,28.703312
66,142,19.0,29.106125
66,143,18.0,27.902576
66,144,17.0,26.20819
66,145,16.0,24.694637
66,146,15.0,23.749912
66,147,14.0,22.5708
67,30,118.0,123.55341
67,31,117.0,113.607445
67,32,116.0,111.26399
67,33,115.0,109.56474
67,34,114.0,119.81455
67,35,113.0,126.16641
67,36,112.0,129.34575
67,37,111.0,126.00492
67,38,110.0,107.82207
67,39,109.0,108.0464
67,40,108.0,110.8582
67,41,107.0,114.19768
67,42,106.0,115.59973
67,43,105.0,118.08262
67,44,104.0,115.20299
67,45,103.0,109.80318
67,46,102.0,113.15327
67,47,101.0,113.53974
67,48,100.0,108.41095
67,49,99.0,109.904655
67,50,98.0,124.44448
67,51,97.0,122.96224
67,52,96.0,126.06477
67,53,95.0,130.55318
67,54,94.0,129.40135
67,55,93.0,131.06471
67,56,92.0,133.56114
67,57,91.0,134.19539
67,58,90.0,132.16019
67,59,89.0,130.70193
67,60,88.0,127.13256
67,61,87.0,122.111084
67,62,86.0,121.80574
67,63,85.0,126.60691
67,64,84.0,128.88823
67,65,83.0,133.10136
67,66,82.0,135.35732
67,67,81.0,133.94688
67,68,80.0,133.61621
67,69,79.0,134.82732
67,70,78.0,134.647
67,71,77.0,134.58939
68,30,165.0,129.00694
68,31,164.0,126.370964
68,32,163.0,114.752975
68,33,162.0,118.7529
68,34,161.0,122.47423
68,35,160.0,116.62964
68,36,159.0,105.80701
68,37,158.0,102.583275
68,38,157.0,105.58161
68,39,156.0,109.48556
68,40,155.0,116.16655
68,41,154.0,118.17191
68,42,153.0,121.40192
68,43,152.0,126.06773
68,44,151.0,126.6794
68,45,150.0,121.33389
68,46,149.0,114.796486
68,47,148.0,110.1991
68,48,147.0,111.26091
68,49,146.0,116.51196
68,50,145.0,118.13625
68,51,144.0,127.71584
68,52,143.0,126.61071
68,53,142.0,120.49829
68,54,141.0,119.992
68,55,140.0,123.59952
68,56,139.0,123.00873
68,57,138.0,123.49007
68,58,137.0,117.01661
68,59,136.0,115.84552
68,60,135.0,117.18815
68,61,134.0,110.166504
68,62,133.0,107.83624
68,63,132.0,113.76682
68,64,131.0,108.62909
68,65,130.0,99.42412
68,66,129.0,102.681046
68,67,128.0,95.90794
68,68,127.0,97.67277
68,69,126.0,100.495125
68,70,125.0,95.97974
68,71,124.0,87.79503
68,72,123.0,87.01613
68,73,122.0,96.06651
68,74,121.0,86.04813
68,75,120.0,82.64613
68,76,119.0,81.509796
68,77,118.0,84.89119
68,78,117.0,84.4375
68,79,116.0,103.96768
68,80,115.0,106.01978
68,81,114.0,122.87226
68,82,113.0,121.68177
68,83,112.0,122.64169
68,84,111.0,123.42583
68,85,110.0,128.22145
68,86,109.0,126.089645
68,87,108.0,130.72653
68,88,107.0,132.57777
68,89,106.0,133.60054
68,90,105.0,133.42131
68,91,104.0,131.04752
68,92,103.0,131.34534
68,93,102.0,135.35048
68,94,101.0,135.04582
68,95,100.0,134.47226
68,96,99.0,136.29868
68,97,98.0,136.10768
68,98,97.0,136.53586
68,99,96.0,134.74095
68,100,95.0,131.81781
68,101,94.0,126.620255
68,102,93.0,118.16621
68,103,92.0,108.71131
68,104,91.0,105.01858
68,105,90.0,116.04293
68,106,89.0,112.365974
68,107,88.0,111.14766
68,108,87.0,103.99752
68,109,86.0,98.5982
68,110,85.0,101.02228
68,111,84.0,100.64357
68,112,83.0,91.488976
68,113,82.0,95.42703
68,114,81.0,91.50263
68,115,80.0,80.28915
68,116,79.0,82.110596
68,117,78.0,87.86139
68,118,77.0,101.030716
68,119,76.0,85.38015
68,120,75.0,73.883865
68,121,74.0,65.41247
68,122,73.0,67.05766
68,123,72.0,65.56369
68,124,71.0,61.964764
68,125,70.0,62.429245
68,126,69.0,66.31824
68,127,68.0,60.142517
68,128,67.0,63.984833
68,129,66.0,68.84363
68,130,65.0,65.85683
68,131,64.0,59.48034
68,132,63.0,58.358616
68,133,62.0,55.90744
68,134,61.0,65.73104
68,135,60.0,71.52558
68,136,59.0,79.90961
68,137,58.0,82.17661
68,138,57.0,82.75096
68,139,56.0,93.683365
68,140,55.0,89.24545
68,141,54.0,93.61282
68,142,53.0,98.1219
68,143,52.0,96.9306
68,144,51.0,92.28185
68,145,50.0,88.29088
68,146,49.0,81.112366
68,147,48.0,78.85109
68,148,47.0,77.00867
68,149,46.0,72.593796
68,150,45.0,77.87125
68,151,44.0,80.58623
68,152,43.0,81.60075
68,153,42.0,69.52968
68,154,41.0,66.26634
68,155,40.0,67.36464
68,156,39.0,63.796986
68,157,38.0,71.31749
68,158,37.0,67.508125
68,159,36.0,68.69243
68,160,35.0,63.261703
68,161,34.0,61.518703
68,162,33.0,59.73004
68,163,32.0,59.517956
68,164,31.0,55.44453
68,165,30.0,55.126152
68,166,29.0,49.07231
68,167,28.0,41.63271
68,168,27.0,36.143867
68,169,26.0,34.42445
68,170,25.0,33.87916
68,171,24.0,34.123993
68,172,23.0,33.64245
68,173,22.0,30.860977
68,174,21.0,24.439365
68,175,20.0,20.849167
68,176,19.0,21.695633
68,177,18.0,20.08831
68,178,17.0,18.641148
68,179,16.0,19.062622
68,180,15.0,16.355774
68,181,14.0,15.203159
68,182,13.0,13.728107
68,183,12.0,12.355118
68,184,11.0,10.63122
68,185,10.0,8.744302
68,186,9.0,6.7671638
68,187,8.0,6.772545
69,30,145.0,115.5643
69,31,144.0,126.923294
69,32,143.0,132.88138
69,33,142.0,135.41997
69,34,141.0,135.74019
69,35,140.0,135.02675
69,36,139.0,133.93666
69,37,138.0,136.22783
69,38,137.0,136.82982
69,39,136.0,136.6722
69,40,135.0,133.61078
69,41,134.0,130.93187
69,42,133.0,128.82968
69,43,132.0,135.40132
69,44,131.0,137.87215
69,45,130.0,136.61739
69,46,129.0,128.62712
69,47,128.0,126.43005
69,48,127.0,121.39904
69,49,126.0,116.56971
69,50,125.0,123.52101
69,51,124.0,125.56856
69,52,123.0,120.734985
69,53,122.0,112.62335
69,54,121.0,114.52005
70,30,216.0,101.94557
70,31,215.0,102.631226
70,32,214.0,115.93043
70,33,213.0,129.0359
70,34,212.0,131.92549
70,35,211.0,134.35764
70,36,210.0,136.00526
70,37,209.0,136.40495
70,38,208.0,137.30534
70,39,207.0,137.11995
70,40,206.0,136.97404
70,41,205.0,136.4658
70,42,204.0,137.2065
70,43,203.0,137.24942
70,44,202.0,137.87675
70,45,201.0,138.00558
70,46,200.0,137.43147
70,47,199.0,137.7756
70,48,198.0,136.78407
70,49,197.0,136.3167
70,50,196.0,135.29243
70,51,195.0,128.40392
70,52,194.0,128.4048
70,53,193.0,132.35548
70,54,192.0,136.13141
70,55,191.0,136.20595
70,56,190.0,133.39905
70,57,189.0,132.1381
70,58,188.0,132.3337
70,59,187.0,124.60533
70,60,186.0,118.3523
70,61,185.0,126.233185
70,62,184.0,117.4233
70,63,183.0,100.82239
70,64,182.0,97.33941
70,65,181.0,100.24725
70,66,180.0,89.08969
70,67,179.0,108.32599
70,68,178.0,102.35797
70,69,177.0,102.16083
70,70,176.0,107.963974
70,71,175.0,116.738785
70,72,174.0,110.4701
70,73,173.0,117.24722
70,74,172.0,108.29076
70,75,171.0,105.219536
70,76,170.0,105.63541
70,77,169.0,105.99011
70,78,168.0,100.53635
70,79,167.0,100.545105
70,80,166.0,98.235535
70,81,165.0,104.060524
70,82,164.0,119.35881
70,83,163.0,129.31589
70,84,162.0,133.1658
70,85,161.0,130.792
70,86,160.0,129.80687
70,87,159.0,131.01828
70,88,158.0,133.12231
70,89,157.0,134.69673
70,90,156.0,136.27397
70,91,155.0,134.82578
70,92,154.0,133.03008
70,93,153.0,132.7116
70,94,152.0,130.4475
70,95,151.0,133.07759
70,96,150.0,131.33615
70,97,149.0,128.9656
70,98,148.0,128.7501
70,99,147.0,133.44347
70,100,146.0,131.07286
70,101,145.0,132.51082
70,102,144.0,132.33517
70,103,143.0,132.41821
70,104,142.0,130.46022
70,105,141.0,124.11578
70,106,140.0,121.43924
70,107,139.0,121.154106
70,108,138.0,110.56537
70,109,137.0,107.861115
70,110,136.0,89.04886
70,111,135.0,83.85942
70,112,134.0,84.23953
70,113,133.0,103.76018
70,114,132.0,106.38072
70,115,131.0,109.44733
70,116,130.0,108.266136
70,117,129.0,122.69861
70,118,128.0,129.50786
70,119,127.0,124.5818
70,120,126.0,122.104706
70,121,125.0,114.77206
70,122,124.0,116.77636
70,123,123.0,125.85937
70,124,122.0,129.40105
70,125,121.0,124.05734
70,126,120.0,118.23949
70,127,119.0,108.10349
70,128,118.0,122.14278
70,129,117.0,124.52349
70,130,116.0,122.79016
70,131,115.0,117.67118
70,132,114.0,116.94949
70,133,113.0,123.77547
70,134,112.0,122.050705
70,135,111.0,124.78609
70,136,110.0,125.00101
70,137,109.0,125.92544
70,138,108.0,126.99347
70,139,107.0,118.89115
70,140,106.0,110.57669
70,141,105.0,97.94239
70,142,104.0,97.585686
70,143,103.0,84.78079
70,144,102.0,82.410385
70,145,101.0,92.77437
70,146,100.0,97.55203
70,147,99.0,96.41354
70,148,98.0,93.486336
70,149,97.0,94.74733
70,150,96.0,105.489265
70,151,95.0,104.039444
70,152,94.0,105.687454
71,30,156.0,108.92546
71,31,155.0,112.00786
71,32,154.0,115.62146
71,33,153.0,118.33405
71,34,152.0,113.69584
71,35,151.0,118.89769
71,36,150.0,117.768524
71,37,149.0,118.437256
71,38,148.0,114.42502
71,39,147.0,119.64015
71,40,146.0,116.30571
71,41,145.0,122.42213
71,42,144.0,127.0696
71,43,143.0,126.57248
71,44,142.0,123.59521
71,45,141.0,117.96535
71,46,140.0,121.0871
71,47,139.0,122.52241
71,48,138.0,126.735016
71,49,137.0,123.5019
71,50,136.0,123.84907
71,51,135.0,122.571686
71,52,134.0,111.95764
71,53,133.0,107.033676
71,54,132.0,113.382034
71,55,131.0,106.99802
71,56,130.0,112.65288
71,57,129.0,121.21384
71,58,128.0,121.85061
71,59,127.0,124.585594
71,60,126.0,118.02115
71,61,125.0,117.77597
71,62,124.0,112.89319
71,63,123.0,109.66164
71,64,122.0,105.365105
71,65,121.0,100.56396
71,66,120.0,105.07231
71,67,119.0,104.69063
71,68,118.0,105.753555
72,30,151.0,120.87671
72,31,150.0,112.364525
72,32,149.0,112.30561
72,33,148.0,114.35536
72,34,147.0,119.14043
72,35,146.0,121.36563
72,36,145.0,116.10869
72,37,144.0,106.0513
72,38,143.0,102.55167
72,39,142.0,107.24496
72,40,141.0,109.9219
72,41,140.0,113.807465
72,42,139.0,109.14504
72,43,138.0,108.93704
72,44,137.0,103.11661
72,45,136.0,102.40744
72,46,135.0,108.530075
72,47,134.0,113.287865
72,48,133.0,118.481445
72,49,132.0,123.81128
72,50,131.0,121.69125
72,51,130.0,123.20152
72,52,129.0,115.66681
72,53,128.0,116.99185
72,54,127.0,103.55724
72,55,126.0,109.35665
72,56,125.0,104.082954
72,57,124.0,104.770706
72,58,123.0,104.936165
72,59,122.0,113.98175
72,60,121.0,117.24768
72,61,120.0,118.02467
72,62,119.0,115.26167
72,63,118.0,117.494316
72,64,117.0,122.676155
72,65,116.0,119.75685
72,66,115.0,107.41851
72,67,114.0,100.3119
72,68,113.0,105.96123
72,69,112.0,108.2249
72,70,111.0,110.44975
72,71,110.0,118.21906
72,72,109.0,115.56166
72,73,108.0,109.67448
72,74,107.0,107.91199
72,75,106.0,105.43456
72,76,105.0,105.31
72,77,104.0,102.78629
72,78,103.0,104.51343
72,79,102.0,111.78856
72,80,101.0,120.56948
72,81,100.0,120.03466
72,82,99.0,115.010315
72,83,98.0,109.62214
72,84,97.0,110.04579
72,85,96.0,109.86017
72,86,95.0,106.580826
72,87,94.0,96.78917
72,88,93.0,93.6273
72,89,92.0,95.46234
72,90,91.0,100.24097
72,91,90.0,96.46582
72,92,89.0,94.46019
72,93,88.0,101.96566
72,94,87.0,103.89056
72,95,86.0,100.22775
72,96,85.0,109.58922
72,97,84.0,108.3022
72,98,83.0,102.23264
72,99,82.0,111.63822
72,100,81.0,114.11789
72,101,80.0,118.58214
72,102,79.0,120.27574
72,103,78.0,115.9583
72,104,77.0,91.373726
72,105,76.0,90.362465
72,106,75.0,80.42288
72,107,74.0,78.58925
72,108,73.0,97.21337
72,109,72.0,112.539925
72,110,71.0,121.55019
72,111,70.0,119.444954
72,112,69.0,108.63187
72,113,68.0,106.235985
72,114,67.0,116.265785
72,115,66.0,111.35176
72,116,65.0,108.54141
72,117,64.0,104.84953
72,118,63.0,108.07463
72,119,62.0,115.414795
72,120,61.0,105.60643
72,121,60.0,99.45334
72,122,59.0,93.49528
72,123,58.0,91.95556
72,124,57.0,96.84045
72,125,56.0,84.88818
72,126,55.0,80.209625
72,127,54.0,83.561066
72,128,53.0,84.91428
72,129,52.0,81.26835
72,130,51.0,90.96072
72,131,50.0,79.96654
73,30,213.0,122.65313
73,31,212.0,128.07962
73,32,211.0,131.72176
73,33,210.0,129.6454
73,34,209.0,126.71808
73,35,208.0,127.61994
73,36,207.0,123.151855
73,37,206.0,132.62831
73,38,205.0,135.93536
73,39,204.0,134.54953
73,40,203.0,127.93529
73,41,202.0,122.996216
73,42,201.0,121.12427
73,43,200.0,123.874405
73,44,199.0,131.58015
73,45,198.0,131.43529
73,46,197.0,126.848114
73,47,196.0,131.07875
73,48,195.0,125.30783
73,49,194.0,123.21746
73,50,193.0,128.86032
73,51,192.0,125.555435
73,52,191.0,131.18593
73,53,190.0,129.3627
73,54,189.0,127.60696
73,55,188.0,129.38899
73,56,187.0,127.01366
73,57,186.0,127.1335
73,58,185.0,126.02823
73,59,184.0,124.5139
73,60,183.0,125.0208
73,61,182.0,120.11069
73,62,181.0,118.760254
73,63,180.0,122.55334
73,64,179.0,128.0673
73,65,178.0,125.98214
73,66,177.0,126.07255
73,67,176.0,132.38118
73,68,175.0,130.12123
73,69,174.0,132.70778
73,70,173.0,130.12279
73,71,172.0,130.71088
73,72,171.0,131.74706
73,73,170.0,133.73471
73,74,169.0,133.00552
73,75,168.0,128.8874
73,76,167.0,127.4429
73,77,166.0,121.5235
73,78,165.0,114.8958
73,79,164.0,113.621185
73,80,163.0,106.647545
73,81,162.0,105.29004
73,82,161.0,103.7144
73,83,160.0,104.92374
73,84,159.0,104.623276
73,85,158.0,104.71451
73,86,157.0,105.10554
73,87,156.0,102.07988
73,88,155.0,110.185616
73,89,154.0,104.12012
73,90,153.0,101.296715
73,91,152.0,101.206154
73,92,151.0,110.51152
73,93,150.0,109.34441
73,94,149.0,106.1568
73,95,148.0,107.402054
73,96,147.0,95.52475
73,97,146.0,99.209
73,98,145.0,99.52582
73,99,144.0,90.23068
73,100,143.0,90.51928
73,101,142.0,101.469376
73,102,141.0,98.956436
73,103,140.0,107.49736
73,104,139.0,102.05618
73,105,138.0,107.93718
73,106,137.0,107.17247
73,107,136.0,109.64443
73,108,135.0,114.26068
73,109,134.0,106.14665
73,110,133.0,91.901306
73,111,132.0,90.48051
73,112,131.0,89.57179
74,30,226.0,124.984116
74,31,226.0,125.23046
74,32,226.0,122.89398
74,33,226.0,126.865845
74,34,226.0,129.90404
74,35,226.0,130.88857
74,36,226.0,127.42122
74,37,226.0,127.01683
74,38,225.0,130.3506
74,39,224.0,133.59715
74,40,223.0,133.00539
74,41,222.0,133.17229
74,42,221.0,133.7453
74,43,220.0,134.21849
74,44,219.0,134.36336
74,45,218.0,134.30138
74,46,217.0,134.87819
74,47,216.0,134.86787
74,48,215.0,133.91595
74,49,214.0,133.8673
74,50,213.0,133.18297
74,51,212.0,132.23607
74,52,211.0,127.87981
74,53,210.0,132.3326
74,54,209.0,131.13747
74,55,208.0,128.92467
74,56,207.0,126.42915
74,57,206.0,125.6683
74,58,205.0,129.26146
74,59,204.0,128.06514
74,60,203.0,126.59691
74,61,202.0,128.13466
74,62,201.0,123.811325
74,63,200.0,127.02577
74,64,199.0,125.724266
74,65,198.0,128.91069
74,66,197.0,130.66872
74,67,196.0,132.59865
74,68,195.0,132.82346
74,69,194.0,132.49867
74,70,193.0,131.89363
74,71,192.0,131.903
74,72,191.0,131.29187
74,73,190.0,131.77074
74,74,189.0,130.6928
74,75,188.0,132.26364
74,76,187.0,132.82214
74,77,186.0,133.26256
74,78,185.0,132.68651
74,79,184.0,131.5234
74,80,183.0,131.99504
74,81,182.0,130.98358
74,82,181.0,130.87312
74,83,180.0,130.11635
74,84,179.0,128.95454
74,85,178.0,127.564545
74,86,177.0,121.428894
74,87,176.0,123.71283
74,88,175.0,123.58528
74,89,174.0,124.29917
74,90,173.0,123.80946
74,91,172.0,120.419014
74,92,171.0,113.57965
74,93,170.0,95.398865
74,94,169.0,95.37245
74,95,168.0,96.54747
74,96,167.0,94.76337
74,97,166.0,96.42154
74,98,165.0,97.32857
74,99,164.0,106.77327
74,100,163.0,102.59722
74,101,162.0,101.90826
74,102,161.0,101.90358
74,103,160.0,98.20784
74,104,159.0,111.05896
74,105,158.0,117.39405
74,106,157.0,124.56239
74,107,156.0,125.294785
74,108,155.0,128.70215
74,109,154.0,129.8713
74,110,153.0,130.49062
74,111,152.0,132.58186
74,112,151.0,131.74199
74,113,150.0,131.94945
74,114,149.0,131.36453
74,115,148.0,128.4998
74,116,147.0,127.4566
74,117,146.0,129.63066
74,118,145.0,129.46826
74,119,144.0,130.01404
74,120,143.0,130.21574
74,121,142.0,128.40894
74,122,141.0,127.928185
74,123,140.0,126.23797
74,124,139.0,124.00338
74,125,138.0,122.74759
74,126,137.0,119.681595
74,127,136.0,117.27642
74,128,135.0,121.13922
74,129,134.0,123.04718
74,130,133.0,123.06416
74,131,132.0,123.98417
74,132,131.0,118.718925
74,133,130.0,119.95864
74,134,129.0,118.192406
74,135,128.0,123.471954
74,136,127.0,126.46759
74,137,126.0,126.30961
75,30,171.0,104.82031
75,31,170.0,109.203545
75,32,169.0,113.53162
75,33,168.0,110.601395
75,34,167.0,114.18624
75,35,166.0,121.635666
75,36,165.0,123.27931
75,37,164.0,126.05312
75,38,163.0,122.33486
75,39,162.0,125.88295
75,40,161.0,125.96021
75,41,160.0,122.26396
75,42,159.0,121.454216
75,43,158.0,122.02243
75,44,157.0,120.796326
75,45,156.0,112.12117
75,46,155.0,119.0942
75,47,154.0,116.07674
75,48,153.0,110.83559
75,49,152.0,104.3971
75,50,151.0,98.99157
75,51,150.0,103.186935
75,52,149.0,104.45003
75,53,148.0,107.86592
75,54,147.0,106.02739
75,55,146.0,110.38197
75,56,145.0,111.60379
75,57,144.0,113.15277
75,58,143.0,111.08151
75,59,142.0,113.87207
75,60,141.0,118.612
75,61,140.0,110.74791
75,62,139.0,110.15267
75,63,138.0,120.181046
75,64,137.0,119.93623
75,65,136.0,117.71274
75,66,135.0,117.57958
75,67,134.0,117.78396
75,68,133.0,123.57657
75,69,132.0,132.72285
75,70,131.0,129.08974
75,71,130.0,125.2375
75,72,129.0,126.35758
75,73,128.0,128.6511
75,74,127.0,119.98746
75,75,126.0,112.907135
75,76,125.0,111.78091
75,77,124.0,129.10661
75,78,123.0,117.96997
75,79,122.0,110.72484
75,80,121.0,108.43895
75,81,120.0,122.02834
75,82,119.0,120.48277
75,83,118.0,114.636
75,84,117.0,118.36081
75,85,116.0,120.48643
75,86,115.0,115.080185
75,87,114.0,121.75688
75,88,113.0,116.041985
76,30,185.0,122.25435
76,31,184.0,120.18396
76,32,183.0,127.52447
76,33,182.0,126.753815
76,34,181.0,126.78865
76,35,180.0,133.1137
76,36,179.0,132.13315
76,37,178.0,130.95691
76,38,177.0,134.04327
76,39,176.0,126.578674
76,40,175.0,125.30122
76,41,174.0,132.98509
76,42,173.0,132.07628
76,43,172.0,130.86906
76,44,171.0,134.2192
76,45,170.0,132.22194
76,46,169.0,123.23437
76,47,168.0,122.08029
76,48,167.0,122.001236
76,49,166.0,121.59096
76,50,165.0,122.27985
76,51,164.0,124.99965
76,52,163.0,124.814384
76,53,162.0,126.4861
76,54,161.0,129.28935
76,55,160.0,128.22328
76,56,159.0,126.20093
76,57,158.0,124.483696
76,58,157.0,126.288605
76,59,156.0,119.0732
76,60,155.0,116.75863
76,61,154.0,126.07326
76,62,153.0,123.56299
76,63,152.0,125.39711
76,64,151.0,120.012146
76,65,150.0,120.93975
76,66,149.0,123.38776
76,67,148.0,122.78131
76,68,147.0,113.12254
76,69,146.0,112.31477
76,70,145.0,112.7207
76,71,144.0,109.70982
76,72,143.0,117.996155
76,73,142.0,128.40282
76,74,141.0,127.76337
76,75,140.0,118.88515
76,76,139.0,111.78417
76,77,138.0,111.80718
76,78,137.0,102.30008
76,79,136.0,100.195015
76,80,135.0,98.03875
76,81,134.0,97.93787
76,82,133.0,108.47835
76,83,132.0,109.814125
76,84,131.0,115.97244
76,85,130.0,120.158485
76,86,129.0,111.53023
76,87,128.0,108.312355
76,88,127.0,109.164894
76,89,126.0,104.310165
76,90,125.0,103.74112
76,91,124.0,119.11523
76,92,123.0,118.67709
76,93,122.0,116.05501
76,94,121.0,118.587234
76,95,120.0,119.93619
76,96,119.0,124.17952
76,97,118.0,127.704575
76,98,117.0,128.49791
76,99,116.0,123.77739
76,100,115.0,118.72186
76,101,114.0,114.33598
76,102,113.0,114.7605
76,103,112.0,114.69348
76,104,111.0,112.91052
76,105,110.0,119.6968
76,106,109.0,122.45465
76,107,108.0,114.53566
76,108,107.0,108.56554
76,109,106.0,103.62471
76,110,105.0,108.74185
76,111,104.0,110.665016
76,112,103.0,102.86409
76,113,102.0,105.133286
76,114,101.0,106.22768
76,115,100.0,104.57626
76,116,99.0,105.68701
76,117,98.0,99.48193
76,118,97.0,89.93567
76,119,96.0,88.201004
76,120,95.0,91.16219
76,121,94.0,95.38388
76,122,93.0,92.04874
76,123,92.0,85.0212
76,124,91.0,83.83553
76,125,90.0,78.68773
76,126,89.0,77.42949
76,127,88.0,87.60866
76,128,87.0,91.4138
76,129,86.0,93.95649
76,130,85.0,86.66589
76,131,84.0,79.96309
76,132,83.0,74.29255
76,133,82.0,73.09076
76,134,81.0,73.27008
76,135,80.0,74.35839
76,136,79.0,72.94573
76,137,78.0,74.450645
76,138,77.0,74.49975
76,139,76.0,75.22415
76,140,75.0,72.21352
76,141,74.0,68.905174
76,142,73.0,64.08696
76,143,72.0,62.990883
76,144,71.0,59.684128
76,145,70.0,64.93893
76,146,69.0,73.11777
76,147,68.0,76.19361
76,148,67.0,78.97286
76,149,66.0,80.51576
76,150,65.0,76.332634
76,151,64.0,82.461555
76,152,63.0,79.49248
76,153,62.0,71.13399
76,154,61.0,73.283455
76,155,60.0,74.49598
76,156,59.0,79.01404
76,157,58.0,77.23814
76,158,57.0,74.07521
76,159,56.0,70.79179
76,160,55.0,74.35921
76,161,54.0,66.95464
76,162,53.0,64.26782
76,163,52.0,65.006256
76,164,51.0,62.472946
76,165,50.0,58.75555
76,166,49.0,56.29888
76,167,48.0,56.61831
76,168,47.0,51.255013
76,169,46.0,55.13063
76,170,45.0,48.65628
76,171,44.0,48.986397
76,172,43.0,48.369972
76,173,42.0,46.5621
76,174,41.0,47.547764
76,175,40.0,49.191597
76,176,39.0,52.10544
76,177,38.0,46.62648
76,178,37.0,43.179047
76,179,36.0,44.05799
76,180,35.0,40.436226
76,181,34.0,44.008934
76,182,33.0,43.173553
76,183,32.0,43.7349
76,184,31.0,41.707893
76,185,30.0,43.146492
76,186,29.0,41.52875
76,187,28.0,40.334
76,188,27.0,34.308643
76,189,26.0,35.324574
76,190,25.0,33.899452
76,191,24.0,33.331497
76,192,23.0,32.070732
76,193,22.0,31.59388
76,194,21.0,27.432526
76,195,20.0,26.98004
76,196,19.0,26.108051
76,197,18.0,26.974676
76,198,17.0,24.76516
76,199,16.0,23.88256
76,200,15.0,23.085533
76,201,14.0,21.692768
76,202,13.0,19.590435
76,203,12.0,18.65011
76,204,11.0,16.236269
76,205,10.0,15.057189
77,30,166.0,122.670685
77,31,165.0,126.75466
77,32,164.0,117.63852
77,33,163.0,109.74315
77,34,162.0,111.544304
77,35,161.0,107.40614
77,36,160.0,105.6896
77,37,159.0,103.55247
77,38,158.0,108.47515
77,39,157.0,116.341934
77,40,156.0,116.88289
77,41,155.0,114.764145
77,42,154.0,117.752625
77,43,153.0,111.22433
77,44,152.0,109.06707
77,45,151.0,106.29521
77,46,150.0,96.11545
77,47,149.0,92.275894
77,48,148.0,104.43677
77,49,147.0,97.7657
77,50,146.0,93.42027
77,51,145.0,97.59994
77,52,144.0,100.66754
77,53,143.0,105.08373
77,54,142.0,115.46507
77,55,141.0,122.332695
77,56,140.0,125.66503
77,57,139.0,124.351944
77,58,138.0,125.8103
77,59,137.0,130.43456
77,60,136.0,126.06582
77,61,135.0,120.29387
77,62,134.0,120.484924
77,63,133.0,120.899895
77,64,132.0,110.7101
77,65,131.0,110.71172
77,66,130.0,109.70422
77,67,129.0,111.57614
77,68,128.0,111.88331
77,69,127.0,118.796394
77,70,126.0,118.73998
77,71,125.0,104.85573
77,72,124.0,120.9933
77,73,123.0,114.80497
77,74,122.0,106.68077
77,75,121.0,101.945145
77,76,120.0,94.76274
77,77,119.0,96.36188
77,78,118.0,87.04482
77,79,117.0,86.49341
77,80,116.0,85.80899
77,81,115.0,85.71062
77,82,114.0,101.43046
77,83,113.0,120.7065
77,84,112.0,121.49706
77,85,111.0,129.17781
77,86,110.0,129.49385
77,87,109.0,121.373886
77,88,108.0,125.49947
77,89,107.0,129.49312
77,90,106.0,131.03561
77,91,105.0,133.32753
77,92,104.0,131.91383
77,93,103.0,130.82347
77,94,102.0,132.19887
77,95,101.0,128.56252
77,96,100.0,132.04964
77,97,99.0,134.37267
77,98,98.0,134.24284
77,99,97.0,135.13275
77,100,96.0,132.27083
77,101,95.0,133.39009
77,102,94.0,134.64084
77,103,93.0,131.21382
77,104,92.0,132.67786
77,105,91.0,126.6082
77,106,90.0,118.99446
77,107,89.0,118.86026
77,108,88.0,126.54114
77,109,87.0,123.46859
77,110,86.0,116.88363
77,111,85.0,102.168594
77,112,84.0,88.85274
77,113,83.0,77.79955
77,114,82.0,73.20704
77,115,81.0,67.06233
77,116,80.0,62.473797
77,117,79.0,59.048744
77,118,78.0,58.74933
77,119,77.0,53.552513
77,120,76.0,53.661957
77,121,75.0,51.382595
77,122,74.0,52.166405
77,123,73.0,53.190598
77,124,72.0,55.36499
77,125,71.0,57.70197
77,126,70.0,58.87653
77,127,69.0,58.992935
77,128,68.0,58.4409
77,129,67.0,57.876484
77,130,66.0,57.126896
77,131,65.0,57.79259
77,132,64.0,60.36693
77,133,63.0,68.499466
77,134,62.0,64.05868
77,135,61.0,68.24394
77,136,60.0,78.60514
77,137,59.0,82.071594
77,138,58.0,84.65776
77,139,57.0,91.25351
77,140,56.0,93.330826
77,141,55.0,93.23448
77,142,54.0,88.56459
77,143,53.0,87.07631
77,144,52.0,77.624405
77,145,51.0,64.50625
77,146,50.0,59.10807
77,147,49.0,53.31217
77,148,48.0,45.499874
77,149,47.0,43.807304
77,150,46.0,40.209152
77,151,45.0,38.657784
77,152,44.0,36.751648
77,153,43.0,41.007256
77,154,42.0,45.643776
77,155,41.0,44.865005
77,156,40.0,41.476433
77,157,39.0,38.71584
77,158,38.0,36.41366
77,159,37.0,35.65234
77,160,36.0,35.530434
77,161,35.0,34.84036
77,162,34.0,37.15946
78,30,149.0,135.54395
78,31,148.0,135.22682
78,32,147.0,132.9378
78,33,146.0,133.47795
78,34,145.0,131.07964
78,35,144.0,131.34824
78,36,143.0,133.45842
78,37,142.0,131.55263
78,38,141.0,126.41914
78,39,140.0,126.47362
78,40,139.0,127.1687
78,41,138.0,124.56617
78,42,137.0,130.00758
78,43,136.0,131.37453
78,44,135.0,130.06956
78,45,134.0,132.91997
78,46,133.0,131.98674
78,47,132.0,131.57643
78,48,131.0,130.38963
78,49,130.0,127.710754
78,50,129.0,133.82948
78,51,128.0,133.40034
78,52,127.0,134.01118
78,53,126.0,134.04698
78,54,125.0,132.7656
78,55,124.0,129.93797
78,56,123.0,129.6799
78,57,122.0,130.44983
78,58,121.0,133.38954
78,59,120.0,133.33522
78,60,119.0,131.05736
78,61,118.0,131.87561
78,62,117.0,135.70256
78,63,116.0,135.0575
78,64,115.0,131.5325
78,65,114.0,132.57373
78,66,113.0,134.60071
78,67,112.0,133.84297
78,68,111.0,134.4334
78,69,110.0,134.92867
78,70,109.0,133.88332
78,71,108.0,131.37836
78,72,107.0,133.42389
79,30,134.0,95.171646
79,31,133.0,105.02652
79,32,132.0,109.82271
79,33,131.0,95.70971
79,34,130.0,105.17448
79,35,129.0,108.68115
79,36,128.0,115.88335
79,37,127.0,118.06993
79,38,126.0,115.16266
79,39,125.0,117.27136
79,40,124.0,119.420525
79,41,123.0,123.57822
79,42,122.0,121.024124
79,43,121.0,117.88263
79,44,120.0,113.66615
79,45,119.0,123.40442
79,46,118.0,130.67381
79,47,117.0,129.03987
79,48,116.0,133.50877
79,49,115.0,132.5634
79,50,114.0,131.37447
79,51,113.0,133.75139
79,52,112.0,130.97745
79,53,111.0,129.42967
79,54,110.0,131.8856
79,55,109.0,124.126366
79,56,108.0,117.581955
79,57,107.0,113.05213
79,58,106.0,122.45033
79,59,105.0,121.07443
79,60,104.0,128.89584
79,61,103.0,127.85134
79,62,102.0,125.95193
79,63,101.0,124.54669
79,64,100.0,123.62962
79,65,99.0,124.218765
79,66,98.0,129.43394
79,67,97.0,126.755875
79,68,96.0,125.50052
79,69,95.0,127.52139
79,70,94.0,129.19194
79,71,93.0,126.705246
79,72,92.0,126.551254
79,73,91.0,124.80916
79,74,90.0,120.71977
79,75,89.0,107.1786
79,76,88.0,102.4362
79,77,87.0,103.45245
79,78,86.0,123.60007
79,79,85.0,127.26893
79,80,84.0,128.13838
79,81,83.0,125.14869
79,82,82.0,125.49246
79,83,81.0,120.27789
79,84,80.0,116.74116
79,85,79.0,104.78226
79,86,78.0,103.53746
79,87,77.0,108.74716
79,88,76.0,104.68762
79,89,75.0,96.07519
79,90,74.0,95.47673
79,91,73.0,84.98897
79,92,72.0,79.2905
79,93,71.0,73.16463
79,94,70.0,74.69302
79,95,69.0,77.71288
79,96,68.0,77.268326
79,97,67.0,72.524826
79,98,66.0,81.54507
79,99,65.0,91.81125
79,100,64.0,107.75392
79,101,63.0,102.29277
80,30,193.0,135.3107
80,31,192.0,134.2292
80,32,191.0,130.10019
80,33,190.0,131.89636
80,34,189.0,132.42677
80,35,188.0,133.56226
80,36,187.0,133.54103
80,37,186.0,133.65273
80,38,185.0,132.79979
80,39,184.0,132.62465
80,40,183.0,132.15283
80,41,182.0,132.23148
80,42,181.0,126.07094
80,43,180.0,128.03908
80,44,179.0,129.15584
80,45,178.0,130.07967
80,46,177.0,133.70744
80,47,176.0,134.9656
80,48,175.0,134.26826
80,49,174.0,132.37483
80,50,173.0,130.13942
80,51,172.0,131.45485
80,52,171.0,131.79417
80,53,170.0,131.36192
80,54,169.0,130.1749
80,55,168.0,131.55986
80,56,167.0,133.6411
80,57,166.0,133.65398
80,58,165.0,133.58488
80,59,164.0,131.46016
80,60,163.0,131.26433
80,61,162.0,131.5121
80,62,161.0,132.40819
80,63,160.0,132.58838
80,64,159.0,131.9479
80,65,158.0,134.4644
80,66,157.0,135.72343
80,67,156.0,133.46643
80,68,155.0,132.87473
80,69,154.0,133.96872
80,70,153.0,132.6791
80,71,152.0,128.62386
80,72,151.0,126.71025
80,73,150.0,126.855736
80,74,149.0,129.545
80,75,148.0,132.8905
80,76,147.0,132.98009
80,77,146.0,129.91386
80,78,145.0,122.37288
80,79,144.0,127.480515
80,80,143.0,124.605865
80,81,142.0,126.52076
80,82,141.0,122.76008
80,83,140.0,122.27745
80,84,139.0,127.87538
80,85,138.0,133.14525
80,86,137.0,131.90787
80,87,136.0,130.69142
80,88,135.0,130.74553
80,89,134.0,132.03029
80,90,133.0,132.95726
80,91,132.0,129.85011
80,92,131.0,128.04901
80,93,130.0,126.03969
80,94,129.0,128.06328
80,95,128.0,129.48398
80,96,127.0,126.71608
80,97,126.0,117.80789
80,98,125.0,125.91254
80,99,124.0,117.36816
80,100,123.0,106.49138
80,101,122.0,99.75398
80,102,121.0,103.42108
80,103,120.0,114.985176
80,104,119.0,120.58388
80,105,118.0,118.904434
80,106,117.0,110.629906
80,107,116.0,91.04881
80,108,115.0,81.44191
80,109,114.0,85.90384
80,110,113.0,77.787384
80,111,112.0,70.09428
80,112,111.0,80.97959
80,113,110.0,84.32207
80,114,109.0,85.804504
80,115,108.0,105.77043
80,116,107.0,113.13246
80,117,106.0,121.74935
80,118,105.0,123.98359
80,119,104.0,124.04297
80,120,103.0,123.418945
80,121,102.0,121.34956
80,122,101.0,119.999794
80,123,100.0,124.23039
80,124,99.0,121.299194
80,125,98.0,119.368484
80,126,97.0,117.69676
80,127,96.0,116.85712
80,128,95.0,119.14892
80,129,94.0,120.885994
80,130,93.0,121.9009
80,131,92.0,122.16768
80,132,91.0,121.27446
80,133,90.0,121.27478
81,30,191.0,129.16838
81,31,190.0,129.90309
81,32,189.0,129.12016
81,33,188.0,128.93217
81,34,187.0,125.49922
81,35,186.0,120.58605
81,36,185.0,112.2643
81,37,184.0,105.96437
81,38,183.0,114.95235
81,39,182.0,117.27986
81,40,181.0,111.89048
81,41,180.0,108.99104
81,42,179.0,109.90407
81,43,178.0,109.37752
81,44,177.0,114.60866
81,45,176.0,113.73519
81,46,175.0,109.4815
81,47,174.0,112.68445
81,48,173.0,118.341156
81,49,172.0,114.41375
81,50,171.0,118.372574
81,51,170.0,118.50316
81,52,169.0,118.71646
81,53,168.0,120.3107
81,54,167.0,115.80201
81,55,166.0,114.23595
81,56,165.0,119.82833
81,57,164.0,121.38459
81,58,163.0,125.50934
81,59,162.0,126.56735
81,60,161.0,124.89339
81,61,160.0,120.971855
81,62,159.0,119.2828
81,63,158.0,121.279175
81,64,157.0,106.98445
81,65,156.0,106.77545
81,66,155.0,110.07819
81,67,154.0,117.68072
81,68,153.0,123.68327
81,69,152.0,123.536736
81,70,151.0,121.833244
81,71,150.0,116.18969
81,72,149.0,116.24641
81,73,148.0,112.0034
81,74,147.0,121.63781
81,75,146.0,121.571526
81,76,145.0,122.07957
81,77,144.0,124.50375
81,78,143.0,124.374985
81,79,142.0,125.19675
81,80,141.0,125.00861
81,81,140.0,126.624374
81,82,139.0,124.7413
81,83,138.0,127.094696
81,84,137.0,127.49359
81,85,136.0,128.41011
81,86,135.0,128.8625
81,87,134.0,132.22705
81,88,133.0,133.51508
81,89,132.0,131.82983
81,90,131.0,128.74672
81,91,130.0,130.73045
81,92,129.0,127.65866
81,93,128.0,129.54288
81,94,127.0,129.79512
81,95,126.0,129.92276
81,96,125.0,123.958374
81,97,124.0,121.01605
81,98,123.0,122.96193
81,99,122.0,127.65283
81,100,121.0,127.18074
81,101,120.0,124.71958
81,102,119.0,120.12766
81,103,118.0,126.226456
81,104,117.0,125.47711
81,105,116.0,124.29918
81,106,115.0,121.25199
81,107,114.0,117.73116
81,108,113.0,120.40061
81,109,112.0,116.99596
81,110,111.0,110.928696
81,111,110.0,100.68361
81,112,109.0,102.38107
81,113,108.0,107.54579
81,114,107.0,99.26279
81,115,106.0,90.110954
81,116,105.0,88.24488
81,117,104.0,91.397964
81,118,103.0,84.58397
81,119,102.0,75.58014
81,120,101.0,68.337845
81,121,100.0,71.428955
81,122,99.0,86.907616
81,123,98.0,90.4249
81,124,97.0,87.14647
81,125,96.0,78.679
81,126,95.0,76.55954
81,127,94.0,72.99879
81,128,93.0,78.73982
81,129,92.0,87.53543
81,130,91.0,95.42425
81,131,90.0,94.73765
81,132,89.0,94.22142
81,133,88.0,92.216415
81,134,87.0,87.417465
81,135,86.0,94.11957
81,136,85.0,107.19086
81,137,84.0,91.384575
81,138,83.0,89.362434
81,139,82.0,88.23208
81,140,81.0,87.214096
81,141,80.0,91.62315
81,142,79.0,82.943665
81,143,78.0,87.67545
81,144,77.0,87.66969
81,145,76.0,87.34532
81,146,75.0,96.01068
81,147,74.0,98.39928
81,148,73.0,97.44814
81,149,72.0,79.77193
81,150,71.0,95.45326
81,151,70.0,100.81067
81,152,69.0,102.82008
81,153,68.0,86.19681
81,154,67.0,87.1494
81,155,66.0,91.91688
81,156,65.0,90.20623
81,157,64.0,96.750885
81,158,63.0,103.43599
81,159,62.0,104.061066
81,160,61.0,105.87594
81,161,60.0,100.799164
81,162,59.0,93.230865
81,163,58.0,93.12024
81,164,57.0,98.96361
81,165,56.0,89.50511
81,166,55.0,86.336754
81,167,54.0,73.25662
81,168,53.0,69.38355
81,169,52.0,57.00088
81,170,51.0,51.61065
81,171,50.0,48.972713
81,172,49.0,50.40258
81,173,48.0,48.67765
81,174,47.0,42.228374
81,175,46.0,42.211353
81,176,45.0,46.95308
81,177,44.0,46.10924
81,178,43.0,45.38504
81,179,42.0,46.67777
81,180,41.0,45.337112
81,181,40.0,45.55839
81,182,39.0,41.42511
81,183,38.0,35.3291
81,184,37.0,28.040926
81,185,36.0,25.43385
81,186,35.0,26.989689
81,187,34.0,30.137398
81,188,33.0,27.234726
81,189,32.0,28.242243
81,190,31.0,26.57448
81,191,30.0,27.849352
81,192,29.0,27.013908
81,193,28.0,28.518164
81,194,27.0,29.483088
81,195,26.0,29.849884
81,196,25.0,29.375687
81,197,24.0,25.918964
81,198,23.0,22.139015
81,199,22.0,20.624853
81,200,21.0,21.196346
81,201,20.0,20.01508
81,202,19.0,18.040253
81,203,18.0,15.997999
81,204,17.0,15.236212
81,205,16.0,14.24059
81,206,15.0,13.592529
81,207,14.0,13.698937
81,208,13.0,14.054119
81,209,12.0,13.137736
81,210,11.0,12.9469795
81,211,10.0,11.488619
81,212,9.0,10.1799965
81,213,8.0,8.739859
82,30,141.0,105.48776
82,31,140.0,113.77579
82,32,139.0,119.25151
82,33,138.0,122.26853
82,34,137.0,126.05684
82,35,136.0,122.85313
82,36,135.0,117.0746
82,37,134.0,115.151245
82,38,133.0,105.903915
82,39,132.0,106.65597
82,40,131.0,106.66322
82,41,130.0,104.52893
82,42,129.0,100.563126
82,43,128.0,93.457306
82,44,127.0,90.40905
82,45,126.0,95.14103
82,46,125.0,96.97063
82,47,124.0,103.67949
82,48,123.0,109.85449
82,49,122.0,113.37811
82,50,121.0,110.59208
82,51,120.0,110.56589
82,52,119.0,106.70753
82,53,118.0,103.77707
82,54,117.0,103.556335
82,55,116.0,108.65459
82,56,115.0,118.3006
82,57,114.0,124.47298
82,58,113.0,112.96616
82,59,112.0,110.76638
82,60,111.0,119.926796
82,61,110.0,127.289116
82,62,109.0,127.52214
82,63,108.0,129.71936
82,64,107.0,132.81047
82,65,106.0,131.68483
82,66,105.0,132.15976
82,67,104.0,134.0764
82,68,103.0,133.13643
82,69,102.0,134.03146
82,70,101.0,134.71562
82,71,100.0,135.26112
82,72,99.0,135.02022
82,73,98.0,133.12503
82,74,97.0,132.02779
82,75,96.0,131.50346
82,76,95.0,128.43059
82,77,94.0,127.768875
82,78,93.0,127.9928
82,79,92.0,131.26366
82,80,91.0,132.03998
82,81,90.0,127.11519
82,82,89.0,118.20278
82,83,88.0,105.73328
82,84,87.0,95.70787
82,85,86.0,91.83275
82,86,85.0,90.58029
82,87,84.0,90.26608
82,88,83.0,96.1579
82,89,82.0,101.78241
82,90,81.0,99.84537
82,91,80.0,86.44258
82,92,79.0,86.90525
82,93,78.0,93.41273
82,94,77.0,95.29434
82,95,76.0,99.55054
82,96,75.0,110.42099
82,97,74.0,117.90628
82,98,73.0,112.13671
82,99,72.0,111.361755
82,100,71.0,101.5936
82,101,70.0,108.32062
82,102,69.0,118.21365
82,103,68.0,119.9583
82,104,67.0,115.00634
82,105,66.0,102.65747
82,106,65.0,89.0493
82,107,64.0,91.14763
82,108,63.0,84.560135
82,109,62.0,92.14311
82,110,61.0,89.03324
82,111,60.0,66.793915
82,112,59.0,62.35263
82,113,58.0,66.12242
82,114,57.0,61.66958
82,115,56.0,61.201073
82,116,55.0,64.48237
82,117,54.0,66.010376
82,118,53.0,67.59615
82,119,52.0,65.34355
82,120,51.0,65.7491
82,121,50.0,73.57792
82,122,49.0,62.358803
82,123,48.0,68.74951
82,124,47.0,94.37201
82,125,46.0,102.19242
82,126,45.0,98.2728
82,127,44.0,102.43358
82,128,43.0,87.41127
82,129,42.0,87.00221
82,130,41.0,92.80835
82,131,40.0,89.62674
82,132,39.0,84.39177
82,133,38.0,66.42384
82,134,37.0,71.15944
82,135,36.0,71.79726
82,136,35.0,70.77631
82,137,34.0,72.0667
82,138,33.0,64.32398
82,139,32.0,66.613495
82,140,31.0,55.684044
82,141,30.0,46.442177
82,142,29.0,43.452274
82,143,28.0,37.931572
82,144,27.0,39.562466
82,145,26.0,40.809475
82,146,25.0,40.79477
82,147,24.0,37.566193
82,148,23.0,34.96383
82,149,22.0,39.584732
82,150,21.0,36.06588
82,151,20.0,33.0059
82,152,19.0,26.432976
82,153,18.0,22.49861
82,154,17.0,21.217136
82,155,16.0,20.205952
82,156,15.0,17.665188
82,157,14.0,16.619118
82,158,13.0,15.63639
82,159,12.0,14.352236
82,160,11.0,12.044191
82,161,10.0,10.542997
82,162,9.0,8.927295
83,30,180.0,119.21278
83,31,179.0,117.90249
83,32,178.0,119.182014
83,33,177.0,121.08598
83,34,176.0,122.24976
83,35,175.0,121.0973
83,36,174.0,124.7358
83,37,173.0,114.804474
83,38,172.0,119.59057
83,39,171.0,126.88752
83,40,170.0,131.39932
83,41,169.0,132.99008
83,42,168.0,130.07933
83,43,167.0,127.681564
83,44,166.0,125.421776
83,45,165.0,122.96059
83,46,164.0,117.134346
83,47,163.0,116.86774
83,48,162.0,113.465256
83,49,161.0,109.51698
83,50,160.0,103.37301
83,51,159.0,103.01843
83,52,158.0,109.31869
83,53,157.0,106.18974
83,54,156.0,103.55395
83,55,155.0,110.8643
83,56,154.0,110.46048
83,57,153.0,119.77646
83,58,152.0,124.29096
83,59,151.0,129.71806
83,60,150.0,131.193
83,61,149.0,131.6828
83,62,148.0,129.4442
83,63,147.0,130.21768
83,64,146.0,130.82231
83,65,145.0,133.73506
83,66,144.0,131.14316
83,67,143.0,130.6105
83,68,142.0,130.87355
83,69,141.0,132.09367
83,70,140.0,132.92448
83,71,139.0,134.14574
83,72,138.0,135.71475
83,73,137.0,137.09096
84,30,200.0,133.8591
84,31,199.0,133.9686
84,32,198.0,130.93666
84,33,197.0,126.94655
84,34,196.0,128.06578
84,35,195.0,128.78893
84,36,194.0,125.08203
84,37,193.0,119.166534
84,38,192.0,114.661545
84,39,191.0,106.760315
84,40,190.0,101.826904
84,41,189.0,111.069275
84,42,188.0,121.3649
84,43,187.0,128.03566
84,44,186.0,124.03142
84,45,185.0,130.75832
84,46,184.0,130.14421
84,47,183.0,129.12996
84,48,182.0,129.80368
84,49,181.0,131.17725
84,50,180.0,130.37086
84,51,179.0,126.841446
84,52,178.0,125.90867
84,53,177.0,127.71689
84,54,176.0,129.04057
84,55,175.0,132.20879
84,56,174.0,132.79958
84,57,173.0,133.04135
84,58,172.0,131.9658
84,59,171.0,131.9546
84,60,170.0,122.4677
84,61,169.0,108.76325
84,62,168.0,95.091934
84,63,167.0,93.7505
84,64,166.0,104.96899
84,65,165.0,116.135345
84,66,164.0,116.65237
84,67,163.0,119.451225
84,68,162.0,119.94764
84,69,161.0,114.676895
84,70,160.0,111.61542
84,71,159.0,115.55769
84,72,158.0,121.189476
84,73,157.0,128.68512
84,74,156.0,133.18266
84,75,155.0,133.86504
84,76,154.0,131.8968
84,77,153.0,132.78229
84,78,152.0,134.00316
84,79,151.0,134.31575
84,80,150.0,132.32542
84,81,149.0,131.12166
84,82,148.0,130.04456
84,83,147.0,131.57417
84,84,146.0,132.41301
84,85,145.0,133.90547
84,86,144.0,134.22858
84,87,143.0,134.61836
84,88,142.0,134.70424
84,89,141.0,132.71475
84,90,140.0,129.2674
84,91,139.0,125.31856
84,92,138.0,125.52
84,93,137.0,125.92746
84,94,136.0,127.32562
84,95,135.0,129.23256
84,96,134.0,126.83525
84,97,133.0,126.07478
84,98,132.0,118.52104
84,99,131.0,99.61894
84,100,130.0,85.92874
84,101,129.0,89.68259
84,102,128.0,94.58588
84,103,127.0,99.72465
84,104,126.0,108.4633
84,105,125.0,111.22518
84,106,124.0,117.28137
84,107,123.0,126.64233
84,108,122.0,127.04332
84,109,121.0,119.47923
84,110,120.0,120.662445
84,111,119.0,115.555244
84,112,118.0,116.07246
84,113,117.0,118.36063
84,114,116.0,122.999954
84,115,115.0,124.578926
84,116,114.0,123.384056
84,117,113.0,126.204765
84,118,112.0,129.4832
84,119,111.0,130.20107
84,120,110.0,129.95186
84,121,109.0,130.62823
84,122,108.0,129.83641
84,123,107.0,130.39607
84,124,106.0,130.05006
84,125,105.0,126.31392
84,126,104.0,121.84151
84,127,103.0,122.83641
84,128,102.0,125.42755
84,129,101.0,126.06888
84,130,100.0,125.15798
84,131,99.0,122.638176
84,132,98.0,124.68238
84,133,97.0,122.7625
84,134,96.0,122.931435
84,135,95.0,122.10945
84,136,94.0,122.099884
84,137,93.0,116.67911
84,138,92.0,108.44809
84,139,91.0,101.088165
84,140,90.0,100.03011
84,141,89.0,99.37452
84,142,88.0,99.41008
84,143,87.0,89.637665
84,144,86.0,75.966545
84,145,85.0,62.570023
84,146,84.0,68.34043
84,147,83.0,75.620125
84,148,82.0,75.43407
84,149,81.0,65.20201
84,150,80.0,70.85776
84,151,79.0,73.874725
84,152,78.0,74.927505
84,153,77.0,71.78421
84,154,76.0,70.38756
84,155,75.0,68.89153
84,156,74.0,71.867645
84,157,73.0,80.88684
84,158,72.0,89.34532
84,159,71.0,84.5334
84,160,70.0,93.20956
84,161,69.0,98.14009
84,162,68.0,90.88588
84,163,67.0,84.06925
84,164,66.0,80.29858
84,165,65.0,78.33006
84,166,64.0,68.74486
84,167,63.0,73.34122
84,168,62.0,72.86183
84,169,61.0,78.44957
84,170,60.0,84.84172
84,171,59.0,83.68634
84,172,58.0,73.890305
85,30,122.0,131.85426
85,31,121.0,132.3224
85,32,120.0,133.42505
85,33,119.0,133.6617
85,34,118.0,132.64218
86,30,169.0,135.97548
86,31,168.0,136.0363
86,32,167.0,136.53831
86,33,166.0,136.51483
86,34,165.0,136.54813
86,35,164.0,136.4805
86,36,163.0,135.47314
86,37,162.0,134.38463
86,38,161.0,134.48166
86,39,160.0,134.60909
86,40,159.0,135.26663
86,41,158.0,135.30504
86,42,157.0,133.9957
86,43,156.0,132.52391
86,44,155.0,129.5078
86,45,154.0,125.998
86,46,153.0,129.80077
86,47,152.0,131.89397
86,48,151.0,126.28226
86,49,150.0,119.75132
86,50,149.0,116.81114
86,51,148.0,120.24525
86,52,147.0,125.60399
86,53,146.0,128.10815
86,54,145.0,130.84077
86,55,144.0,129.78337
86,56,143.0,128.95251
86,57,142.0,129.85138
86,58,141.0,128.03676
86,59,140.0,125.78969
86,60,139.0,128.12982
86,61,138.0,125.542786
86,62,137.0,131.15048
86,63,136.0,131.85323
86,64,135.0,133.50053
86,65,134.0,132.75748
86,66,133.0,131.10556
86,67,132.0,129.07104
86,68,131.0,128.84724
86,69,130.0,127.60002
86,70,129.0,130.6164
86,71,128.0,129.52596
86,72,127.0,125.98532
86,73,126.0,121.4069
86,74,125.0,124.90187
86,75,124.0,126.50806
86,76,123.0,128.87343
86,77,122.0,126.920525
86,78,121.0,126.85243
86,79,120.0,123.700554
86,80,119.0,124.941
86,81,118.0,124.0367
86,82,117.0,124.615265
86,83,116.0,124.00898
86,84,115.0,125.91919
86,85,114.0,128.22862
86,86,113.0,125.7655
86,87,112.0,126.038925
86,88,111.0,119.736305
86,89,110.0,113.64064
86,90,109.0,115.06329
86,91,108.0,115.897156
86,92,107.0,116.00394
86,93,106.0,117.54559
86,94,105.0,119.54357
86,95,104.0,120.908585
86,96,103.0,122.46787
86,97,102.0,123.18721
86,98,101.0,124.958595
86,99,100.0,122.58038
86,100,99.0,122.23598
86,101,98.0,122.99092
86,102,97.0,121.65968
86,103,96.0,127.26705
86,104,95.0,128.45654
86,105,94.0,129.20547
86,106,93.0,129.81754
86,107,92.0,130.23564
86,108,91.0,130.34091
86,109,90.0,129.49338
86,110,89.0,127.2962
87,30,142.0,121.46742
87,31,141.0,116.538284
87,32,140.0,117.57003
87,33,139.0,113.5146
87,34,138.0,112.364845
87,35,137.0,116.58832
87,36,136.0,127.02941
87,37,135.0,126.61386
87,38,134.0,127.593185
87,39,133.0,126.365005
87,40,132.0,129.22131
87,41,131.0,130.54657
87,42,130.0,133.01172
87,43,129.0,133.84871
87,44,128.0,127.93022
87,45,127.0,129.64455
87,46,126.0,125.51568
87,47,125.0,108.01433
87,48,124.0,108.456924
87,49,123.0,107.12366
87,50,122.0,113.040665
87,51,121.0,104.27389
87,52,120.0,110.0807
87,53,119.0,117.09215
87,54,118.0,114.84866
87,55,117.0,120.21157
87,56,116.0,113.48506
88,30,153.0,125.28158
88,31,152.0,125.43994
88,32,151.0,114.28261
88,33,150.0,106.464325
88,34,149.0,103.484924
88,35,148.0,105.63736
88,36,147.0,99.283905
88,37,146.0,102.055305
88,38,145.0,103.43103
88,39,144.0,85.863014
88,40,143.0,83.18413
88,41,142.0,88.36412
88,42,141.0,90.84098
88,43,140.0,100.3869
88,44,139.0,105.676544
88,45,138.0,109.08721
88,46,137.0,116.20986
88,47,136.0,114.9827
88,48,135.0,113.468506
88,49,134.0,111.556625
88,50,133.0,110.113
88,51,132.0,105.223434
88,52,131.0,107.13447
88,53,130.0,115.881805
88,54,129.0,110.50101
88,55,128.0,111.12242
88,56,127.0,112.239845
88,57,126.0,118.1034
88,58,125.0,119.82286
88,59,124.0,114.21535
88,60,123.0,111.21698
88,61,122.0,109.795685
88,62,121.0,110.12067
88,63,120.0,115.53519
88,64,119.0,107.34736
88,65,118.0,105.28829
88,66,117.0,108.9711
88,67,116.0,109.27179
88,68,115.0,110.813065
89,30,226.0,138.7175
89,31,226.0,137.55228
89,32,226.0,135.21046
89,33,226.0,134.33049
89,34,226.0,136.79091
89,35,226.0,136.88211
89,36,226.0,131.6263
89,37,226.0,121.24524
89,38,226.0,112.33567
89,39,226.0,129.09213
89,40,226.0,124.36545
89,41,226.0,131.06099
89,42,226.0,132.35287
89,43,226.0,132.49007
89,44,226.0,137.01671
89,45,226.0,133.91295
89,46,226.0,121.477295
89,47,226.0,114.51445
89,48,226.0,122.687256
89,49,226.0,117.95513
89,50,226.0,118.66539
89,51,226.0,131.32501
89,52,226.0,136.68935
89,53,226.0,134.57059
89,54,226.0,125.56935
89,55,226.0,124.48512
89,56,226.0,119.24716
89,57,226.0,120.14226
89,58,226.0,125.20639
89,59,226.0,128.51357
89,60,226.0,127.87372
89,61,226.0,120.74354
89,62,226.0,115.39634
89,63,226.0,121.982086
89,64,226.0,114.651535
89,65,226.0,106.540634
89,66,226.0,104.368
89,67,226.0,104.65831
89,68,226.0,112.17814
89,69,226.0,110.35852
89,70,226.0,112.4774
89,71,226.0,123.7041
89,72,226.0,128.86174
89,73,226.0,131.38351
89,74,226.0,134.52614
89,75,226.0,134.32245
89,76,226.0,136.35287
89,77,226.0,134.5059
89,78,226.0,135.00824
89,79,226.0,132.9891
89,80,226.0,134.71657
89,81,226.0,131.59798
89,82,226.0,131.52667
89,83,226.0,122.17282
89,84,226.0,116.61336
89,85,226.0,119.57138
89,86,226.0,118.27702
89,87,226.0,123.71202
89,88,225.0,129.60245
89,89,224.0,132.19193
89,90,223.0,128.2295
89,91,222.0,130.2059
89,92,221.0,134.62935
89,93,220.0,135.55397
89,94,219.0,136.2348
89,95,218.0,134.69676
89,96,217.0,130.92651
89,97,216.0,130.99727
89,98,215.0,130.39178
89,99,214.0,125.04168
89,100,213.0,120.18556
89,101,212.0,119.17755
89,102,211.0,122.86516
89,103,210.0,129.57448
89,104,209.0,130.54019
89,105,208.0,133.76395
89,106,207.0,134.14696
89,107,206.0,135.6602
89,108,205.0,135.9178
89,109,204.0,135.51604
89,110,203.0,131.61435
89,111,202.0,133.97691
89,112,201.0,133.21371
89,113,200.0,133.1041
89,114,199.0,134.14745
89,115,198.0,134.02328
89,116,197.0,131.99638
89,117,196.0,128.08284
89,118,195.0,125.4796
89,119,194.0,120.17811
89,120,193.0,126.781075
89,121,192.0,130.41568
89,122,191.0,129.01884
89,123,190.0,129.1574
89,124,189.0,127.49102
89,125,188.0,122.38893
89,126,187.0,119.81766
89,127,186.0,122.52556
89,128,185.0,123.60646
89,129,184.0,122.506546
89,130,183.0,129.4608
89,131,182.0,129.69992
89,132,181.0,126.1135
89,133,180.0,120.19669
89,134,179.0,114.032005
89,135,178.0,114.69958
89,136,177.0,115.695526
89,137,176.0,122.38011
89,138,175.0,120.16381
89,139,174.0,121.54712
89,140,173.0,121.415726
89,141,172.0,122.02737
89,142,171.0,123.022736
89,143,170.0,123.84317
89,144,169.0,124.30205
89,145,168.0,124.53783
89,146,167.0,127.14493
89,147,166.0,131.041
89,148,165.0,130.07924
89,149,164.0,130.9547
89,150,163.0,131.80626
89,151,162.0,131.67998
89,152,161.0,128.38426
89,153,160.0,126.782745
89,154,159.0,125.19057
89,155,158.0,124.190544
89,156,157.0,124.467865
89,157,156.0,127.377106
89,158,155.0,127.31002
89,159,154.0,126.57296
89,160,153.0,126.17273
89,161,152.0,124.01453
89,162,151.0,124.75933
89,163,150.0,125.84831
89,164,149.0,127.35561
89,165,148.0,127.21022
89,166,147.0,126.18559
89,167,146.0,125.90499
89,168,145.0,125.97139
89,169,144.0,122.47694
89,170,143.0,122.86368
89,171,142.0,120.64711
89,172,141.0,120.02951
89,173,140.0,126.29682
89,174,139.0,124.84917
89,175,138.0,125.46423
89,176,137.0,125.812584
89,177,136.0,125.19971
90,30,144.0,134.91806
90,31,143.0,135.71385
90,32,142.0,134.3962
90,33,141.0,134.98268
90,34,140.0,134.09221
90,35,139.0,134.40019
90,36,138.0,135.12529
90,37,137.0,135.66151
90,38,136.0,135.7298
90,39,135.0,135.38084
90,40,134.0,135.34938
90,41,133.0,135.9473
90,42,132.0,134.04561
90,43,131.0,130.70656
90,44,130.0,123.771645
90,45,129.0,120.92539
90,46,128.0,124.146614
90,47,127.0,124.4547
90,48,126.0,116.82646
90,49,125.0,109.50801
90,50,124.0,114.294586
90,51,123.0,112.63348
90,52,122.0,115.60144
90,53,121.0,116.60513
90,54,120.0,108.075485
90,55,119.0,94.45761
90,56,118.0,89.98378
90,57,117.0,80.78873
90,58,116.0,79.8299
90,59,115.0,77.30745
90,60,114.0,82.109406
90,61,113.0,81.00898
90,62,112.0,82.33524
90,63,111.0,81.15651
90,64,110.0,79.27161
90,65,109.0,84.95579
90,66,108.0,89.719696
90,67,107.0,94.41817
90,68,106.0,97.72296
90,69,105.0,105.61026
90,70,104.0,114.40692
90,71,103.0,118.6204
90,72,102.0,120.708664
90,73,101.0,125.61235
90,74,100.0,122.47159
90,75,99.0,126.52845
90,76,98.0,119.207565
90,77,97.0,118.62124
90,78,96.0,115.40602
90,79,95.0,123.77816
90,80,94.0,126.956406
90,81,93.0,130.53506
90,82,92.0,130.69868
90,83,91.0,130.3824
90,84,90.0,130.17192
90,85,89.0,127.6251
90,86,88.0,124.84607
90,87,87.0,123.15358
90,88,86.0,125.99469
90,89,85.0,126.82139
90,90,84.0,128.14676
90,91,83.0,128.71426
90,92,82.0,125.73016
90,93,81.0,127.561554
90,94,80.0,121.79564
90,95,79.0,115.953766
90,96,78.0,106.08427
90,97,77.0,112.10631
90,98,76.0,102.267685
90,99,75.0,115.65944
90,100,74.0,121.66703
90,101,73.0,122.63478
90,102,72.0,125.24061
90,103,71.0,122.42879
90,104,70.0,122.51752
90,105,69.0,116.83635
90,106,68.0,102.866486
90,107,67.0,102.614914
90,108,66.0,97.35469
90,109,65.0,98.60655
90,110,64.0,107.0853
90,111,63.0,95.60101
90,112,62.0,94.66649
90,113,61.0,91.50467
90,114,60.0,96.03205
90,115,59.0,92.060005
90,116,58.0,91.36634
90,117,57.0,83.336975
90,118,56.0,76.68927
90,119,55.0,77.97755
90,120,54.0,78.38142
90,121,53.0,81.12726
90,122,52.0,76.68271
90,123,51.0,75.50638
90,124,50.0,71.310585
90,125,49.0,67.12643
90,126,48.0,62.530777
90,127,47.0,56.779655
90,128,46.0,51.139717
90,129,45.0,51.906357
90,130,44.0,53.526344
90,131,43.0,51.618458
90,132,42.0,48.80027
90,133,41.0,52.207176
90,134,40.0,53.478756
90,135,39.0,54.004906
90,136,38.0,58.301003
90,137,37.0,55.458614
90,138,36.0,56.454124
90,139,35.0,58.34192
90,140,34.0,55.389523
90,141,33.0,53.387093
90,142,32.0,49.095116
90,143,31.0,46.32148
90,144,30.0,43.15193
90,145,29.0,37.33058
90,146,28.0,36.62109
91,30,226.0,119.886894
91,31,226.0,118.307556
91,32,226.0,114.91546
91,33,226.0,116.543106
91,34,226.0,119.9664
91,35,226.0,119.75296
91,36,226.0,122.88634
91,37,226.0,124.338776
91,38,226.0,121.54645
91,39,226.0,122.78514
91,40,226.0,123.74539
91,41,226.0,124.29613
91,42,226.0,126.34766
91,43,226.0,128.81818
91,44,226.0,127.41713
91,45,226.0,127.69704
91,46,226.0,128.64429
91,47,225.0,128.7264
91,48,224.0,128.08199
91,49,223.0,129.62828
91,50,222.0,127.91998
91,51,221.0,124.65553
91,52,220.0,126.48394
91,53,219.0,128.7104
91,54,218.0,123.07359
91,55,217.0,120.00377
91,56,216.0,116.92988
91,57,215.0,112.25056
91,58,214.0,115.21027
91,59,213.0,111.63632
91,60,212.0,120.32063
91,61,211.0,126.36412
91,62,210.0,125.8207
91,63,209.0,125.95252
91,64,208.0,129.03317
91,65,207.0,130.13762
91,66,206.0,131.47777
91,67,205.0,129.6562
91,68,204.0,129.89525
91,69,203.0,128.61258
91,70,202.0,127.87297
91,71,201.0,127.4733
91,72,200.0,129.50966
91,73,199.0,130.36795
91,74,198.0,129.10336
91,75,197.0,130.28685
91,76,196.0,127.6144
91,77,195.0,126.50475
91,78,194.0,126.31216
91,79,193.0,126.42149
91,80,192.0,126.35631
91,81,191.0,124.735565
91,82,190.0,120.05699
91,83,189.0,121.7604
91,84,188.0,119.363846
91,85,187.0,111.82555
91,86,186.0,104.12184
91,87,185.0,104.44914
91,88,184.0,111.31694
91,89,183.0,120.933395
91,90,182.0,121.58815
91,91,181.0,121.56183
91,92,180.0,119.51358
91,93,179.0,122.42517
91,94,178.0,118.38756
91,95,177.0,122.574326
91,96,176.0,123.122154
91,97,175.0,120.640114
91,98,174.0,116.00549
91,99,173.0,116.70385
91,100,172.0,116.59539
91,101,171.0,119.22284
91,102,170.0,123.66616
91,103,169.0,125.88941
91,104,168.0,126.88103
91,105,167.0,122.9479
91,106,166.0,116.91072
91,107,165.0,115.70861
91,108,164.0,117.29697
91,109,163.0,106.8598
91,110,162.0,97.574326
91,111,161.0,108.88738
91,112,160.0,112.116394
91,113,159.0,114.45959
91,114,158.0,105.99086
91,115,157.0,96.64523
91,116,156.0,111.652794
91,117,155.0,115.20236
91,118,154.0,122.52743
91,119,153.0,125.241425
91,120,152.0,123.062035
91,121,151.0,119.98616
91,122,150.0,117.62983
91,123,149.0,118.43808
91,124,148.0,119.463005
91,125,147.0,115.338745
91,126,146.0,117.17549
91,127,145.0,117.65846
91,128,144.0,122.651596
91,129,143.0,122.983665
91,130,142.0,121.03137
91,131,141.0,121.361404
91,132,140.0,122.81066
91,133,139.0,119.65999
91,134,138.0,112.91699
91,135,137.0,112.446304
91,136,136.0,109.32434
91,137,135.0,103.52849
91,138,134.0,95.641945
91,139,133.0,90.39598
91,140,132.0,94.16816
91,141,131.0,99.98163
91,142,130.0,91.33705
91,143,129.0,84.377235
91,144,128.0,67.93736
91,145,127.0,63.97065
91,146,126.0,68.89705
91,147,125.0,75.45303
91,148,124.0,74.683136
91,149,123.0,71.680664
91,150,122.0,67.81425
91,151,121.0,69.72614
91,152,120.0,74.991516
91,153,119.0,75.10515
91,154,118.0,76.40956
91,155,117.0,77.088486
91,156,116.0,81.45979
91,157,115.0,96.28589
91,158,114.0,98.244446
91,159,113.0,97.4832
91,160,112.0,99.5097
91,161,111.0,102.04968
91,162,110.0,108.191475
91,163,109.0,105.06186
91,164,108.0,101.78415
91,165,107.0,103.900406
91,166,106.0,103.14035
91,167,105.0,104.17131
91,168,104.0,99.767624
91,169,103.0,95.5568
91,170,102.0,95.900536
91,171,101.0,95.453766
91,172,100.0,94.94015
91,173,99.0,89.93906
91,174,98.0,89.41719
91,175,97.0,93.67795
91,176,96.0,90.4305
91,177,95.0,82.461464
91,178,94.0,82.57248
91,179,93.0,74.50456
91,180,92.0,64.687
91,181,91.0,58.89289
91,182,90.0,59.765873
91,183,89.0,61.22419
91,184,88.0,66.91825
91,185,87.0,75.759445
91,186,86.0,75.16909
91,187,85.0,74.251335
91,188,84.0,69.54291
91,189,83.0,74.67163
91,190,82.0,70.06329
91,191,81.0,72.0709
91,192,80.0,74.19663
91,193,79.0,66.05813
91,194,78.0,67.835175
91,195,77.0,69.37662
91,196,76.0,68.79543
91,197,75.0,67.65892
91,198,74.0,64.84107
91,199,73.0,61.285824
91,200,72.0,59.520416
91,201,71.0,56.2334
91,202,70.0,57.972633
91,203,69.0,62.094955
91,204,68.0,62.41682
91,205,67.0,64.321594
91,206,66.0,60.79962
91,207,65.0,58.92153
91,208,64.0,52.406296
91,209,63.0,50.919655
91,210,62.0,40.493683
91,211,61.0,38.94973
91,212,60.0,40.732002
91,213,59.0,39.138603
91,214,58.0,40.93438
91,215,57.0,40.12999
91,216,56.0,34.16235
91,217,55.0,31.483332
91,218,54.0,33.382782
91,219,53.0,34.093792
91,220,52.0,33.922764
91,221,51.0,29.58653
91,222,50.0,27.121746
91,223,49.0,25.950844
91,224,48.0,25.581745
91,225,47.0,27.787395
91,226,46.0,24.091152
91,227,45.0,23.29678
91,228,44.0,22.79568
91,229,43.0,21.96526
91,230,42.0,21.891323
91,231,41.0,20.610838
91,232,40.0,21.902721
91,233,39.0,22.036713
91,234,38.0,22.976267
92,30,140.0,132.10481
92,31,139.0,131.40965
92,32,138.0,130.58345
92,33,137.0,128.86537
92,34,136.0,122.618195
92,35,135.0,118.00244
92,36,134.0,120.112335
92,37,133.0,122.413315
92,38,132.0,121.144226
92,39,131.0,121.09305
92,40,130.0,123.367645
92,41,129.0,124.96985
92,42,128.0,123.81995
92,43,127.0,125.70705
92,44,126.0,124.12528
92,45,125.0,122.39349
92,46,124.0,121.26199
92,47,123.0,117.50711
92,48,122.0,115.42804
92,49,121.0,111.37581
92,50,120.0,105.6763
92,51,119.0,107.68617
92,52,118.0,109.28384
92,53,117.0,104.33324
92,54,116.0,106.539154
92,55,115.0,117.704384
92,56,114.0,113.91345
92,57,113.0,122.64296
92,58,112.0,126.2775
92,59,111.0,127.63808
92,60,110.0,126.301414
92,61,109.0,122.29326
92,62,108.0,119.40494
92,63,107.0,117.99443
92,64,106.0,115.01727
92,65,105.0,121.13323
92,66,104.0,121.461395
92,67,103.0,122.18266
92,68,102.0,120.028946
92,69,101.0,118.23703
92,70,100.0,114.99716
92,71,99.0,113.927414
92,72,98.0,119.092705
92,73,97.0,121.82178
92,74,96.0,115.609856
92,75,95.0,108.05861
92,76,94.0,103.612854
92,77,93.0,91.56193
92,78,92.0,78.63078
92,79,91.0,76.26806
92,80,90.0,77.91792
92,81,89.0,74.32089
92,82,88.0,78.53189
92,83,87.0,84.20342
92,84,86.0,83.44505
92,85,85.0,87.800285
92,86,84.0,85.90001
92,87,83.0,79.21718
92,88,82.0,76.29642
92,89,81.0,84.40997
92,90,80.0,80.96068
92,91,79.0,80.870285
92,92,78.0,78.364365
92,93,77.0,77.01628
92,94,76.0,85.45816
92,95,75.0,84.70451
92,96,74.0,82.06198
92,97,73.0,81.61724
92,98,72.0,85.28612
92,99,71.0,83.486206
92,100,70.0,86.10301
92,101,69.0,85.55382
92,102,68.0,92.82703
92,103,67.0,90.83299
92,104,66.0,83.36076
92,105,65.0,83.21933
92,106,64.0,86.60038
92,107,63.0,79.815765
92,108,62.0,75.3322
92,109,61.0,76.94402
92,110,60.0,80.87885
92,111,59.0,80.69113
92,112,58.0,84.213234
92,113,57.0,87.292915
92,114,56.0,89.28027
92,115,55.0,89.685486
92,116,54.0,89.28406
92,117,53.0,87.16791
92,118,52.0,87.46295
92,119,51.0,84.3518
92,120,50.0,81.00157
92,121,49.0,74.15646
92,122,48.0,67.23146
92,123,47.0,65.72171
92,124,46.0,62.188736
92,125,45.0,65.72601
92,126,44.0,68.61641
92,127,43.0,70.49448
92,128,42.0,64.641495
92,129,41.0,59.235905
92,130,40.0,61.7768
92,131,39.0,60.35527
92,132,38.0,55.01434
92,133,37.0,45.36783
92,134,36.0,46.336506
92,135,35.0,46.26272
92,136,34.0,37.728615
92,137,33.0,30.58675
92,138,32.0,26.717014
92,139,31.0,28.468449
92,140,30.0,27.087395
92,141,29.0,30.817478
92,142,28.0,27.201263
92,143,27.0,23.961746
92,144,26.0,24.559864
92,145,25.0,24.033802
92,146,24.0,23.79118
92,147,23.0,23.221977
92,148,22.0,21.663784
92,149,21.0,20.638756
92,150,20.0,18.709648
93,30,226.0,125.97751
93,31,226.0,127.35123
93,32,226.0,129.90459
93,33,226.0,129.77379
93,34,226.0,129.62956
93,35,226.0,128.56473
93,36,226.0,126.23617
93,37,226.0,126.66153
93,38,226.0,127.579254
93,39,226.0,125.9464
93,40,226.0,126.91415
93,41,226.0,125.523
93,42,226.0,127.10803
93,43,226.0,126.90525
93,44,226.0,127.997955
93,45,226.0,129.73412
93,46,226.0,128.85336
93,47,226.0,128.56937
93,48,226.0,126.979385
93,49,226.0,125.78552
93,50,226.0,119.42701
93,51,226.0,118.73712
93,52,226.0,115.88775
93,53,226.0,117.66726
93,54,226.0,115.98456
93,55,226.0,120.02495
93,56,226.0,112.806046
93,57,226.0,115.44877
93,58,226.0,114.03884
93,59,226.0,108.60976
93,60,226.0,119.563416
93,61,226.0,119.6868
93,62,226.0,119.38876
93,63,226.0,115.22391
93,64,226.0,117.589035
93,65,226.0,118.70499
93,66,226.0,119.46434
93,67,226.0,123.445015
93,68,226.0,123.37475
93,69,226.0,122.2161
93,70,226.0,123.02934
93,71,226.0,121.81337
93,72,226.0,121.34022
93,73,226.0,122.70526
93,74,226.0,123.15193
93,75,226.0,124.39585
93,76,226.0,124.49864
93,77,226.0,121.7066
93,78,226.0,119.52719
93,79,226.0,116.899704
93,80,226.0,113.10872
93,81,226.0,111.63904
93,82,226.0,109.22637
93,83,226.0,115.29472
93,84,226.0,121.90742
93,85,226.0,115.732315
93,86,226.0,113.15468
93,87,226.0,109.86783
93,88,226.0,111.01286
93,89,226.0,108.51964
93,90,226.0,110.681526
93,91,226.0,110.78901
93,92,226.0,108.72472
93,93,226.0,105.78049
93,94,226.0,95.93255
93,95,226.0,96.44568
93,96,226.0,90.94217
93,97,226.0,96.6529
93,98,226.0,104.559746
93,99,226.0,109.04628
93,100,226.0,108.64025
93,101,226.0,112.5275
93,102,226.0,116.96453
93,103,226.0,121.41724
93,104,225.0,119.837036
93,105,224.0,118.83894
93,106,223.0,113.71368
93,107,222.0,114.80664
93,108,221.0,112.64118
93,109,220.0,117.07434
93,110,219.0,115.73437
93,111,218.0,117.66453
93,112,217.0,121.58085
93,113,216.0,122.520355
93,114,215.0,120.31029
93,115,214.0,115.51486
93,116,213.0,112.04658
93,117,212.0,111.71223
93,118,211.0,112.80411
93,119,210.0,114.58524
93,120,209.0,112.50796
93,121,208.0,108.91866
93,122,207.0,108.09069
93,123,206.0,102.2413
93,124,205.0,101.09388
93,125,204.0,102.02995
93,126,203.0,96.60643
93,127,202.0,98.80102
93,128,201.0,96.94774
93,129,200.0,97.04802
93,130,199.0,102.184204
93,131,198.0,105.719955
93,132,197.0,107.039474
93,133,196.0,109.740746
93,134,195.0,108.88692
93,135,194.0,110.07233
93,136,193.0,115.63406
93,137,192.0,116.983765
93,138,191.0,113.52411
93,139,190.0,118.799934
93,140,189.0,118.10901
93,141,188.0,122.91472
93,142,187.0,123.21634
93,143,186.0,125.843994
93,144,185.0,120.10593
93,145,184.0,121.628555
93,146,183.0,120.658066
93,147,182.0,117.209785
93,148,181.0,119.12366
93,149,180.0,119.73247
93,150,179.0,119.01324
93,151,178.0,111.39413
93,152,177.0,102.33174
93,153,176.0,102.72377
93,154,175.0,108.93919
93,155,174.0,112.994156
93,156,173.0,117.484024
93,157,172.0,115.231445
93,158,171.0,114.05824
93,159,170.0,115.93855
93,160,169.0,116.87123
93,161,168.0,117.44657
93,162,167.0,116.57001
93,163,166.0,115.10189
93,164,165.0,116.50246
93,165,164.0,116.42308
93,166,163.0,122.36365
93,167,162.0,123.16939
93,168,161.0,121.98808
93,169,160.0,124.304695
93,170,159.0,123.23486
93,171,158.0,122.25096
93,172,157.0,121.30446
93,173,156.0,123.61531
93,174,155.0,122.77309
93,175,154.0,117.93008
93,176,153.0,112.72954
93,177,152.0,111.69985
93,178,151.0,106.724785
93,179,150.0,106.866104
93,180,149.0,106.62205
93,181,148.0,99.45705
93,182,147.0,95.12987
93,183,146.0,94.15523
93,184,145.0,94.0374
93,185,144.0,91.28876
93,186,143.0,90.297775
93,187,142.0,100.60397
93,188,141.0,95.47415
93,189,140.0,97.12722
93,190,139.0,101.54095
93,191,138.0,100.34013
93,192,137.0,91.07919
93,193,136.0,90.01234
93,194,135.0,93.65978
93,195,134.0,95.03506
93,196,133.0,97.69412
93,197,132.0,98.201004
93,198,131.0,97.119545
93,199,130.0,87.65811
93,200,129.0,84.144135
93,201,128.0,88.16487
93,202,127.0,87.52998
93,203,126.0,86.08302
93,204,125.0,81.93396
93,205,124.0,85.12396
93,206,123.0,84.824875
93,207,122.0,82.410324
93,208,121.0,84.27101
93,209,120.0,92.7121
93,210,119.0,87.097015
93,211,118.0,91.98573
93,212,117.0,86.66275
93,213,116.0,84.92123
93,214,115.0,81.058105
93,215,114.0,76.767654
93,216,113.0,72.390076
93,217,112.0,66.41936
93,218,111.0,67.389305
93,219,110.0,72.57263
93,220,109.0,78.60227
93,221,108.0,79.14086
93,222,107.0,75.2889
93,223,106.0,70.33196
93,224,105.0,72.02373
93,225,104.0,75.91692
93,226,103.0,71.18005
93,227,102.0,66.03355
93,228,101.0,66.13919
93,229,100.0,68.06712
93,230,99.0,67.38028
93,231,98.0,63.36235
93,232,97.0,64.54243
93,233,96.0,61.033142
93,234,95.0,61.577126
93,235,94.0,59.60328
93,236,93.0,57.063652
93,237,92.0,54.792675
93,238,91.0,56.21653
93,239,90.0,52.85172
93,240,89.0,51.53001
93,241,88.0,52.578648
93,242,87.0,52.352715
93,243,86.0,55.649822
93,244,85.0,60.70878
94,30,158.0,129.72401
94,31,157.0,128.43663
94,32,156.0,126.501175
94,33,155.0,122.34743
94,34,154.0,119.987305
94,35,153.0,108.27757
94,36,152.0,110.639915
94,37,151.0,113.58095
94,38,150.0,125.27403
94,39,149.0,124.43081
94,40,148.0,127.40921
94,41,147.0,130.5725
94,42,146.0,131.42181
94,43,145.0,132.0465
94,44,144.0,132.3412
94,45,143.0,131.83028
94,46,142.0,132.35951
94,47,141.0,131.87193
94,48,140.0,131.6398
94,49,139.0,130.48428
94,50,138.0,130.05856
94,51,137.0,131.25026
94,52,136.0,130.74254
94,53,135.0,129.49965
94,54,134.0,127.79002
94,55,133.0,126.719986
94,56,132.0,127.45825
94,57,131.0,128.60428
94,58,130.0,129.09325
94,59,129.0,128.2793
94,60,128.0,128.1547
94,61,127.0,128.10454
94,62,126.0,129.4474
94,63,125.0,127.98539
94,64,124.0,130.80437
94,65,123.0,131.8056
94,66,122.0,130.15688
94,67,121.0,130.60884
94,68,120.0,127.96059
94,69,119.0,128.17648
94,70,118.0,128.51039
94,71,117.0,128.97273
94,72,116.0,127.99798
94,73,115.0,127.68523
94,74,114.0,128.32906
94,75,113.0,127.93573
94,76,112.0,126.444885
94,77,111.0,126.31575
94,78,110.0,125.06386
94,79,109.0,124.55487
94,80,108.0,119.64877
94,81,107.0,114.65892
94,82,106.0,110.31654
94,83,105.0,113.10643
94,84,104.0,114.3595
94,85,103.0,111.47287
94,86,102.0,108.39204
94,87,101.0,101.23126
94,88,100.0,96.60329
94,89,99.0,85.77987
94,90,98.0,79.90457
94,91,97.0,89.54144
94,92,96.0,89.39816
94,93,95.0,94.19737
94,94,94.0,95.50195
94,95,93.0,100.312805
94,96,92.0,101.304665
94,97,91.0,111.81163
94,98,90.0,111.8954
94,99,89.0,112.96266
94,100,88.0,117.45488
94,101,87.0,115.81526
94,102,86.0,119.69073
94,103,85.0,119.90847
94,104,84.0,116.41249
94,105,83.0,105.87079
94,106,82.0,98.64867
94,107,81.0,94.16962
94,108,80.0,94.54066
94,109,79.0,87.98273
94,110,78.0,93.201035
94,111,77.0,92.295975
94,112,76.0,103.49685
94,113,75.0,95.05476
94,114,74.0,97.96393
94,115,73.0,105.309235
94,116,72.0,102.62192
94,117,71.0,95.42888
94,118,70.0,86.987274
94,119,69.0,99.844955
94,120,68.0,88.69827
94,121,67.0,91.96476
94,122,66.0,83.8327
94,123,65.0,71.410904
94,124,64.0,72.0142
94,125,63.0,85.4774
94,126,62.0,89.02312
94,127,61.0,90.154915
94,128,60.0,90.88339
94,129,59.0,86.22777
94,130,58.0,88.68111
94,131,57.0,75.6146
94,132,56.0,83.32733
94,133,55.0,85.426994
95,30,187.0,118.11063
95,31,186.0,118.90582
95,32,185.0,116.032326
95,33,184.0,114.98369
95,34,183.0,121.66199
95,35,182.0,122.51219
95,36,181.0,118.95828
95,37,180.0,126.38913
95,38,179.0,126.13844
95,39,178.0,125.4844
95,40,177.0,128.96295
95,41,176.0,120.582466
95,42,175.0,117.75004
95,43,174.0,114.92823
95,44,173.0,111.533966
95,45,172.0,122.86445
95,46,171.0,115.45964
95,47,170.0,106.90358
95,48,169.0,100.00862
95,49,168.0,108.105644
95,50,167.0,108.503006
95,51,166.0,105.80732
95,52,165.0,111.44957
95,53,164.0,99.620285
95,54,163.0,104.26053
95,55,162.0,98.160675
95,56,161.0,104.39929
95,57,160.0,110.9725
95,58,159.0,97.32127
95,59,158.0,113.113525
95,60,157.0,107.90709
95,61,156.0,113.156685
95,62,155.0,111.54721
95,63,154.0,105.70201
95,64,153.0,107.66362
95,65,152.0,110.49916
95,66,151.0,115.06534
95,67,150.0,112.11549
95,68,149.0,108.528854
95,69,148.0,102.50206
95,70,147.0,100.92619
95,71,146.0,105.89877
95,72,145.0,104.43225
95,73,144.0,105.76087
95,74,143.0,119.40976
95,75,142.0,113.36674
95,76,141.0,122.69507
95,77,140.0,114.048416
95,78,139.0,110.57272
95,79,138.0,114.22376
95,80,137.0,116.48328
95,81,136.0,116.5617
95,82,135.0,112.79643
95,83,134.0,113.080315
95,84,133.0,106.39279
95,85,132.0,110.28985
95,86,131.0,106.05406
95,87,130.0,107.81204
95,88,129.0,104.655426
95,89,128.0,111.80056
96,30,204.0,120.00314
96,31,203.0,118.84681
96,32,202.0,119.75149
96,33,201.0,123.95259
96,34,200.0,122.31947
96,35,199.0,124.15555
96,36,198.0,120.059845
96,37,197.0,127.00685
96,38,196.0,131.56343
96,39,195.0,133.93913
96,40,194.0,134.61305
96,41,193.0,128.13095
96,42,192.0,126.01374
96,43,191.0,119.40627
96,44,190.0,121.04665
96,45,189.0,127.07672
96,46,188.0,129.5722
96,47,187.0,130.78424
96,48,186.0,131.17381
96,49,185.0,128.6435
96,50,184.0,129.09306
96,51,183.0,124.17868
96,52,182.0,117.42936
96,53,181.0,123.04349
96,54,180.0,128.92743
96,55,179.0,126.570114
96,56,178.0,131.413
96,57,177.0,125.15379
96,58,176.0,125.28753
96,59,175.0,127.400696
96,60,174.0,120.307625
96,61,173.0,116.70334
96,62,172.0,115.27617
96,63,171.0,117.80279
96,64,170.0,122.199234
96,65,169.0,121.42341
96,66,168.0,125.39725
96,67,167.0,129.46782
96,68,166.0,127.26059
96,69,165.0,134.60938
96,70,164.0,135.9501
96,71,163.0,132.08302
96,72,162.0,134.06734
96,73,161.0,131.91936
96,74,160.0,130.15729
96,75,159.0,132.7365
96,76,158.0,132.34073
96,77,157.0,129.2093
96,78,156.0,130.64496
96,79,155.0,128.91243
96,80,154.0,124.60005
96,81,153.0,122.082985
96,82,152.0,124.170944
96,83,151.0,125.345604
96,84,150.0,125.68867
96,85,149.0,120.43735
96,86,148.0,115.94826
96,87,147.0,118.16426
96,88,146.0,120.720116
96,89,145.0,116.22864
96,90,144.0,110.29529
96,91,143.0,102.36136
96,92,142.0,111.18847
96,93,141.0,116.09706
96,94,140.0,108.46649
96,95,139.0,102.689514
96,96,138.0,93.014114
96,97,137.0,95.759995
97,30,186.0,123.53169
97,31,185.0,117.70816
97,32,184.0,120.34146
97,33,183.0,120.273705
97,34,182.0,118.86063
97,35,181.0,125.59836
97,36,180.0,127.14922
97,37,179.0,117.013756
97,38,178.0,120.28087
97,39,177.0,114.870766
97,40,176.0,116.998566
97,41,175.0,126.28378
97,42,174.0,124.35213
97,43,173.0,122.88344
97,44,172.0,121.619896
97,45,171.0,128.9489
97,46,170.0,127.998474
97,47,169.0,130.49617
97,48,168.0,129.51474
97,49,167.0,132.19983
97,50,166.0,129.23294
97,51,165.0,126.33165
97,52,164.0,117.033844
97,53,163.0,112.23152
97,54,162.0,114.39331
97,55,161.0,121.13366
97,56,160.0,125.46139
97,57,159.0,119.34593
97,58,158.0,127.07776
97,59,157.0,121.16445
97,60,156.0,117.02612
97,61,155.0,123.17407
97,62,154.0,120.62068
97,63,153.0,118.69398
97,64,152.0,119.99834
97,65,151.0,123.81991
97,66,150.0,119.37241
97,67,149.0,115.526924
97,68,148.0,117.3239
97,69,147.0,112.253006
97,70,146.0,115.59727
97,71,145.0,113.0526
97,72,144.0,114.99451
97,73,143.0,119.104004
97,74,142.0,123.21345
97,75,141.0,118.96836
97,76,140.0,120.63492
97,77,139.0,125.242615
97,78,138.0,126.53484
97,79,137.0,129.49864
97,80,136.0,128.66856
97,81,135.0,120.20686
97,82,134.0,117.096466
97,83,133.0,118.711205
97,84,132.0,115.96054
97,85,131.0,109.04854
97,86,130.0,103.25237
97,87,129.0,109.935455
97,88,128.0,101.85594
97,89,127.0,104.81358
97,90,126.0,111.35159
97,91,125.0,105.60689
97,92,124.0,101.13704
97,93,123.0,103.14792
97,94,122.0,100.271324
97,95,121.0,104.96544
97,96,120.0,108.72394
97,97,119.0,107.49173
97,98,118.0,99.7688
97,99,117.0,103.080475
97,100,116.0,101.2676
97,101,115.0,108.72473
97,102,114.0,111.36316
97,103,113.0,106.89291
97,104,112.0,102.20388
97,105,111.0,111.381836
97,106,110.0,115.356674
97,107,109.0,117.599396
97,108,108.0,118.51756
97,109,107.0,117.69297
97,110,106.0,120.274796
97,111,105.0,115.040985
97,112,104.0,120.43846
97,113,103.0,123.02871
97,114,102.0,119.03496
97,115,101.0,114.41206
97,116,100.0,117.978424
97,117,99.0,112.05788
97,118,98.0,115.3595
97,119,97.0,116.91515
97,120,96.0,114.81694
97,121,95.0,107.096466
97,122,94.0,101.70679
97,123,93.0,109.064255
97,124,92.0,109.159256
97,125,91.0,109.73863
97,126,90.0,105.92743
97,127,89.0,99.10077
97,128,88.0,98.11673
97,129,87.0,90.066284
97,130,86.0,91.81422
97,131,85.0,98.09635
97,132,84.0,93.146
97,133,83.0,89.34996
97,134,82.0,78.00473
98,30,150.0,130.16801
98,31,149.0,129.07198
98,32,148.0,124.842995
98,33,147.0,120.189896
98,34,146.0,126.347534
98,35,145.0,126.28676
98,36,144.0,129.44096
98,37,143.0,124.91005
98,38,142.0,117.31227
98,39,141.0,113.31776
98,40,140.0,102.60132
98,41,139.0,105.85686
98,42,138.0,102.88336
98,43,137.0,96.43462
98,44,136.0,111.20802
98,45,135.0,118.329315
98,46,134.0,115.57597
98,47,133.0,121.066154
98,48,132.0,114.8972
98,49,131.0,119.020775
98,50,130.0,116.68642
98,51,129.0,114.37245
98,52,128.0,98.1653
98,53,127.0,104.019745
98,54,126.0,107.5149
98,55,125.0,110.054695
98,56,124.0,107.99457
98,57,123.0,111.19245
98,58,122.0,109.727745
98,59,121.0,97.04988
98,60,120.0,102.378944
98,61,119.0,100.32327
98,62,118.0,97.634125
98,63,117.0,102.74208
98,64,116.0,99.11148
98,65,115.0,99.20442
98,66,114.0,110.56351
98,67,113.0,109.176346
98,68,112.0,106.33069
98,69,111.0,116.74963
98,70,110.0,125.110435
98,71,109.0,125.84752
98,72,108.0,126.531166
98,73,107.0,128.40038
98,74,106.0,131.1685
98,75,105.0,130.37076
98,76,104.0,130.78186
98,77,103.0,129.26201
98,78,102.0,128.20015
98,79,101.0,124.63582
98,80,100.0,124.4617
98,81,99.0,118.86003
98,82,98.0,117.011246
98,83,97.0,116.62423
98,84,96.0,121.12134
98,85,95.0,122.85282
98,86,94.0,123.04567
98,87,93.0,121.92534
98,88,92.0,114.79874
98,89,91.0,108.5059
98,90,90.0,108.41234
98,91,89.0,106.74744
98,92,88.0,118.558975
98,93,87.0,114.586105
98,94,86.0,112.78809
98,95,85.0,110.09542
98,96,84.0,111.250916
98,97,83.0,109.70092
98,98,82.0,114.315765
98,99,81.0,117.864044
98,100,80.0,119.82771
98,101,79.0,117.89215
98,102,78.0,120.198166
98,103,77.0,119.29321
98,104,76.0,116.43571
98,105,75.0,122.00337
98,106,74.0,123.81155
98,107,73.0,122.90673
98,108,72.0,121.5613
98,109,71.0,120.093346
98,110,70.0,120.19077
98,111,69.0,120.69147
98,112,68.0,118.495224
98,113,67.0,118.335266
98,114,66.0,121.74913
98,115,65.0,117.86053
98,116,64.0,111.426865
98,117,63.0,92.499664
98,118,62.0,81.41069
98,119,61.0,71.804474
98,120,60.0,76.655334
98,121,59.0,86.476814
99,30,184.0,132.90958
99,31,183.0,131.55264
99,32,182.0,131.32158
99,33,181.0,132.52339
99,34,180.0,132.77951
99,35,179.0,132.99257
99,36,178.0,134.17696
99,37,177.0,130.92374
99,38,176.0,131.93767
99,39,175.0,133.95459
99,40,174.0,134.06267
99,41,173.0,131.77803
99,42,172.0,132.1976
99,43,171.0,134.14462
99,44,170.0,129.76602
99,45,169.0,128.24417
99,46,168.0,128.61392
99,47,167.0,128.71687
99,48,166.0,130.67061
99,49,165.0,129.31448
99,50,164.0,128.3994
99,51,163.0,131.98325
99,52,162.0,135.98291
99,53,161.0,135.84604
99,54,160.0,135.7711
99,55,159.0,135.88985
99,56,158.0,136.19597
99,57,157.0,132.6006
99,58,156.0,130.15282
99,59,155.0,134.2984
99,60,154.0,131.26088
99,61,153.0,128.62672
99,62,152.0,132.97017
99,63,151.0,132.49042
99,64,150.0,133.98308
99,65,149.0,132.44293
99,66,148.0,130.41667
99,67,147.0,129.75458
99,68,146.0,132.62685
99,69,145.0,131.1563
99,70,144.0,131.0797
99,71,143.0,132.74364
99,72,142.0,132.06021
99,73,141.0,128.07245
99,74,140.0,128.42549
99,75,139.0,127.69272
99,76,138.0,128.06743
99,77,137.0,125.80916
99,78,136.0,128.68982
99,79,135.0,129.73036
99,80,134.0,124.45092
99,81,133.0,126.152405
99,82,132.0,119.88439
99,83,131.0,115.62179
99,84,130.0,126.54419
99,85,129.0,126.49841
99,86,128.0,128.51491
99,87,127.0,126.99788
99,88,126.0,128.20096
99,89,125.0,127.01659
99,90,124.0,128.30319
99,91,123.0,126.71881
99,92,122.0,125.684525
99,93,121.0,124.350426
99,94,120.0,125.49199
99,95,119.0,121.85102
99,96,118.0,122.11797
99,97,117.0,117.89139
100,30,188.0,123.45659
100,31,187.0,128.457
100,32,186.0,124.713905
100,33,185.0,121.62605
100,34,184.0,129.85725
100,35,183.0,129.17284
100,36,182.0,130.72722
100,37,181.0,121.70122
100,38,180.0,121.67377
100,39,179.0,127.95178
100,40,178.0,135.32487
100,41,177.0,135.34808
100,42,176.0,136.41693
100,43,175.0,133.31787
100,44,174.0,124.80228
100,45,173.0,120.73513
100,46,172.0,119.10447
100,47,171.0,118.74029
100,48,170.0,117.15236
100,49,169.0,116.31587
100,50,168.0,121.06056
100,51,167.0,117.72847
100,52,166.0,121.170074
100,53,165.0,113.333084
100,54,164.0,113.66173
100,55,163.0,120.56507
100,56,162.0,122.429596
100,57,161.0,121.81569
100,58,160.0,114.86685
100,59,159.0,111.539474
100,60,158.0,113.33532
100,61,157.0,108.72947
100,62,156.0,104.73747
100,63,155.0,104.95798
100,64,154.0,115.65588
100,65,153.0,116.98708
100,66,152.0,111.38756
100,67,151.0,120.105995
100,68,150.0,117.502975
100,69,149.0,112.88124
100,70,148.0,113.961655
100,71,147.0,108.51805
100,72,146.0,116.25551
100,73,145.0,112.70716
100,74,144.0,118.346306
100,75,143.0,119.20031
100,76,142.0,115.23968
100,77,141.0,104.88868
100,78,140.0,108.72496
100,79,139.0,100.3607
100,80,138.0,104.392654
100,81,137.0,114.6626
100,82,136.0,115.90364
100,83,135.0,118.63171
100,84,134.0,125.27507
100,85,133.0,131.27597
100,86,132.0,128.66866
100,87,131.0,127.240204
100,88,130.0,123.609634
100,89,129.0,123.111015
100,90,128.0,121.115234
100,91,127.0,120.33261
100,92,126.0,118.35169
100,93,125.0,113.42906
100,94,124.0,109.9809
100,95,123.0,106.035446
100,96,122.0,103.54514
100,97,121.0,105.077515
100,98,120.0,99.83566
100,99,119.0,106.54556
100,100,118.0,109.68652
100,101,117.0,115.242325
100,102,116.0,114.20313
100,103,115.0,116.7039
100,104,114.0,117.035576
100,105,113.0,113.20881
100,106,112.0,111.10063
100,107,111.0,105.65567
100,108,110.0,106.0417
100,109,109.0,97.379654
100,110,108.0,94.307945
100,111,107.0,100.40656
100,112,106.0,105.474754
100,113,105.0,99.41148
100,114,104.0,104.715164
100,115,103.0,106.08319
100,116,102.0,108.32647
100,117,101.0,111.81134
100,118,100.0,113.85017
100,119,99.0,111.117355
100,120,98.0,115.837616
100,121,97.0,117.179794
100,122,96.0,122.5578
100,123,95.0,123.37632
100,124,94.0,120.75237
100,125,93.0,112.549065
100,126,92.0,100.27875
100,127,91.0,103.91974
100,128,90.0,98.25157
100,129,89.0,103.899254
100,130,88.0,98.074875
100,131,87.0,93.576706
100,132,86.0,89.14264
100,133,85.0,88.967804
100,134,84.0,89.22793
100,135,83.0,93.47876
100,136,82.0,90.951996
100,137,81.0,97.71968
100,138,80.0,96.59306
100,139,79.0,96.59744
100,140,78.0,103.4675
100,141,77.0,100.64334
100,142,76.0,99.65652
100,143,75.0,93.90947
100,144,74.0,86.21684
100,145,73.0,84.70416
100,146,72.0,85.132614
100,147,71.0,82.22221
100,148,70.0,83.650536
100,149,69.0,83.37857
100,150,68.0,82.83995
100,151,67.0,74.64961
100,152,66.0,79.86055
100,153,65.0,79.00398
100,154,64.0,71.899605
100,155,63.0,64.6162
100,156,62.0,74.240654
100,157,61.0,73.27525
100,158,60.0,72.8366
100,159,59.0,75.79469
100,160,58.0,69.54074
100,161,57.0,61.35078
100,162,56.0,57.97042
100,163,55.0,56.360844
100,164,54.0,55.778767
100,165,53.0,53.54355
100,166,52.0,55.066574
100,167,51.0,51.94732
100,168,50.0,53.6457
100,169,49.0,55.75212
100,170,48.0,53.02951
100,171,47.0,56.36102
100,172,46.0,53.398518
100,173,45.0,51.89112
100,174,44.0,50.612576
100,175,43.0,48.801537
100,176,42.0,45.0017
100,177,41.0,44.439346
100,178,40.0,43.016663
100,179,39.0,42.338356
100,180,38.0,40.986145
100,181,37.0,40.08503
100,182,36.0,38.46215
100,183,35.0,37.146973
100,184,34.0,34.757652
100,185,33.0,33.74261
100,186,32.0,32.16709
100,187,31.0,30.971802
100,188,30.0,29.669973
100,189,29.0,28.37752
100,190,28.0,27.363335
100,191,27.0,26.506157
100,192,26.0,25.632736
100,193,25.0,24.940155
100,194,24.0,24.010489
100,195,23.0,23.210918
100,196,22.0,22.548143
100,197,21.0,21.870535
100,198,20.0,20.961777
